Date,Temp
8/20/2015 14:00,28.555
8/20/2015 15:00,31.778
8/20/2015 16:00,32.188
8/20/2015 17:00,31.064
8/20/2015 18:00,27.665
8/20/2015 19:00,23.966
8/20/2015 20:00,22.333
8/20/2015 21:00,21.855
8/20/2015 22:00,21.855
8/20/2015 23:00,21.76
8/21/2015 0:00,22.046
8/21/2015 1:00,22.046
8/21/2015 2:00,22.142
8/21/2015 3:00,21.951
8/21/2015 4:00,22.142
8/21/2015 5:00,22.046
8/21/2015 6:00,22.525
8/21/2015 7:00,29.752
8/21/2015 8:00,33.639
8/21/2015 9:00,29.853
8/21/2015 10:00,32.704
8/21/2015 11:00,29.552
8/21/2015 12:00,30.558
8/21/2015 13:00,29.452
8/21/2015 14:00,30.963
8/21/2015 15:00,32.086
8/21/2015 16:00,33.014
8/21/2015 17:00,32.188
8/21/2015 18:00,26.585
8/21/2015 19:00,24.835
8/21/2015 20:00,23.773
8/21/2015 21:00,23.484
8/21/2015 22:00,23.1
8/21/2015 23:00,22.908
8/22/2015 0:00,22.429
8/22/2015 1:00,22.429
8/22/2015 2:00,22.333
8/22/2015 3:00,22.429
8/22/2015 4:00,22.429
8/22/2015 5:00,22.429
8/22/2015 6:00,22.333
8/22/2015 7:00,23.196
8/22/2015 8:00,24.448
8/22/2015 9:00,27.567
8/22/2015 10:00,30.862
8/22/2015 11:00,33.535
8/22/2015 12:00,24.255
8/22/2015 13:00,24.738
8/22/2015 14:00,26.683
8/22/2015 15:00,25.805
8/22/2015 16:00,28.159
8/22/2015 17:00,26.683
8/22/2015 18:00,23.484
8/22/2015 19:00,22.717
8/22/2015 20:00,22.333
8/22/2015 21:00,21.664
8/22/2015 22:00,21.76
8/22/2015 23:00,21.855
8/23/2015 0:00,21.855
8/23/2015 1:00,21.664
8/23/2015 2:00,21.664
8/23/2015 3:00,21.855
8/23/2015 4:00,21.569
8/23/2015 5:00,20.996
8/23/2015 6:00,21.282
8/23/2015 7:00,21.569
8/23/2015 8:00,22.908
8/23/2015 9:00,25.222
8/23/2015 10:00,27.665
8/23/2015 11:00,26.195
8/23/2015 12:00,28.555
8/23/2015 13:00,29.252
8/23/2015 14:00,27.764
8/23/2015 15:00,28.357
8/23/2015 16:00,25.513
8/23/2015 17:00,26.195
8/23/2015 18:00,23.773
8/23/2015 19:00,22.717
8/23/2015 20:00,21.855
8/23/2015 21:00,21.473
8/23/2015 22:00,21.282
8/23/2015 23:00,21.091
8/24/2015 0:00,21.091
8/24/2015 1:00,20.996
8/24/2015 2:00,20.996
8/24/2015 3:00,21.091
8/24/2015 4:00,20.996
8/24/2015 5:00,20.805
8/24/2015 6:00,21.091
8/24/2015 7:00,22.238
8/24/2015 8:00,23.1
8/24/2015 9:00,23.388
8/24/2015 10:00,28.953
8/24/2015 11:00,31.778
8/24/2015 12:00,29.252
8/24/2015 13:00,30.457
8/24/2015 14:00,33.953
8/24/2015 15:00,32.6
8/24/2015 16:00,34.163
8/24/2015 17:00,26.585
8/24/2015 18:00,24.062
8/24/2015 19:00,21.473
8/24/2015 20:00,20.234
8/24/2015 21:00,20.519
8/24/2015 22:00,19.377
8/24/2015 23:00,18.901
8/25/2015 0:00,19.567
8/25/2015 1:00,20.138
8/25/2015 2:00,20.424
8/25/2015 3:00,20.901
8/25/2015 4:00,20.805
8/25/2015 5:00,20.615
8/25/2015 6:00,21.187
8/25/2015 7:00,21.951
8/25/2015 8:00,23.484
8/25/2015 9:00,24.448
8/25/2015 10:00,34.691
8/25/2015 11:00,32.807
8/25/2015 12:00,31.064
8/25/2015 13:00,31.983
8/25/2015 14:00,32.704
8/25/2015 15:00,33.118
8/25/2015 16:00,33.535
8/25/2015 17:00,29.752
8/25/2015 18:00,26.488
8/25/2015 19:00,23.484
8/25/2015 20:00,22.142
8/25/2015 21:00,21.855
8/25/2015 22:00,21.951
8/25/2015 23:00,21.664
8/26/2015 0:00,21.473
8/26/2015 1:00,22.333
8/26/2015 2:00,21.951
8/26/2015 3:00,22.717
8/26/2015 4:00,22.429
8/26/2015 5:00,21.951
8/26/2015 6:00,22.238
8/26/2015 7:00,22.333
8/26/2015 8:00,24.351
8/26/2015 9:00,33.743
8/26/2015 10:00,28.456
8/26/2015 11:00,29.652
8/26/2015 12:00,34.163
8/26/2015 13:00,33.953
8/26/2015 14:00,32.807
8/26/2015 15:00,33.953
8/26/2015 16:00,35.115
8/26/2015 17:00,34.163
8/26/2015 18:00,25.513
8/26/2015 19:00,20.996
8/26/2015 20:00,19.187
8/26/2015 21:00,18.996
8/26/2015 22:00,19.187
8/26/2015 23:00,19.282
8/27/2015 0:00,18.901
8/27/2015 1:00,18.996
8/27/2015 2:00,20.519
8/27/2015 3:00,20.805
8/27/2015 4:00,20.043
8/27/2015 5:00,18.521
8/27/2015 6:00,18.14
8/27/2015 7:00,28.555
8/27/2015 8:00,33.535
8/27/2015 9:00,35.115
8/27/2015 10:00,34.903
8/27/2015 11:00,28.159
8/27/2015 12:00,31.166
8/27/2015 13:00,33.743
8/27/2015 14:00,33.118
8/27/2015 15:00,32.911
8/27/2015 16:00,32.807
8/27/2015 17:00,29.853
8/27/2015 18:00,24.545
8/27/2015 19:00,21.473
8/27/2015 20:00,19.567
8/27/2015 21:00,19.187
8/27/2015 22:00,18.806
8/27/2015 23:00,18.426
8/28/2015 0:00,17.665
8/28/2015 1:00,19.948
8/28/2015 2:00,20.138
8/28/2015 3:00,19.662
8/28/2015 4:00,19.472
8/28/2015 5:00,18.996
8/28/2015 6:00,18.806
8/28/2015 7:00,27.961
8/28/2015 8:00,32.6
8/28/2015 9:00,34.796
8/28/2015 10:00,36.187
8/28/2015 11:00,31.472
8/28/2015 12:00,30.659
8/28/2015 13:00,30.963
8/28/2015 14:00,30.862
8/28/2015 15:00,34.691
8/28/2015 16:00,35.435
8/28/2015 17:00,35.435
8/28/2015 18:00,24.255
8/28/2015 19:00,19.472
8/28/2015 20:00,14.421
8/28/2015 21:00,13.461
8/28/2015 22:00,12.304
8/28/2015 23:00,13.558
8/29/2015 0:00,14.804
8/29/2015 1:00,15.569
8/29/2015 2:00,15.76
8/29/2015 3:00,15.76
8/29/2015 4:00,16.523
8/29/2015 5:00,16.999
8/29/2015 6:00,17.094
8/29/2015 7:00,26.195
8/29/2015 8:00,35.435
8/29/2015 9:00,39.163
8/29/2015 10:00,39.615
8/29/2015 11:00,34.903
8/29/2015 12:00,33.953
8/29/2015 13:00,34.163
8/29/2015 14:00,32.807
8/29/2015 15:00,33.953
8/29/2015 16:00,33.535
8/29/2015 17:00,27.468
8/29/2015 18:00,23.773
8/29/2015 19:00,21.187
8/29/2015 20:00,18.806
8/29/2015 21:00,18.616
8/29/2015 22:00,18.426
8/29/2015 23:00,18.236
8/30/2015 0:00,17.855
8/30/2015 1:00,17.284
8/30/2015 2:00,17.284
8/30/2015 3:00,17.57
8/30/2015 4:00,17.57
8/30/2015 5:00,17.284
8/30/2015 6:00,17.665
8/30/2015 7:00,23.292
8/30/2015 8:00,33.639
8/30/2015 9:00,37.494
8/30/2015 10:00,38.826
8/30/2015 11:00,34.903
8/30/2015 12:00,33.953
8/30/2015 13:00,34.268
8/30/2015 14:00,34.374
8/30/2015 15:00,34.374
8/30/2015 16:00,33.43
8/30/2015 17:00,29.252
8/30/2015 18:00,25.028
8/30/2015 19:00,22.429
8/30/2015 20:00,21.282
8/30/2015 21:00,21.091
8/30/2015 22:00,20.996
8/30/2015 23:00,21.091
8/31/2015 0:00,21.664
8/31/2015 1:00,21.951
8/31/2015 2:00,21.76
8/31/2015 3:00,21.569
8/31/2015 4:00,21.187
8/31/2015 5:00,21.187
8/31/2015 6:00,21.187
8/31/2015 7:00,23.004
8/31/2015 8:00,25.708
8/31/2015 9:00,31.064
8/31/2015 10:00,36.728
8/31/2015 11:00,30.659
8/31/2015 12:00,34.903
8/31/2015 13:00,32.911
8/31/2015 14:00,33.43
8/31/2015 15:00,35.756
8/31/2015 16:00,33.014
8/31/2015 17:00,28.754
8/31/2015 18:00,25.805
8/31/2015 19:00,22.812
8/31/2015 20:00,21.569
8/31/2015 21:00,21.569
8/31/2015 22:00,21.378
8/31/2015 23:00,21.091
9/1/2015 0:00,20.901
9/1/2015 1:00,20.71
9/1/2015 2:00,20.519
9/1/2015 3:00,20.805
9/1/2015 4:00,21.76
9/1/2015 5:00,21.569
9/1/2015 6:00,21.569
9/1/2015 7:00,26
9/1/2015 8:00,31.472
9/1/2015 9:00,34.903
9/1/2015 10:00,35.435
9/1/2015 11:00,31.472
9/1/2015 12:00,30.76
9/1/2015 13:00,30.963
9/1/2015 14:00,30.558
9/1/2015 15:00,31.166
9/1/2015 16:00,30.862
9/1/2015 17:00,31.37
9/1/2015 18:00,24.448
9/1/2015 19:00,20.805
9/1/2015 20:00,17.855
9/1/2015 21:00,16.808
9/1/2015 22:00,15.282
9/1/2015 23:00,14.613
9/2/2015 0:00,15.951
9/2/2015 1:00,15.282
9/2/2015 2:00,15.664
9/2/2015 3:00,15.664
9/2/2015 4:00,15.569
9/2/2015 5:00,15.378
9/2/2015 6:00,16.332
9/2/2015 7:00,21.378
9/2/2015 8:00,29.953
9/2/2015 9:00,34.163
9/2/2015 10:00,36.511
9/2/2015 11:00,34.479
9/2/2015 12:00,34.163
9/2/2015 13:00,34.479
9/2/2015 14:00,33.743
9/2/2015 15:00,34.374
9/2/2015 16:00,34.796
9/2/2015 17:00,31.574
9/2/2015 18:00,24.931
9/2/2015 19:00,21.378
9/2/2015 20:00,20.329
9/2/2015 21:00,20.234
9/2/2015 22:00,20.234
9/2/2015 23:00,20.329
9/3/2015 0:00,20.329
9/3/2015 1:00,20.519
9/3/2015 2:00,20.234
9/3/2015 3:00,20.043
9/3/2015 4:00,20.424
9/3/2015 5:00,20.329
9/3/2015 6:00,20.615
9/3/2015 7:00,24.738
9/3/2015 8:00,33.326
9/3/2015 9:00,37.935
9/3/2015 10:00,38.379
9/3/2015 11:00,37.494
9/3/2015 12:00,35.435
9/3/2015 13:00,36.295
9/3/2015 14:00,35.756
9/3/2015 15:00,36.837
9/3/2015 16:00,36.62
9/3/2015 17:00,33.222
9/3/2015 18:00,25.902
9/3/2015 19:00,22.908
9/3/2015 20:00,21.378
9/3/2015 21:00,21.091
9/3/2015 22:00,20.615
9/3/2015 23:00,20.519
9/4/2015 0:00,19.377
9/4/2015 1:00,20.043
9/4/2015 2:00,19.853
9/4/2015 3:00,21.76
9/4/2015 4:00,21.855
9/4/2015 5:00,21.091
9/4/2015 6:00,20.519
9/4/2015 7:00,21.187
9/4/2015 8:00,21.951
9/4/2015 9:00,31.676
9/4/2015 10:00,31.778
9/4/2015 11:00,29.752
9/4/2015 12:00,28.754
9/4/2015 13:00,27.173
9/4/2015 14:00,27.075
9/4/2015 15:00,26.879
9/4/2015 16:00,25.222
9/4/2015 17:00,23.292
9/4/2015 18:00,21.091
9/4/2015 19:00,19.472
9/4/2015 20:00,18.996
9/4/2015 21:00,18.616
9/4/2015 22:00,17.95
9/4/2015 23:00,17.57
9/5/2015 0:00,17.284
9/5/2015 1:00,16.903
9/5/2015 2:00,16.713
9/5/2015 3:00,16.618
9/5/2015 4:00,16.523
9/5/2015 5:00,16.618
9/5/2015 6:00,17.189
9/5/2015 7:00,24.448
9/5/2015 8:00,29.352
9/5/2015 9:00,31.268
9/5/2015 10:00,31.574
9/5/2015 11:00,27.764
9/5/2015 12:00,27.272
9/5/2015 13:00,27.272
9/5/2015 14:00,27.468
9/5/2015 15:00,28.258
9/5/2015 16:00,28.06
9/5/2015 17:00,26.195
9/5/2015 18:00,20.615
9/5/2015 19:00,16.999
9/5/2015 20:00,14.134
9/5/2015 21:00,11.528
9/5/2015 22:00,10.063
9/5/2015 23:00,8.382
9/6/2015 0:00,8.879
9/6/2015 1:00,7.381
9/6/2015 2:00,5.347
9/6/2015 3:00,5.655
9/6/2015 4:00,4.727
9/6/2015 5:00,4.934
9/6/2015 6:00,4.727
9/6/2015 7:00,17.855
9/6/2015 8:00,33.953
9/6/2015 9:00,38.826
9/6/2015 10:00,36.403
9/6/2015 11:00,30.659
9/6/2015 12:00,30.255
9/6/2015 13:00,29.652
9/6/2015 14:00,28.655
9/6/2015 15:00,28.754
9/6/2015 16:00,30.659
9/6/2015 17:00,29.552
9/6/2015 18:00,20.901
9/6/2015 19:00,17.284
9/6/2015 20:00,15.091
9/6/2015 21:00,15.091
9/6/2015 22:00,15.378
9/6/2015 23:00,16.427
9/7/2015 0:00,16.999
9/7/2015 1:00,16.141
9/7/2015 2:00,16.046
9/7/2015 3:00,17.475
9/7/2015 4:00,16.618
9/7/2015 5:00,16.523
9/7/2015 6:00,16.999
9/7/2015 7:00,24.738
9/7/2015 8:00,33.43
9/7/2015 9:00,37.604
9/7/2015 10:00,37.935
9/7/2015 11:00,34.374
9/7/2015 12:00,33.743
9/7/2015 13:00,33.222
9/7/2015 14:00,31.472
9/7/2015 15:00,33.848
9/7/2015 16:00,33.535
9/7/2015 17:00,30.457
9/7/2015 18:00,23.677
9/7/2015 19:00,21.473
9/7/2015 20:00,20.901
9/7/2015 21:00,20.805
9/7/2015 22:00,20.996
9/7/2015 23:00,20.71
9/8/2015 0:00,20.615
9/8/2015 1:00,20.615
9/8/2015 2:00,20.519
9/8/2015 3:00,20.71
9/8/2015 4:00,20.71
9/8/2015 5:00,20.71
9/8/2015 6:00,20.805
9/8/2015 7:00,25.513
9/8/2015 8:00,33.014
9/8/2015 9:00,37.384
9/8/2015 10:00,38.714
9/8/2015 11:00,35.222
9/8/2015 12:00,34.374
9/8/2015 13:00,35.222
9/8/2015 14:00,33.848
9/8/2015 15:00,34.374
9/8/2015 16:00,33.743
9/8/2015 17:00,29.853
9/8/2015 18:00,25.319
9/8/2015 19:00,23.004
9/8/2015 20:00,22.142
9/8/2015 21:00,21.855
9/8/2015 22:00,21.664
9/8/2015 23:00,21.378
9/9/2015 0:00,21.187
9/9/2015 1:00,20.71
9/9/2015 2:00,20.71
9/9/2015 3:00,21.091
9/9/2015 4:00,20.996
9/9/2015 5:00,21.187
9/9/2015 6:00,22.046
9/9/2015 7:00,22.717
9/9/2015 8:00,29.652
9/9/2015 9:00,37.714
9/9/2015 10:00,39.163
9/9/2015 11:00,36.079
9/9/2015 12:00,34.479
9/9/2015 13:00,35.009
9/9/2015 14:00,34.163
9/9/2015 15:00,34.691
9/9/2015 16:00,33.848
9/9/2015 17:00,31.574
9/9/2015 18:00,25.416
9/9/2015 19:00,23.196
9/9/2015 20:00,22.908
9/9/2015 21:00,22.717
9/9/2015 22:00,22.812
9/9/2015 23:00,22.812
9/10/2015 0:00,22.525
9/10/2015 1:00,22.333
9/10/2015 2:00,21.951
9/10/2015 3:00,21.569
9/10/2015 4:00,22.525
9/10/2015 5:00,22.429
9/10/2015 6:00,22.525
9/10/2015 7:00,22.717
9/10/2015 8:00,25.805
9/10/2015 9:00,25.805
9/10/2015 10:00,27.764
9/10/2015 11:00,34.163
9/10/2015 12:00,34.479
9/10/2015 13:00,28.853
9/10/2015 14:00,27.37
9/10/2015 15:00,28.853
9/10/2015 16:00,25.513
9/10/2015 17:00,24.351
9/10/2015 18:00,22.429
9/10/2015 19:00,22.717
9/10/2015 20:00,22.621
9/10/2015 21:00,22.142
9/10/2015 22:00,22.238
9/10/2015 23:00,21.951
9/11/2015 0:00,21.76
9/11/2015 1:00,22.142
9/11/2015 2:00,21.855
9/11/2015 3:00,21.569
9/11/2015 4:00,21.569
9/11/2015 5:00,21.378
9/11/2015 6:00,21.569
9/11/2015 7:00,21.473
9/11/2015 8:00,22.046
9/11/2015 9:00,22.238
9/11/2015 10:00,20.424
9/11/2015 11:00,22.142
9/11/2015 12:00,22.621
9/11/2015 13:00,21.664
9/11/2015 14:00,20.996
9/11/2015 15:00,20.138
9/11/2015 16:00,19.472
9/11/2015 17:00,19.758
9/11/2015 18:00,19.282
9/11/2015 19:00,18.331
9/11/2015 20:00,18.426
9/11/2015 21:00,18.426
9/11/2015 22:00,18.331
9/11/2015 23:00,18.14
9/12/2015 0:00,17.665
9/12/2015 1:00,17.284
9/12/2015 2:00,17.094
9/12/2015 3:00,16.713
9/12/2015 4:00,16.523
9/12/2015 5:00,15.951
9/12/2015 6:00,16.237
9/12/2015 7:00,24.255
9/12/2015 8:00,30.862
9/12/2015 9:00,33.535
9/12/2015 10:00,33.953
9/12/2015 11:00,29.652
9/12/2015 12:00,28.159
9/12/2015 13:00,28.754
9/12/2015 14:00,24.931
9/12/2015 15:00,27.862
9/12/2015 16:00,28.06
9/12/2015 17:00,21.951
9/12/2015 18:00,19.092
9/12/2015 19:00,17.76
9/12/2015 20:00,17.475
9/12/2015 21:00,17.665
9/12/2015 22:00,17.95
9/12/2015 23:00,17.76
9/13/2015 0:00,17.379
9/13/2015 1:00,16.713
9/13/2015 2:00,16.141
9/13/2015 3:00,15.569
9/13/2015 4:00,15.951
9/13/2015 5:00,16.999
9/13/2015 6:00,17.094
9/13/2015 7:00,17.665
9/13/2015 8:00,19.187
9/13/2015 9:00,24.255
9/13/2015 10:00,22.525
9/13/2015 11:00,26.39
9/13/2015 12:00,29.352
9/13/2015 13:00,26.585
9/13/2015 14:00,27.567
9/13/2015 15:00,26.39
9/13/2015 16:00,24.062
9/13/2015 17:00,23.292
9/13/2015 18:00,21.091
9/13/2015 19:00,21.282
9/13/2015 20:00,20.996
9/13/2015 21:00,20.519
9/13/2015 22:00,20.043
9/13/2015 23:00,19.758
9/14/2015 0:00,18.901
9/14/2015 1:00,18.426
9/14/2015 2:00,17.094
9/14/2015 3:00,16.808
9/14/2015 4:00,16.332
9/14/2015 5:00,15.187
9/14/2015 6:00,14.804
9/14/2015 7:00,19.948
9/14/2015 8:00,26.781
9/14/2015 9:00,29.853
9/14/2015 10:00,31.574
9/14/2015 11:00,25.319
9/14/2015 12:00,22.142
9/14/2015 13:00,26.195
9/14/2015 14:00,26.781
9/14/2015 15:00,28.258
9/14/2015 16:00,28.853
9/14/2015 17:00,24.448
9/14/2015 18:00,19.472
9/14/2015 19:00,18.331
9/14/2015 20:00,17.284
9/14/2015 21:00,17.95
9/14/2015 22:00,17.094
9/14/2015 23:00,17.189
9/15/2015 0:00,16.903
9/15/2015 1:00,17.284
9/15/2015 2:00,16.713
9/15/2015 3:00,17.189
9/15/2015 4:00,16.427
9/15/2015 5:00,17.379
9/15/2015 6:00,17.379
9/15/2015 7:00,23.773
9/15/2015 8:00,29.853
9/15/2015 9:00,32.394
9/15/2015 10:00,33.848
9/15/2015 11:00,29.552
9/15/2015 12:00,28.258
9/15/2015 13:00,29.552
9/15/2015 14:00,31.064
9/15/2015 15:00,32.704
9/15/2015 16:00,32.497
9/15/2015 17:00,26.879
9/15/2015 18:00,20.901
9/15/2015 19:00,18.806
9/15/2015 20:00,18.711
9/15/2015 21:00,18.521
9/15/2015 22:00,18.711
9/15/2015 23:00,18.14
9/16/2015 0:00,18.045
9/16/2015 1:00,16.999
9/16/2015 2:00,16.999
9/16/2015 3:00,17.95
9/16/2015 4:00,18.331
9/16/2015 5:00,17.95
9/16/2015 6:00,18.806
9/16/2015 7:00,24.545
9/16/2015 8:00,30.659
9/16/2015 9:00,35.222
9/16/2015 10:00,37.824
9/16/2015 11:00,29.853
9/16/2015 12:00,29.552
9/16/2015 13:00,29.953
9/16/2015 14:00,29.152
9/16/2015 15:00,30.356
9/16/2015 16:00,32.911
9/16/2015 17:00,28.853
9/16/2015 18:00,22.812
9/16/2015 19:00,18.14
9/16/2015 20:00,16.713
9/16/2015 21:00,15.951
9/16/2015 22:00,15.187
9/16/2015 23:00,13.75
9/17/2015 0:00,15.187
9/17/2015 1:00,15.187
9/17/2015 2:00,17.189
9/17/2015 3:00,15.378
9/17/2015 4:00,14.613
9/17/2015 5:00,15.473
9/17/2015 6:00,16.427
9/17/2015 7:00,23.004
9/17/2015 8:00,32.6
9/17/2015 9:00,37.165
9/17/2015 10:00,37.384
9/17/2015 11:00,32.704
9/17/2015 12:00,31.574
9/17/2015 13:00,32.497
9/17/2015 14:00,29.552
9/17/2015 15:00,31.472
9/17/2015 16:00,31.37
9/17/2015 17:00,24.738
9/17/2015 18:00,21.855
9/17/2015 19:00,19.472
9/17/2015 20:00,19.092
9/17/2015 21:00,18.711
9/17/2015 22:00,18.521
9/17/2015 23:00,18.236
9/18/2015 0:00,18.331
9/18/2015 1:00,18.521
9/18/2015 2:00,18.426
9/18/2015 3:00,18.711
9/18/2015 4:00,17.855
9/18/2015 5:00,17.665
9/18/2015 6:00,17.95
9/18/2015 7:00,18.711
9/18/2015 8:00,31.472
9/18/2015 9:00,36.511
9/18/2015 10:00,37.935
9/18/2015 11:00,33.639
9/18/2015 12:00,31.983
9/18/2015 13:00,32.6
9/18/2015 14:00,32.394
9/18/2015 15:00,33.535
9/18/2015 16:00,31.676
9/18/2015 17:00,26.292
9/18/2015 18:00,21.951
9/18/2015 19:00,19.662
9/18/2015 20:00,17.855
9/18/2015 21:00,17.95
9/18/2015 22:00,18.426
9/18/2015 23:00,16.713
9/19/2015 0:00,18.236
9/19/2015 1:00,18.14
9/19/2015 2:00,17.665
9/19/2015 3:00,16.808
9/19/2015 4:00,15.855
9/19/2015 5:00,17.855
9/19/2015 6:00,18.806
9/19/2015 7:00,20.234
9/19/2015 8:00,33.639
9/19/2015 9:00,36.837
9/19/2015 10:00,36.837
9/19/2015 11:00,30.76
9/19/2015 12:00,29.552
9/19/2015 13:00,29.053
9/19/2015 14:00,28.754
9/19/2015 15:00,29.853
9/19/2015 16:00,28.953
9/19/2015 17:00,25.61
9/19/2015 18:00,22.717
9/19/2015 19:00,21.091
9/19/2015 20:00,20.805
9/19/2015 21:00,20.329
9/19/2015 22:00,19.662
9/19/2015 23:00,19.092
9/20/2015 0:00,20.138
9/20/2015 1:00,20.043
9/20/2015 2:00,18.901
9/20/2015 3:00,19.282
9/20/2015 4:00,19.472
9/20/2015 5:00,20.234
9/20/2015 6:00,20.043
9/20/2015 7:00,21.664
9/20/2015 8:00,26.683
9/20/2015 9:00,29.352
9/20/2015 10:00,32.911
9/20/2015 11:00,34.903
9/20/2015 12:00,34.691
9/20/2015 13:00,28.159
9/20/2015 14:00,26.097
9/20/2015 15:00,23.196
9/20/2015 16:00,21.855
9/20/2015 17:00,21.091
9/20/2015 18:00,19.662
9/20/2015 19:00,18.426
9/20/2015 20:00,18.045
9/20/2015 21:00,17.665
9/20/2015 22:00,17.57
9/20/2015 23:00,17.57
9/21/2015 0:00,17.284
9/21/2015 1:00,17.094
9/21/2015 2:00,16.618
9/21/2015 3:00,16.618
9/21/2015 4:00,16.523
9/21/2015 5:00,16.523
9/21/2015 6:00,16.237
9/21/2015 7:00,19.092
9/21/2015 8:00,25.61
9/21/2015 9:00,27.961
9/21/2015 10:00,23.677
9/21/2015 11:00,21.091
9/21/2015 12:00,21.378
9/21/2015 13:00,22.333
9/21/2015 14:00,20.901
9/21/2015 15:00,21.187
9/21/2015 16:00,23.004
9/21/2015 17:00,17.57
9/21/2015 18:00,17.284
9/21/2015 19:00,15.664
9/21/2015 20:00,15.855
9/21/2015 21:00,15.855
9/21/2015 22:00,15.951
9/21/2015 23:00,15.951
9/22/2015 0:00,15.664
9/22/2015 1:00,16.141
9/22/2015 2:00,16.046
9/22/2015 3:00,15.76
9/22/2015 4:00,15.473
9/22/2015 5:00,15.855
9/22/2015 6:00,16.427
9/22/2015 7:00,16.903
9/22/2015 8:00,17.57
9/22/2015 9:00,18.521
9/22/2015 10:00,19.948
9/22/2015 11:00,21.569
9/22/2015 12:00,22.142
9/22/2015 13:00,21.569
9/22/2015 14:00,22.333
9/22/2015 15:00,22.429
9/22/2015 16:00,19.948
9/22/2015 17:00,18.426
9/22/2015 18:00,17.094
9/22/2015 19:00,16.427
9/22/2015 20:00,16.141
9/22/2015 21:00,15.473
9/22/2015 22:00,15.378
9/22/2015 23:00,15.473
9/23/2015 0:00,15.569
9/23/2015 1:00,15.091
9/23/2015 2:00,15.282
9/23/2015 3:00,15.187
9/23/2015 4:00,15.187
9/23/2015 5:00,15.378
9/23/2015 6:00,15.187
9/23/2015 7:00,16.903
9/23/2015 8:00,23.677
9/23/2015 9:00,24.641
9/23/2015 10:00,29.452
9/23/2015 11:00,23.773
9/23/2015 12:00,22.333
9/23/2015 13:00,24.931
9/23/2015 14:00,23.388
9/23/2015 15:00,24.545
9/23/2015 16:00,24.255
9/23/2015 17:00,19.662
9/23/2015 18:00,16.427
9/23/2015 19:00,14.517
9/23/2015 20:00,14.325
9/23/2015 21:00,14.038
9/23/2015 22:00,13.942
9/23/2015 23:00,13.654
9/24/2015 0:00,13.173
9/24/2015 1:00,12.497
9/24/2015 2:00,12.304
9/24/2015 3:00,12.883
9/24/2015 4:00,14.038
9/24/2015 5:00,14.709
9/24/2015 6:00,14.996
9/24/2015 7:00,20.901
9/24/2015 8:00,29.053
9/24/2015 9:00,31.574
9/24/2015 10:00,30.963
9/24/2015 11:00,26.585
9/24/2015 12:00,25.125
9/24/2015 13:00,24.545
9/24/2015 14:00,24.158
9/24/2015 15:00,24.835
9/24/2015 16:00,24.545
9/24/2015 17:00,20.043
9/24/2015 18:00,17.855
9/24/2015 19:00,16.713
9/24/2015 20:00,16.618
9/24/2015 21:00,16.618
9/24/2015 22:00,16.618
9/24/2015 23:00,16.523
9/25/2015 0:00,15.855
9/25/2015 1:00,15.951
9/25/2015 2:00,15.76
9/25/2015 3:00,15.664
9/25/2015 4:00,15.664
9/25/2015 5:00,15.855
9/25/2015 6:00,16.046
9/25/2015 7:00,20.138
9/25/2015 8:00,26.097
9/25/2015 9:00,26.781
9/25/2015 10:00,27.961
9/25/2015 11:00,24.255
9/25/2015 12:00,23.388
9/25/2015 13:00,22.046
9/25/2015 14:00,22.717
9/25/2015 15:00,22.812
9/25/2015 16:00,20.329
9/25/2015 17:00,18.331
9/25/2015 18:00,16.046
9/25/2015 19:00,14.996
9/25/2015 20:00,14.9
9/25/2015 21:00,14.9
9/25/2015 22:00,14.9
9/25/2015 23:00,14.804
9/26/2015 0:00,14.421
9/26/2015 1:00,14.517
9/26/2015 2:00,14.421
9/26/2015 3:00,14.23
9/26/2015 4:00,13.942
9/26/2015 5:00,14.325
9/26/2015 6:00,14.421
9/26/2015 7:00,15.187
9/26/2015 8:00,21.473
9/26/2015 9:00,24.835
9/26/2015 10:00,26.488
9/26/2015 11:00,22.621
9/26/2015 12:00,21.76
9/26/2015 13:00,21.569
9/26/2015 14:00,21.187
9/26/2015 15:00,19.567
9/26/2015 16:00,19.758
9/26/2015 17:00,16.141
9/26/2015 18:00,14.709
9/26/2015 19:00,13.75
9/26/2015 20:00,13.75
9/26/2015 21:00,13.076
9/26/2015 22:00,10.944
9/26/2015 23:00,10.161
9/27/2015 0:00,8.978
9/27/2015 1:00,9.669
9/27/2015 2:00,9.669
9/27/2015 3:00,9.176
9/27/2015 4:00,10.944
9/27/2015 5:00,11.431
9/27/2015 6:00,11.528
9/27/2015 7:00,16.141
9/27/2015 8:00,24.545
9/27/2015 9:00,27.764
9/27/2015 10:00,27.665
9/27/2015 11:00,23.773
9/27/2015 12:00,23.484
9/27/2015 13:00,22.908
9/27/2015 14:00,23.196
9/27/2015 15:00,25.902
9/27/2015 16:00,26.39
9/27/2015 17:00,21.664
9/27/2015 18:00,17.76
9/27/2015 19:00,12.69
9/27/2015 20:00,10.748
9/27/2015 21:00,9.866
9/27/2015 22:00,11.236
9/27/2015 23:00,10.846
9/28/2015 0:00,9.965
9/28/2015 1:00,9.768
9/28/2015 2:00,11.236
9/28/2015 3:00,10.553
9/28/2015 4:00,13.846
9/28/2015 5:00,15.951
9/28/2015 6:00,15.664
9/28/2015 7:00,19.092
9/28/2015 8:00,25.61
9/28/2015 9:00,23.966
9/28/2015 10:00,31.88
9/28/2015 11:00,28.159
9/28/2015 12:00,27.567
9/28/2015 13:00,27.468
9/28/2015 14:00,27.567
9/28/2015 15:00,28.159
9/28/2015 16:00,26.585
9/28/2015 17:00,23.484
9/28/2015 18:00,21.378
9/28/2015 19:00,19.377
9/28/2015 20:00,20.329
9/28/2015 21:00,20.519
9/28/2015 22:00,19.662
9/28/2015 23:00,19.853
9/29/2015 0:00,19.377
9/29/2015 1:00,18.806
9/29/2015 2:00,18.806
9/29/2015 3:00,18.616
9/29/2015 4:00,18.806
9/29/2015 5:00,18.996
9/29/2015 6:00,19.853
9/29/2015 7:00,21.282
9/29/2015 8:00,27.665
9/29/2015 9:00,27.665
9/29/2015 10:00,25.902
9/29/2015 11:00,24.835
9/29/2015 12:00,24.448
9/29/2015 13:00,26.488
9/29/2015 14:00,26.488
9/29/2015 15:00,28.159
9/29/2015 16:00,27.961
9/29/2015 17:00,24.931
9/29/2015 18:00,21.76
9/29/2015 19:00,20.519
9/29/2015 20:00,20.805
9/29/2015 21:00,20.805
9/29/2015 22:00,20.424
9/29/2015 23:00,20.805
9/30/2015 0:00,20.996
9/30/2015 1:00,20.901
9/30/2015 2:00,21.187
9/30/2015 3:00,21.091
9/30/2015 4:00,21.378
9/30/2015 5:00,21.091
9/30/2015 6:00,21.282
9/30/2015 7:00,20.805
9/30/2015 8:00,20.615
9/30/2015 9:00,20.901
9/30/2015 10:00,22.046
9/30/2015 11:00,21.76
9/30/2015 12:00,23.581
9/30/2015 13:00,22.046
9/30/2015 14:00,21.473
9/30/2015 15:00,21.664
9/30/2015 16:00,21.378
9/30/2015 17:00,21.855
9/30/2015 18:00,21.282
9/30/2015 19:00,20.805
9/30/2015 20:00,16.808
9/30/2015 21:00,16.523
9/30/2015 22:00,16.141
9/30/2015 23:00,15.951
10/1/2015 0:00,16.141
10/1/2015 1:00,16.523
10/1/2015 2:00,16.332
10/1/2015 3:00,16.427
10/1/2015 4:00,15.569
10/1/2015 5:00,14.996
10/1/2015 6:00,14.709
10/1/2015 7:00,14.325
10/1/2015 8:00,14.421
10/1/2015 9:00,14.134
10/1/2015 10:00,14.421
10/1/2015 11:00,15.091
10/1/2015 12:00,14.613
10/1/2015 13:00,14.421
10/1/2015 14:00,14.421
10/1/2015 15:00,14.134
10/1/2015 16:00,14.325
10/1/2015 17:00,13.269
10/1/2015 18:00,13.076
10/1/2015 19:00,13.076
10/1/2015 20:00,13.076
10/1/2015 21:00,13.173
10/1/2015 22:00,13.173
10/1/2015 23:00,12.98
10/2/2015 0:00,12.787
10/2/2015 1:00,12.883
10/2/2015 2:00,12.98
10/2/2015 3:00,12.69
10/2/2015 4:00,12.883
10/2/2015 5:00,12.69
10/2/2015 6:00,12.594
10/2/2015 7:00,12.594
10/2/2015 8:00,12.787
10/2/2015 9:00,12.883
10/2/2015 10:00,12.883
10/2/2015 11:00,13.173
10/2/2015 12:00,12.98
10/2/2015 13:00,12.883
10/2/2015 14:00,12.98
10/2/2015 15:00,12.883
10/2/2015 16:00,12.69
10/2/2015 17:00,12.401
10/2/2015 18:00,12.013
10/2/2015 19:00,11.916
10/2/2015 20:00,11.916
10/2/2015 21:00,11.916
10/2/2015 22:00,12.11
10/2/2015 23:00,12.207
10/3/2015 0:00,12.207
10/3/2015 1:00,12.013
10/3/2015 2:00,12.11
10/3/2015 3:00,12.11
10/3/2015 4:00,11.722
10/3/2015 5:00,11.722
10/3/2015 6:00,11.916
10/3/2015 7:00,12.304
10/3/2015 8:00,12.98
10/3/2015 9:00,12.883
10/3/2015 10:00,12.787
10/3/2015 11:00,14.23
10/3/2015 12:00,16.237
10/3/2015 13:00,15.473
10/3/2015 14:00,16.141
10/3/2015 15:00,14.996
10/3/2015 16:00,14.134
10/3/2015 17:00,13.269
10/3/2015 18:00,13.173
10/3/2015 19:00,13.076
10/3/2015 20:00,13.173
10/3/2015 21:00,13.173
10/3/2015 22:00,13.173
10/3/2015 23:00,12.98
10/4/2015 0:00,12.787
10/4/2015 1:00,12.69
10/4/2015 2:00,12.594
10/4/2015 3:00,12.304
10/4/2015 4:00,12.11
10/4/2015 5:00,12.013
10/4/2015 6:00,11.625
10/4/2015 7:00,11.528
10/4/2015 8:00,12.497
10/4/2015 9:00,14.134
10/4/2015 10:00,16.141
10/4/2015 11:00,18.236
10/4/2015 12:00,16.332
10/4/2015 13:00,16.332
10/4/2015 14:00,16.713
10/4/2015 15:00,17.189
10/4/2015 16:00,15.378
10/4/2015 17:00,13.942
10/4/2015 18:00,12.401
10/4/2015 19:00,12.013
10/4/2015 20:00,12.207
10/4/2015 21:00,12.11
10/4/2015 22:00,12.401
10/4/2015 23:00,12.401
10/5/2015 0:00,12.594
10/5/2015 1:00,12.69
10/5/2015 2:00,13.269
10/5/2015 3:00,13.365
10/5/2015 4:00,13.365
10/5/2015 5:00,12.883
10/5/2015 6:00,13.461
10/5/2015 7:00,13.654
10/5/2015 8:00,14.325
10/5/2015 9:00,15.187
10/5/2015 10:00,15.76
10/5/2015 11:00,16.332
10/5/2015 12:00,16.808
10/5/2015 13:00,18.331
10/5/2015 14:00,19.187
10/5/2015 15:00,19.758
10/5/2015 16:00,16.713
10/5/2015 17:00,14.9
10/5/2015 18:00,14.421
10/5/2015 19:00,14.325
10/5/2015 20:00,14.325
10/5/2015 21:00,14.325
10/5/2015 22:00,14.23
10/5/2015 23:00,13.654
10/6/2015 0:00,13.942
10/6/2015 1:00,14.038
10/6/2015 2:00,14.038
10/6/2015 3:00,14.038
10/6/2015 4:00,13.558
10/6/2015 5:00,13.076
10/6/2015 6:00,12.98
10/6/2015 7:00,13.365
10/6/2015 8:00,16.427
10/6/2015 9:00,19.282
10/6/2015 10:00,22.333
10/6/2015 11:00,22.908
10/6/2015 12:00,23.1
10/6/2015 13:00,20.996
10/6/2015 14:00,20.901
10/6/2015 15:00,22.525
10/6/2015 16:00,23.196
10/6/2015 17:00,16.332
10/6/2015 18:00,13.365
10/6/2015 19:00,8.978
10/6/2015 20:00,7.179
10/6/2015 21:00,6.978
10/6/2015 22:00,5.655
10/6/2015 23:00,4.623
10/7/2015 0:00,3.472
10/7/2015 1:00,4.727
10/7/2015 2:00,5.141
10/7/2015 3:00,3.998
10/7/2015 4:00,6.978
10/7/2015 5:00,9.373
10/7/2015 6:00,10.748
10/7/2015 7:00,13.173
10/7/2015 8:00,15.187
10/7/2015 9:00,16.903
10/7/2015 10:00,19.187
10/7/2015 11:00,21.282
10/7/2015 12:00,20.901
10/7/2015 13:00,21.187
10/7/2015 14:00,21.855
10/7/2015 15:00,23.966
10/7/2015 16:00,24.545
10/7/2015 17:00,17.95
10/7/2015 18:00,13.461
10/7/2015 19:00,11.334
10/7/2015 20:00,11.722
10/7/2015 21:00,12.304
10/7/2015 22:00,12.207
10/7/2015 23:00,13.269
10/8/2015 0:00,12.594
10/8/2015 1:00,13.461
10/8/2015 2:00,12.883
10/8/2015 3:00,13.173
10/8/2015 4:00,13.269
10/8/2015 5:00,12.98
10/8/2015 6:00,13.076
10/8/2015 7:00,13.558
10/8/2015 8:00,15.473
10/8/2015 9:00,25.416
10/8/2015 10:00,26.097
10/8/2015 11:00,22.717
10/8/2015 12:00,21.378
10/8/2015 13:00,20.996
10/8/2015 14:00,20.805
10/8/2015 15:00,20.996
10/8/2015 16:00,20.138
10/8/2015 17:00,15.187
10/8/2015 18:00,12.11
10/8/2015 19:00,8.978
10/8/2015 20:00,5.552
10/8/2015 21:00,5.45
10/8/2015 22:00,5.347
10/8/2015 23:00,4.207
10/9/2015 0:00,4.102
10/9/2015 1:00,6.37
10/9/2015 2:00,5.757
10/9/2015 3:00,9.472
10/9/2015 4:00,10.063
10/9/2015 5:00,10.748
10/9/2015 6:00,11.819
10/9/2015 7:00,13.558
10/9/2015 8:00,15.282
10/9/2015 9:00,17.855
10/9/2015 10:00,17.855
10/9/2015 11:00,23.196
10/9/2015 12:00,22.621
10/9/2015 13:00,21.569
10/9/2015 14:00,20.424
10/9/2015 15:00,19.567
10/9/2015 16:00,20.138
10/9/2015 17:00,18.806
10/9/2015 18:00,18.045
10/9/2015 19:00,18.236
10/9/2015 20:00,18.426
10/9/2015 21:00,18.521
10/9/2015 22:00,17.57
10/9/2015 23:00,17.284
10/10/2015 0:00,16.903
10/10/2015 1:00,15.569
10/10/2015 2:00,15.187
10/10/2015 3:00,14.23
10/10/2015 4:00,12.594
10/10/2015 5:00,11.334
10/10/2015 6:00,11.528
10/10/2015 7:00,11.139
10/10/2015 8:00,18.331
10/10/2015 9:00,22.525
10/10/2015 10:00,23.388
10/10/2015 11:00,20.043
10/10/2015 12:00,17.665
10/10/2015 13:00,17.95
10/10/2015 14:00,18.236
10/10/2015 15:00,18.711
10/10/2015 16:00,19.567
10/10/2015 17:00,13.365
10/10/2015 18:00,9.768
10/10/2015 19:00,5.655
10/10/2015 20:00,3.472
10/10/2015 21:00,1.656
10/10/2015 22:00,1.33
10/10/2015 23:00,1.439
10/11/2015 0:00,1.439
10/11/2015 1:00,2.41
10/11/2015 2:00,6.775
10/11/2015 3:00,7.481
10/11/2015 4:00,7.381
10/11/2015 5:00,7.481
10/11/2015 6:00,7.481
10/11/2015 7:00,7.582
10/11/2015 8:00,24.931
10/11/2015 9:00,25.61
10/11/2015 10:00,28.953
10/11/2015 11:00,25.513
10/11/2015 12:00,23.388
10/11/2015 13:00,22.621
10/11/2015 14:00,22.621
10/11/2015 15:00,23.581
10/11/2015 16:00,24.062
10/11/2015 17:00,16.999
10/11/2015 18:00,13.558
10/11/2015 19:00,12.787
10/11/2015 20:00,12.69
10/11/2015 21:00,12.594
10/11/2015 22:00,12.401
10/11/2015 23:00,12.401
10/12/2015 0:00,12.304
10/12/2015 1:00,12.304
10/12/2015 2:00,11.819
10/12/2015 3:00,11.041
10/12/2015 4:00,10.161
10/12/2015 5:00,10.944
10/12/2015 6:00,11.431
10/12/2015 7:00,12.304
10/12/2015 8:00,26.097
10/12/2015 9:00,32.291
10/12/2015 10:00,32.911
10/12/2015 11:00,28.953
10/12/2015 12:00,26.292
10/12/2015 13:00,25.61
10/12/2015 14:00,26.39
10/12/2015 15:00,26.097
10/12/2015 16:00,24.738
10/12/2015 17:00,17.95
10/12/2015 18:00,15.187
10/12/2015 19:00,13.654
10/12/2015 20:00,13.269
10/12/2015 21:00,12.787
10/12/2015 22:00,13.846
10/12/2015 23:00,14.996
10/13/2015 0:00,15.187
10/13/2015 1:00,15.76
10/13/2015 2:00,16.713
10/13/2015 3:00,16.808
10/13/2015 4:00,17.379
10/13/2015 5:00,18.14
10/13/2015 6:00,18.901
10/13/2015 7:00,18.996
10/13/2015 8:00,20.234
10/13/2015 9:00,18.806
10/13/2015 10:00,22.621
10/13/2015 11:00,29.652
10/13/2015 12:00,26.585
10/13/2015 13:00,25.028
10/13/2015 14:00,26.488
10/13/2015 15:00,26.292
10/13/2015 16:00,25.708
10/13/2015 17:00,19.853
10/13/2015 18:00,18.045
10/13/2015 19:00,16.999
10/13/2015 20:00,17.475
10/13/2015 21:00,16.713
10/13/2015 22:00,16.523
10/13/2015 23:00,16.427
10/14/2015 0:00,16.141
10/14/2015 1:00,15.855
10/14/2015 2:00,15.855
10/14/2015 3:00,15.282
10/14/2015 4:00,14.517
10/14/2015 5:00,15.473
10/14/2015 6:00,14.804
10/14/2015 7:00,12.594
10/14/2015 8:00,23.581
10/14/2015 9:00,29.752
10/14/2015 10:00,31.778
10/14/2015 11:00,28.258
10/14/2015 12:00,22.046
10/14/2015 13:00,25.222
10/14/2015 14:00,25.125
10/14/2015 15:00,25.319
10/14/2015 16:00,24.448
10/14/2015 17:00,17.475
10/14/2015 18:00,15.091
10/14/2015 19:00,14.804
10/14/2015 20:00,15.569
10/14/2015 21:00,15.378
10/14/2015 22:00,14.709
10/14/2015 23:00,14.613
10/15/2015 0:00,13.654
10/15/2015 1:00,12.69
10/15/2015 2:00,12.401
10/15/2015 3:00,11.819
10/15/2015 4:00,10.944
10/15/2015 5:00,10.748
10/15/2015 6:00,10.259
10/15/2015 7:00,11.236
10/15/2015 8:00,21.282
10/15/2015 9:00,19.187
10/15/2015 10:00,19.092
10/15/2015 11:00,20.329
10/15/2015 12:00,17.855
10/15/2015 13:00,18.14
10/15/2015 14:00,21.187
10/15/2015 15:00,22.908
10/15/2015 16:00,22.046
10/15/2015 17:00,13.558
10/15/2015 18:00,9.571
10/15/2015 19:00,8.978
10/15/2015 20:00,9.669
10/15/2015 21:00,10.063
10/15/2015 22:00,11.236
10/15/2015 23:00,11.431
10/16/2015 0:00,11.528
10/16/2015 1:00,11.431
10/16/2015 2:00,12.304
10/16/2015 3:00,12.11
10/16/2015 4:00,11.916
10/16/2015 5:00,12.497
10/16/2015 6:00,12.401
10/16/2015 7:00,13.173
10/16/2015 8:00,23.966
10/16/2015 9:00,27.468
10/16/2015 10:00,23.292
10/16/2015 11:00,14.709
10/16/2015 12:00,19.472
10/16/2015 13:00,19.853
10/16/2015 14:00,21.473
10/16/2015 15:00,20.234
10/16/2015 16:00,21.664
10/16/2015 17:00,15.569
10/16/2015 18:00,11.722
10/16/2015 19:00,10.161
10/16/2015 20:00,11.819
10/16/2015 21:00,12.304
10/16/2015 22:00,11.528
10/16/2015 23:00,7.381
10/17/2015 0:00,5.141
10/17/2015 1:00,5.45
10/17/2015 2:00,4.311
10/17/2015 3:00,4.102
10/17/2015 4:00,2.303
10/17/2015 5:00,1.548
10/17/2015 6:00,2.517
10/17/2015 7:00,5.347
10/17/2015 8:00,16.427
10/17/2015 9:00,24.835
10/17/2015 10:00,23.388
10/17/2015 11:00,18.14
10/17/2015 12:00,18.711
10/17/2015 13:00,18.901
10/17/2015 14:00,18.806
10/17/2015 15:00,16.237
10/17/2015 16:00,15.951
10/17/2015 17:00,11.431
10/17/2015 18:00,9.373
10/17/2015 19:00,8.978
10/17/2015 20:00,8.779
10/17/2015 21:00,8.779
10/17/2015 22:00,8.581
10/17/2015 23:00,8.082
10/18/2015 0:00,7.682
10/18/2015 1:00,7.28
10/18/2015 2:00,6.978
10/18/2015 3:00,6.268
10/18/2015 4:00,6.37
10/18/2015 5:00,5.86
10/18/2015 6:00,5.141
10/18/2015 7:00,4.415
10/18/2015 8:00,13.076
10/18/2015 9:00,15.473
10/18/2015 10:00,15.378
10/18/2015 11:00,12.013
10/18/2015 12:00,10.455
10/18/2015 13:00,11.334
10/18/2015 14:00,8.68
10/18/2015 15:00,7.983
10/18/2015 16:00,11.722
10/18/2015 17:00,6.064
10/18/2015 18:00,5.655
10/18/2015 19:00,5.347
10/18/2015 20:00,4.934
10/18/2015 21:00,5.037
10/18/2015 22:00,4.727
10/18/2015 23:00,4.519
10/19/2015 0:00,4.934
10/19/2015 1:00,4.102
10/19/2015 2:00,3.998
10/19/2015 3:00,3.683
10/19/2015 4:00,3.578
10/19/2015 5:00,3.367
10/19/2015 6:00,3.261
10/19/2015 7:00,3.261
10/19/2015 8:00,5.347
10/19/2015 9:00,14.804
10/19/2015 10:00,15.76
10/19/2015 11:00,14.709
10/19/2015 12:00,11.236
10/19/2015 13:00,11.528
10/19/2015 14:00,11.819
10/19/2015 15:00,13.558
10/19/2015 16:00,14.421
10/19/2015 17:00,6.268
10/19/2015 18:00,2.943
10/19/2015 19:00,3.049
10/19/2015 20:00,3.998
10/19/2015 21:00,5.757
10/19/2015 22:00,6.877
10/19/2015 23:00,7.882
10/20/2015 0:00,8.879
10/20/2015 1:00,9.669
10/20/2015 2:00,10.944
10/20/2015 3:00,11.819
10/20/2015 4:00,12.013
10/20/2015 5:00,12.401
10/20/2015 6:00,11.819
10/20/2015 7:00,12.11
10/20/2015 8:00,16.141
10/20/2015 9:00,25.319
10/20/2015 10:00,26
10/20/2015 11:00,25.319
10/20/2015 12:00,24.545
10/20/2015 13:00,22.717
10/20/2015 14:00,22.238
10/20/2015 15:00,22.142
10/20/2015 16:00,21.187
10/20/2015 17:00,16.237
10/20/2015 18:00,14.23
10/20/2015 19:00,14.134
10/20/2015 20:00,14.23
10/20/2015 21:00,14.9
10/20/2015 22:00,14.134
10/20/2015 23:00,13.75
10/21/2015 0:00,14.038
10/21/2015 1:00,13.846
10/21/2015 2:00,13.558
10/21/2015 3:00,14.038
10/21/2015 4:00,13.654
10/21/2015 5:00,12.883
10/21/2015 6:00,12.594
10/21/2015 7:00,12.594
10/21/2015 8:00,16.237
10/21/2015 9:00,28.06
10/21/2015 10:00,20.424
10/21/2015 11:00,28.06
10/21/2015 12:00,22.812
10/21/2015 13:00,23.581
10/21/2015 14:00,21.76
10/21/2015 15:00,23.292
10/21/2015 16:00,21.091
10/21/2015 17:00,16.523
10/21/2015 18:00,12.69
10/21/2015 19:00,10.944
10/21/2015 20:00,9.472
10/21/2015 21:00,10.357
10/21/2015 22:00,10.357
10/21/2015 23:00,12.401
10/22/2015 0:00,12.401
10/22/2015 1:00,11.528
10/22/2015 2:00,11.722
10/22/2015 3:00,13.173
10/22/2015 4:00,13.173
10/22/2015 5:00,11.041
10/22/2015 6:00,11.819
10/22/2015 7:00,13.173
10/22/2015 8:00,21.855
10/22/2015 9:00,24.158
10/22/2015 10:00,28.953
10/22/2015 11:00,26.39
10/22/2015 12:00,24.062
10/22/2015 13:00,24.062
10/22/2015 14:00,24.062
10/22/2015 15:00,23.196
10/22/2015 16:00,21.091
10/22/2015 17:00,17.95
10/22/2015 18:00,16.713
10/22/2015 19:00,16.903
10/22/2015 20:00,16.808
10/22/2015 21:00,16.237
10/22/2015 22:00,16.713
10/22/2015 23:00,16.713
10/23/2015 0:00,16.237
10/23/2015 1:00,15.76
10/23/2015 2:00,15.569
10/23/2015 3:00,14.804
10/23/2015 4:00,14.421
10/23/2015 5:00,12.98
10/23/2015 6:00,12.883
10/23/2015 7:00,12.013
10/23/2015 8:00,19.948
10/23/2015 9:00,22.429
10/23/2015 10:00,22.333
10/23/2015 11:00,13.173
10/23/2015 12:00,12.98
10/23/2015 13:00,11.334
10/23/2015 14:00,10.846
10/23/2015 15:00,10.553
10/23/2015 16:00,10.063
10/23/2015 17:00,9.472
10/23/2015 18:00,9.275
10/23/2015 19:00,9.275
10/23/2015 20:00,8.68
10/23/2015 21:00,8.481
10/23/2015 22:00,9.077
10/23/2015 23:00,8.68
10/24/2015 0:00,9.275
10/24/2015 1:00,9.275
10/24/2015 2:00,9.176
10/24/2015 3:00,9.373
10/24/2015 4:00,9.275
10/24/2015 5:00,9.077
10/24/2015 6:00,9.077
10/24/2015 7:00,8.978
10/24/2015 8:00,9.472
10/24/2015 9:00,10.357
10/24/2015 10:00,12.207
10/24/2015 11:00,12.304
10/24/2015 12:00,13.173
10/24/2015 13:00,13.75
10/24/2015 14:00,11.625
10/24/2015 15:00,13.173
10/24/2015 16:00,12.594
10/24/2015 17:00,11.236
10/24/2015 18:00,10.357
10/24/2015 19:00,10.063
10/24/2015 20:00,9.965
10/24/2015 21:00,9.965
10/24/2015 22:00,9.275
10/24/2015 23:00,7.782
10/25/2015 0:00,7.983
10/25/2015 1:00,8.978
10/25/2015 2:00,9.176
10/25/2015 3:00,10.161
10/25/2015 4:00,11.041
10/25/2015 5:00,11.722
10/25/2015 6:00,12.401
10/25/2015 7:00,12.594
10/25/2015 8:00,13.076
10/25/2015 9:00,14.804
10/25/2015 10:00,15.569
10/25/2015 11:00,15.76
10/25/2015 12:00,17.57
10/25/2015 13:00,18.14
10/25/2015 14:00,16.999
10/25/2015 15:00,17.094
10/25/2015 16:00,15.187
10/25/2015 17:00,15.378
10/25/2015 18:00,13.269
10/25/2015 19:00,13.269
10/25/2015 20:00,12.69
10/25/2015 21:00,11.722
10/25/2015 22:00,12.11
10/25/2015 23:00,12.594
10/26/2015 0:00,12.304
10/26/2015 1:00,11.431
10/26/2015 2:00,10.651
10/26/2015 3:00,9.965
10/26/2015 4:00,9.866
10/26/2015 5:00,9.373
10/26/2015 6:00,9.373
10/26/2015 7:00,9.373
10/26/2015 8:00,13.846
10/26/2015 9:00,11.625
10/26/2015 10:00,17.094
10/26/2015 11:00,15.091
10/26/2015 12:00,15.76
10/26/2015 13:00,13.846
10/26/2015 14:00,15.569
10/26/2015 15:00,15.091
10/26/2015 16:00,15.569
10/26/2015 17:00,9.373
10/26/2015 18:00,7.682
10/26/2015 19:00,7.481
10/26/2015 20:00,6.978
10/26/2015 21:00,6.775
10/26/2015 22:00,6.573
10/26/2015 23:00,2.624
10/27/2015 0:00,0.343
10/27/2015 1:00,-1.914
10/27/2015 2:00,-2.261
10/27/2015 3:00,-2.145
10/27/2015 4:00,-1.228
10/27/2015 5:00,-1.114
10/27/2015 6:00,-2.61
10/27/2015 7:00,-2.61
10/27/2015 8:00,11.236
10/27/2015 9:00,17.665
10/27/2015 10:00,19.092
10/27/2015 11:00,19.187
10/27/2015 12:00,13.846
10/27/2015 13:00,14.996
10/27/2015 14:00,14.996
10/27/2015 15:00,16.237
10/27/2015 16:00,15.664
10/27/2015 17:00,10.259
10/27/2015 18:00,6.573
10/27/2015 19:00,3.261
10/27/2015 20:00,6.166
10/27/2015 21:00,6.978
10/27/2015 22:00,5.347
10/27/2015 23:00,5.45
10/28/2015 0:00,5.45
10/28/2015 1:00,5.552
10/28/2015 2:00,6.471
10/28/2015 3:00,6.471
10/28/2015 4:00,6.775
10/28/2015 5:00,7.782
10/28/2015 6:00,8.282
10/28/2015 7:00,8.879
10/28/2015 8:00,15.473
10/28/2015 9:00,17.284
10/28/2015 10:00,16.332
10/28/2015 11:00,17.379
10/28/2015 12:00,15.378
10/28/2015 13:00,14.9
10/28/2015 14:00,13.269
10/28/2015 15:00,13.365
10/28/2015 16:00,13.654
10/28/2015 17:00,14.23
10/28/2015 18:00,14.613
10/28/2015 19:00,14.996
10/28/2015 20:00,15.282
10/28/2015 21:00,15.187
10/28/2015 22:00,15.76
10/28/2015 23:00,16.237
10/29/2015 0:00,16.523
10/29/2015 1:00,16.999
10/29/2015 2:00,17.094
10/29/2015 3:00,17.189
10/29/2015 4:00,17.475
10/29/2015 5:00,16.999
10/29/2015 6:00,17.094
10/29/2015 7:00,17.855
10/29/2015 8:00,17.284
10/29/2015 9:00,17.76
10/29/2015 10:00,18.045
10/29/2015 11:00,18.996
10/29/2015 12:00,21.091
10/29/2015 13:00,20.424
10/29/2015 14:00,22.717
10/29/2015 15:00,20.71
10/29/2015 16:00,19.377
10/29/2015 17:00,16.713
10/29/2015 18:00,15.951
10/29/2015 19:00,15.664
10/29/2015 20:00,13.654
10/29/2015 21:00,13.461
10/29/2015 22:00,13.654
10/29/2015 23:00,12.69
10/30/2015 0:00,11.722
10/30/2015 1:00,12.98
10/30/2015 2:00,12.69
10/30/2015 3:00,12.594
10/30/2015 4:00,10.651
10/30/2015 5:00,9.472
10/30/2015 6:00,9.669
10/30/2015 7:00,10.553
10/30/2015 8:00,11.528
10/30/2015 9:00,18.14
10/30/2015 10:00,20.234
10/30/2015 11:00,19.187
10/30/2015 12:00,17.094
10/30/2015 13:00,17.475
10/30/2015 14:00,20.519
10/30/2015 15:00,19.377
10/30/2015 16:00,20.901
10/30/2015 17:00,12.787
10/30/2015 18:00,7.481
10/30/2015 19:00,7.179
10/30/2015 20:00,9.669
10/30/2015 21:00,9.768
10/30/2015 22:00,10.455
10/30/2015 23:00,9.965
10/31/2015 0:00,8.978
10/31/2015 1:00,8.382
10/31/2015 2:00,7.582
10/31/2015 3:00,6.877
10/31/2015 4:00,6.37
10/31/2015 5:00,6.166
10/31/2015 6:00,5.552
10/31/2015 7:00,2.837
10/31/2015 8:00,12.013
10/31/2015 9:00,23.004
10/31/2015 10:00,24.255
10/31/2015 11:00,21.378
10/31/2015 12:00,17.95
10/31/2015 13:00,18.426
10/31/2015 14:00,20.234
10/31/2015 15:00,19.282
10/31/2015 16:00,16.141
10/31/2015 17:00,10.553
10/31/2015 18:00,6.471
10/31/2015 19:00,6.471
10/31/2015 20:00,8.082
10/31/2015 21:00,8.282
10/31/2015 22:00,9.176
10/31/2015 23:00,10.063
11/1/2015 0:00,11.236
11/1/2015 1:00,11.722
11/1/2015 2:00,11.819
11/1/2015 3:00,11.528
11/1/2015 4:00,11.334
11/1/2015 5:00,11.528
11/1/2015 6:00,10.651
11/1/2015 7:00,9.965
11/1/2015 8:00,11.528
11/1/2015 9:00,13.365
11/1/2015 10:00,14.804
11/1/2015 11:00,17.094
11/1/2015 12:00,20.519
11/1/2015 13:00,19.377
11/1/2015 14:00,17.475
11/1/2015 15:00,17.379
11/1/2015 16:00,16.713
11/1/2015 17:00,16.046
11/1/2015 18:00,15.378
11/1/2015 19:00,14.709
11/1/2015 20:00,13.365
11/1/2015 21:00,13.076
11/1/2015 22:00,13.076
11/1/2015 23:00,12.787
11/2/2015 0:00,12.787
11/2/2015 1:00,12.98
11/2/2015 2:00,12.69
11/2/2015 3:00,12.497
11/2/2015 4:00,11.431
11/2/2015 5:00,11.041
11/2/2015 6:00,9.571
11/2/2015 7:00,9.077
11/2/2015 8:00,10.944
11/2/2015 9:00,13.365
11/2/2015 10:00,20.234
11/2/2015 11:00,22.046
11/2/2015 12:00,18.901
11/2/2015 13:00,20.615
11/2/2015 14:00,19.282
11/2/2015 15:00,17.665
11/2/2015 16:00,15.76
11/2/2015 17:00,13.076
11/2/2015 18:00,8.382
11/2/2015 19:00,7.882
11/2/2015 20:00,6.877
11/2/2015 21:00,5.655
11/2/2015 22:00,4.207
11/2/2015 23:00,3.683
11/3/2015 0:00,3.683
11/3/2015 1:00,3.998
11/3/2015 2:00,4.934
11/3/2015 3:00,4.415
11/3/2015 4:00,3.893
11/3/2015 5:00,4.415
11/3/2015 6:00,6.775
11/3/2015 7:00,6.674
11/3/2015 8:00,15.569
11/3/2015 9:00,20.996
11/3/2015 10:00,24.931
11/3/2015 11:00,24.062
11/3/2015 12:00,20.996
11/3/2015 13:00,22.142
11/3/2015 14:00,23.292
11/3/2015 15:00,21.569
11/3/2015 16:00,21.282
11/3/2015 17:00,14.709
11/3/2015 18:00,12.69
11/3/2015 19:00,12.013
11/3/2015 20:00,11.625
11/3/2015 21:00,11.625
11/3/2015 22:00,11.236
11/3/2015 23:00,10.455
11/4/2015 0:00,9.571
11/4/2015 1:00,9.866
11/4/2015 2:00,10.748
11/4/2015 3:00,11.431
11/4/2015 4:00,12.11
11/4/2015 5:00,12.207
11/4/2015 6:00,11.334
11/4/2015 7:00,11.041
11/4/2015 8:00,16.999
11/4/2015 9:00,20.805
11/4/2015 10:00,20.901
11/4/2015 11:00,20.615
11/4/2015 12:00,18.616
11/4/2015 13:00,19.567
11/4/2015 14:00,20.519
11/4/2015 15:00,19.662
11/4/2015 16:00,20.424
11/4/2015 17:00,14.038
11/4/2015 18:00,9.571
11/4/2015 19:00,5.655
11/4/2015 20:00,6.877
11/4/2015 21:00,6.674
11/4/2015 22:00,10.651
11/4/2015 23:00,11.334
11/5/2015 0:00,11.139
11/5/2015 1:00,11.528
11/5/2015 2:00,11.334
11/5/2015 3:00,12.207
11/5/2015 4:00,11.819
11/5/2015 5:00,12.013
11/5/2015 6:00,13.076
11/5/2015 7:00,13.461
11/5/2015 8:00,18.045
11/5/2015 9:00,22.333
11/5/2015 10:00,25.222
11/5/2015 11:00,24.255
11/5/2015 12:00,24.931
11/5/2015 13:00,24.255
11/5/2015 14:00,24.738
11/5/2015 15:00,22.046
11/5/2015 16:00,20.234
11/5/2015 17:00,16.713
11/5/2015 18:00,16.046
11/5/2015 19:00,15.855
11/5/2015 20:00,15.569
11/5/2015 21:00,15.76
11/5/2015 22:00,16.141
11/5/2015 23:00,15.569
11/6/2015 0:00,16.141
11/6/2015 1:00,16.713
11/6/2015 2:00,16.903
11/6/2015 3:00,16.713
11/6/2015 4:00,16.237
11/6/2015 5:00,16.332
11/6/2015 6:00,16.713
11/6/2015 7:00,16.713
11/6/2015 8:00,17.284
11/6/2015 9:00,17.189
11/6/2015 10:00,18.236
11/6/2015 11:00,18.521
11/6/2015 12:00,20.996
11/6/2015 13:00,18.806
11/6/2015 14:00,19.567
11/6/2015 15:00,18.14
11/6/2015 16:00,17.855
11/6/2015 17:00,16.427
11/6/2015 18:00,16.332
11/6/2015 19:00,16.141
11/6/2015 20:00,16.237
11/6/2015 21:00,16.332
11/6/2015 22:00,16.332
11/6/2015 23:00,16.046
11/7/2015 0:00,16.141
11/7/2015 1:00,15.664
11/7/2015 2:00,15.855
11/7/2015 3:00,15.76
11/7/2015 4:00,15.091
11/7/2015 5:00,15.282
11/7/2015 6:00,14.709
11/7/2015 7:00,13.365
11/7/2015 8:00,13.365
11/7/2015 9:00,16.237
11/7/2015 10:00,22.046
11/7/2015 11:00,21.378
11/7/2015 12:00,18.426
11/7/2015 13:00,17.855
11/7/2015 14:00,18.996
11/7/2015 15:00,16.427
11/7/2015 16:00,16.046
11/7/2015 17:00,12.98
11/7/2015 18:00,12.401
11/7/2015 19:00,13.558
11/7/2015 20:00,13.461
11/7/2015 21:00,13.365
11/7/2015 22:00,12.98
11/7/2015 23:00,12.69
11/8/2015 0:00,12.11
11/8/2015 1:00,12.013
11/8/2015 2:00,11.528
11/8/2015 3:00,10.944
11/8/2015 4:00,10.553
11/8/2015 5:00,9.669
11/8/2015 6:00,9.373
11/8/2015 7:00,8.68
11/8/2015 8:00,12.98
11/8/2015 9:00,15.855
11/8/2015 10:00,15.855
11/8/2015 11:00,15.569
11/8/2015 12:00,14.421
11/8/2015 13:00,15.378
11/8/2015 14:00,17.189
11/8/2015 15:00,17.189
11/8/2015 16:00,16.999
11/8/2015 17:00,10.161
11/8/2015 18:00,6.471
11/8/2015 19:00,6.573
11/8/2015 20:00,6.573
11/8/2015 21:00,8.779
11/8/2015 22:00,8.082
11/8/2015 23:00,8.779
11/9/2015 0:00,7.582
11/9/2015 1:00,7.179
11/9/2015 2:00,4.934
11/9/2015 3:00,4.727
11/9/2015 4:00,4.519
11/9/2015 5:00,3.893
11/9/2015 6:00,3.049
11/9/2015 7:00,2.517
11/9/2015 8:00,11.722
11/9/2015 9:00,19.282
11/9/2015 10:00,21.951
11/9/2015 11:00,20.615
11/9/2015 12:00,19.853
11/9/2015 13:00,19.567
11/9/2015 14:00,19.948
11/9/2015 15:00,19.662
11/9/2015 16:00,18.616
11/9/2015 17:00,11.625
11/9/2015 18:00,10.161
11/9/2015 19:00,10.357
11/9/2015 20:00,9.965
11/9/2015 21:00,9.571
11/9/2015 22:00,9.472
11/9/2015 23:00,9.176
11/10/2015 0:00,8.68
11/10/2015 1:00,9.275
11/10/2015 2:00,9.176
11/10/2015 3:00,9.571
11/10/2015 4:00,7.782
11/10/2015 5:00,7.582
11/10/2015 6:00,8.382
11/10/2015 7:00,10.944
11/10/2015 8:00,11.236
11/10/2015 9:00,12.401
11/10/2015 10:00,14.804
11/10/2015 11:00,16.332
11/10/2015 12:00,16.523
11/10/2015 13:00,16.808
11/10/2015 14:00,16.141
11/10/2015 15:00,13.846
11/10/2015 16:00,12.594
11/10/2015 17:00,12.497
11/10/2015 18:00,12.401
11/10/2015 19:00,12.594
11/10/2015 20:00,12.594
11/10/2015 21:00,12.69
11/10/2015 22:00,12.594
11/10/2015 23:00,12.594
11/11/2015 0:00,12.594
11/11/2015 1:00,12.69
11/11/2015 2:00,12.594
11/11/2015 3:00,12.401
11/11/2015 4:00,12.401
11/11/2015 5:00,12.401
11/11/2015 6:00,12.497
11/11/2015 7:00,12.594
11/11/2015 8:00,12.787
11/11/2015 9:00,13.269
11/11/2015 10:00,13.75
11/11/2015 11:00,13.365
11/11/2015 12:00,13.461
11/11/2015 13:00,12.69
11/11/2015 14:00,12.11
11/11/2015 15:00,11.916
11/11/2015 16:00,11.334
11/11/2015 17:00,11.139
11/11/2015 18:00,11.041
11/11/2015 19:00,10.944
11/11/2015 20:00,10.846
11/11/2015 21:00,10.651
11/11/2015 22:00,10.455
11/11/2015 23:00,10.161
11/12/2015 0:00,10.161
11/12/2015 1:00,9.866
11/12/2015 2:00,9.768
11/12/2015 3:00,9.866
11/12/2015 4:00,9.965
11/12/2015 5:00,9.965
11/12/2015 6:00,9.768
11/12/2015 7:00,9.768
11/12/2015 8:00,10.063
11/12/2015 9:00,11.041
11/12/2015 10:00,11.236
11/12/2015 11:00,12.11
11/12/2015 12:00,12.304
11/12/2015 13:00,11.916
11/12/2015 14:00,11.041
11/12/2015 15:00,11.625
11/12/2015 16:00,11.431
11/12/2015 17:00,11.722
11/12/2015 18:00,12.497
11/12/2015 19:00,12.98
11/12/2015 20:00,13.076
11/12/2015 21:00,13.365
11/12/2015 22:00,13.75
11/12/2015 23:00,13.846
11/13/2015 0:00,13.558
11/13/2015 1:00,14.421
11/13/2015 2:00,13.75
11/13/2015 3:00,12.98
11/13/2015 4:00,12.304
11/13/2015 5:00,11.431
11/13/2015 6:00,10.748
11/13/2015 7:00,10.748
11/13/2015 8:00,14.517
11/13/2015 9:00,18.901
11/13/2015 10:00,19.853
11/13/2015 11:00,18.806
11/13/2015 12:00,17.665
11/13/2015 13:00,18.045
11/13/2015 14:00,19.853
11/13/2015 15:00,20.329
11/13/2015 16:00,18.521
11/13/2015 17:00,12.98
11/13/2015 18:00,11.625
11/13/2015 19:00,11.334
11/13/2015 20:00,11.431
11/13/2015 21:00,10.748
11/13/2015 22:00,10.455
11/13/2015 23:00,10.846
11/14/2015 0:00,10.357
11/14/2015 1:00,9.571
11/14/2015 2:00,8.182
11/14/2015 3:00,8.182
11/14/2015 4:00,7.582
11/14/2015 5:00,7.381
11/14/2015 6:00,6.978
11/14/2015 7:00,6.775
11/14/2015 8:00,10.748
11/14/2015 9:00,14.325
11/14/2015 10:00,15.569
11/14/2015 11:00,12.98
11/14/2015 12:00,12.401
11/14/2015 13:00,11.916
11/14/2015 14:00,12.11
11/14/2015 15:00,9.077
11/14/2015 16:00,9.077
11/14/2015 17:00,6.064
11/14/2015 18:00,5.655
11/14/2015 19:00,5.552
11/14/2015 20:00,5.45
11/14/2015 21:00,5.037
11/14/2015 22:00,3.998
11/14/2015 23:00,4.623
11/15/2015 0:00,4.934
11/15/2015 1:00,4.102
11/15/2015 2:00,3.788
11/15/2015 3:00,4.415
11/15/2015 4:00,5.037
11/15/2015 5:00,5.141
11/15/2015 6:00,5.037
11/15/2015 7:00,5.655
11/15/2015 8:00,9.275
11/15/2015 9:00,12.594
11/15/2015 10:00,14.134
11/15/2015 11:00,14.038
11/15/2015 12:00,13.846
11/15/2015 13:00,16.523
11/15/2015 14:00,16.332
11/15/2015 15:00,17.855
11/15/2015 16:00,16.332
11/15/2015 17:00,11.139
11/15/2015 18:00,10.063
11/15/2015 19:00,10.063
11/15/2015 20:00,10.259
11/15/2015 21:00,11.236
11/15/2015 22:00,10.944
11/15/2015 23:00,10.944
11/16/2015 0:00,10.748
11/16/2015 1:00,10.161
11/16/2015 2:00,7.481
11/16/2015 3:00,6.978
11/16/2015 4:00,8.978
11/16/2015 5:00,8.978
11/16/2015 6:00,7.882
11/16/2015 7:00,4.831
11/16/2015 8:00,9.077
11/16/2015 9:00,18.236
11/16/2015 10:00,19.472
11/16/2015 11:00,17.855
11/16/2015 12:00,16.523
11/16/2015 13:00,16.903
11/16/2015 14:00,18.901
11/16/2015 15:00,20.043
11/16/2015 16:00,19.472
11/16/2015 17:00,11.625
11/16/2015 18:00,7.882
11/16/2015 19:00,9.965
11/16/2015 20:00,10.161
11/16/2015 21:00,9.472
11/16/2015 22:00,8.978
11/16/2015 23:00,8.282
11/17/2015 0:00,7.381
11/17/2015 1:00,6.471
11/17/2015 2:00,6.064
11/17/2015 3:00,5.757
11/17/2015 4:00,5.552
11/17/2015 5:00,5.962
11/17/2015 6:00,5.757
11/17/2015 7:00,5.347
11/17/2015 8:00,6.471
11/17/2015 9:00,8.182
11/17/2015 10:00,12.98
11/17/2015 11:00,12.69
11/17/2015 12:00,10.651
11/17/2015 13:00,11.819
11/17/2015 14:00,12.013
11/17/2015 15:00,11.139
11/17/2015 16:00,10.944
11/17/2015 17:00,6.064
11/17/2015 18:00,4.934
11/17/2015 19:00,4.934
11/17/2015 20:00,4.102
11/17/2015 21:00,2.195
11/17/2015 22:00,0.784
11/17/2015 23:00,1.003
11/18/2015 0:00,3.472
11/18/2015 1:00,5.037
11/18/2015 2:00,1.656
11/18/2015 3:00,-1.456
11/18/2015 4:00,-3.911
11/18/2015 5:00,-4.88
11/18/2015 6:00,-5.496
11/18/2015 7:00,-6.882
11/18/2015 8:00,0.674
11/18/2015 9:00,15.951
11/18/2015 10:00,15.091
11/18/2015 11:00,14.996
11/18/2015 12:00,12.304
11/18/2015 13:00,14.709
11/18/2015 14:00,17.475
11/18/2015 15:00,17.189
11/18/2015 16:00,15.282
11/18/2015 17:00,7.079
11/18/2015 18:00,-0.437
11/18/2015 19:00,1.221
11/18/2015 20:00,-2.03
11/18/2015 21:00,-2.844
11/18/2015 22:00,-1.001
11/18/2015 23:00,1.548
11/19/2015 0:00,-1.914
11/19/2015 1:00,0.563
11/19/2015 2:00,2.943
11/19/2015 3:00,4.727
11/19/2015 4:00,5.45
11/19/2015 5:00,5.86
11/19/2015 6:00,5.962
11/19/2015 7:00,7.179
11/19/2015 8:00,8.779
11/19/2015 9:00,9.965
11/19/2015 10:00,10.846
11/19/2015 11:00,13.076
11/19/2015 12:00,13.461
11/19/2015 13:00,13.654
11/19/2015 14:00,14.517
11/19/2015 15:00,13.942
11/19/2015 16:00,12.98
11/19/2015 17:00,12.207
11/19/2015 18:00,12.207
11/19/2015 19:00,12.207
11/19/2015 20:00,11.722
11/19/2015 21:00,12.401
11/19/2015 22:00,12.883
11/19/2015 23:00,13.461
11/20/2015 0:00,13.173
11/20/2015 1:00,13.461
11/20/2015 2:00,13.461
11/20/2015 3:00,13.75
11/20/2015 4:00,12.98
11/20/2015 5:00,13.365
11/20/2015 6:00,13.654
11/20/2015 7:00,13.365
11/20/2015 8:00,13.558
11/20/2015 9:00,13.654
11/20/2015 10:00,13.75
11/20/2015 11:00,14.421
11/20/2015 12:00,14.996
11/20/2015 13:00,15.569
11/20/2015 14:00,13.654
11/20/2015 15:00,14.9
11/20/2015 16:00,15.855
11/20/2015 17:00,11.722
11/20/2015 18:00,10.846
11/20/2015 19:00,10.553
11/20/2015 20:00,10.553
11/20/2015 21:00,10.161
11/20/2015 22:00,9.768
11/20/2015 23:00,8.978
11/21/2015 0:00,8.581
11/21/2015 1:00,8.779
11/21/2015 2:00,8.68
11/21/2015 3:00,8.68
11/21/2015 4:00,8.282
11/21/2015 5:00,7.682
11/21/2015 6:00,7.782
11/21/2015 7:00,7.782
11/21/2015 8:00,9.472
11/21/2015 9:00,10.357
11/21/2015 10:00,14.613
11/21/2015 11:00,13.461
11/21/2015 12:00,12.11
11/21/2015 13:00,12.304
11/21/2015 14:00,13.076
11/21/2015 15:00,12.594
11/21/2015 16:00,11.625
11/21/2015 17:00,7.682
11/21/2015 18:00,6.978
11/21/2015 19:00,6.775
11/21/2015 20:00,5.45
11/21/2015 21:00,1.221
11/21/2015 22:00,-0.662
11/21/2015 23:00,-0.437
11/22/2015 0:00,2.837
11/22/2015 1:00,5.347
11/22/2015 2:00,6.268
11/22/2015 3:00,2.73
11/22/2015 4:00,1.112
11/22/2015 5:00,1.548
11/22/2015 6:00,2.41
11/22/2015 7:00,5.757
11/22/2015 8:00,9.077
11/22/2015 9:00,11.431
11/22/2015 10:00,12.69
11/22/2015 11:00,13.269
11/22/2015 12:00,13.076
11/22/2015 13:00,13.269
11/22/2015 14:00,13.461
11/22/2015 15:00,13.269
11/22/2015 16:00,12.207
11/22/2015 17:00,11.041
11/22/2015 18:00,10.455
11/22/2015 19:00,9.965
11/22/2015 20:00,9.176
11/22/2015 21:00,8.382
11/22/2015 22:00,7.983
11/22/2015 23:00,7.782
11/23/2015 0:00,7.179
11/23/2015 1:00,7.381
11/23/2015 2:00,7.179
11/23/2015 3:00,7.28
11/23/2015 4:00,6.775
11/23/2015 5:00,5.552
11/23/2015 6:00,5.552
11/23/2015 7:00,5.141
11/23/2015 8:00,5.141
11/23/2015 9:00,5.757
11/23/2015 10:00,6.471
11/23/2015 11:00,7.481
11/23/2015 12:00,9.373
11/23/2015 13:00,7.882
11/23/2015 14:00,7.079
11/23/2015 15:00,7.28
11/23/2015 16:00,5.655
11/23/2015 17:00,4.623
11/23/2015 18:00,3.893
11/23/2015 19:00,3.893
11/23/2015 20:00,3.472
11/23/2015 21:00,2.303
11/23/2015 22:00,1.548
11/23/2015 23:00,1.112
11/24/2015 0:00,1.112
11/24/2015 1:00,0.563
11/24/2015 2:00,0.563
11/24/2015 3:00,0.232
11/24/2015 4:00,0.232
11/24/2015 5:00,0.121
11/24/2015 6:00,0.343
11/24/2015 7:00,0.343
11/24/2015 8:00,3.049
11/24/2015 9:00,7.481
11/24/2015 10:00,8.182
11/24/2015 11:00,8.481
11/24/2015 12:00,7.381
11/24/2015 13:00,8.282
11/24/2015 14:00,9.965
11/24/2015 15:00,10.063
11/24/2015 16:00,9.866
11/24/2015 17:00,1.439
11/24/2015 18:00,-2.61
11/24/2015 19:00,-4.393
11/24/2015 20:00,-2.61
11/24/2015 21:00,3.472
11/24/2015 22:00,3.367
11/24/2015 23:00,2.517
11/25/2015 0:00,3.788
11/25/2015 1:00,2.41
11/25/2015 2:00,2.41
11/25/2015 3:00,3.578
11/25/2015 4:00,3.893
11/25/2015 5:00,3.998
11/25/2015 6:00,3.998
11/25/2015 7:00,3.893
11/25/2015 8:00,6.166
11/25/2015 9:00,12.98
11/25/2015 10:00,14.517
11/25/2015 11:00,13.558
11/25/2015 12:00,12.013
11/25/2015 13:00,12.207
11/25/2015 14:00,12.594
11/25/2015 15:00,11.528
11/25/2015 16:00,10.846
11/25/2015 17:00,5.962
11/25/2015 18:00,1.221
11/25/2015 19:00,-2.377
11/25/2015 20:00,1.33
11/25/2015 21:00,0.893
11/25/2015 22:00,1.439
11/25/2015 23:00,1.656
11/26/2015 0:00,3.367
11/26/2015 1:00,4.102
11/26/2015 2:00,5.45
11/26/2015 3:00,5.45
11/26/2015 4:00,5.45
11/26/2015 5:00,5.86
11/26/2015 6:00,6.674
11/26/2015 7:00,7.381
11/26/2015 8:00,9.472
11/26/2015 9:00,15.091
11/26/2015 10:00,16.808
11/26/2015 11:00,16.141
11/26/2015 12:00,14.804
11/26/2015 13:00,14.996
11/26/2015 14:00,15.951
11/26/2015 15:00,15.855
11/26/2015 16:00,15.282
11/26/2015 17:00,10.846
11/26/2015 18:00,9.571
11/26/2015 19:00,9.472
11/26/2015 20:00,9.768
11/26/2015 21:00,9.571
11/26/2015 22:00,9.373
11/26/2015 23:00,9.275
11/27/2015 0:00,9.275
11/27/2015 1:00,8.779
11/27/2015 2:00,8.182
11/27/2015 3:00,6.877
11/27/2015 4:00,7.782
11/27/2015 5:00,7.179
11/27/2015 6:00,7.682
11/27/2015 7:00,7.28
11/27/2015 8:00,9.768
11/27/2015 9:00,15.951
11/27/2015 10:00,18.236
11/27/2015 11:00,18.521
11/27/2015 12:00,17.665
11/27/2015 13:00,18.901
11/27/2015 14:00,19.853
11/27/2015 15:00,18.521
11/27/2015 16:00,16.999
11/27/2015 17:00,11.819
11/27/2015 18:00,10.748
11/27/2015 19:00,10.455
11/27/2015 20:00,10.553
11/27/2015 21:00,11.334
11/27/2015 22:00,11.528
11/27/2015 23:00,11.819
11/28/2015 0:00,11.139
11/28/2015 1:00,12.11
11/28/2015 2:00,11.916
11/28/2015 3:00,12.497
11/28/2015 4:00,11.916
11/28/2015 5:00,11.236
11/28/2015 6:00,11.041
11/28/2015 7:00,11.625
11/28/2015 8:00,11.625
11/28/2015 9:00,13.173
11/28/2015 10:00,14.23
11/28/2015 11:00,16.141
11/28/2015 12:00,16.141
11/28/2015 13:00,16.999
11/28/2015 14:00,16.523
11/28/2015 15:00,13.365
11/28/2015 16:00,10.259
11/28/2015 17:00,9.571
11/28/2015 18:00,9.571
11/28/2015 19:00,8.978
11/28/2015 20:00,8.382
11/28/2015 21:00,8.481
11/28/2015 22:00,7.882
11/28/2015 23:00,7.582
11/29/2015 0:00,7.582
11/29/2015 1:00,7.983
11/29/2015 2:00,7.682
11/29/2015 3:00,7.582
11/29/2015 4:00,7.28
11/29/2015 5:00,7.079
11/29/2015 6:00,7.079
11/29/2015 7:00,6.775
11/29/2015 8:00,6.877
11/29/2015 9:00,6.471
11/29/2015 10:00,7.28
11/29/2015 11:00,7.882
11/29/2015 12:00,9.077
11/29/2015 13:00,9.866
11/29/2015 14:00,12.11
11/29/2015 15:00,11.625
11/29/2015 16:00,10.357
11/29/2015 17:00,5.037
11/29/2015 18:00,3.998
11/29/2015 19:00,4.519
11/29/2015 20:00,5.347
11/29/2015 21:00,4.519
11/29/2015 22:00,3.683
11/29/2015 23:00,4.207
11/30/2015 0:00,4.623
11/30/2015 1:00,4.831
11/30/2015 2:00,4.727
11/30/2015 3:00,4.623
11/30/2015 4:00,3.998
11/30/2015 5:00,3.472
11/30/2015 6:00,3.788
11/30/2015 7:00,1.98
11/30/2015 8:00,3.683
11/30/2015 9:00,4.311
11/30/2015 10:00,5.86
11/30/2015 11:00,7.481
11/30/2015 12:00,8.082
11/30/2015 13:00,8.382
11/30/2015 14:00,9.571
11/30/2015 15:00,7.582
11/30/2015 16:00,6.268
11/30/2015 17:00,2.088
11/30/2015 18:00,0.453
11/30/2015 19:00,-2.494
11/30/2015 20:00,-4.758
11/30/2015 21:00,-6.373
11/30/2015 22:00,-6.626
11/30/2015 23:00,-6.882
12/1/2015 0:00,-6.626
12/1/2015 1:00,-7.397
12/1/2015 2:00,-8.182
12/1/2015 3:00,-0.102
12/1/2015 4:00,1.33
12/1/2015 5:00,1.33
12/1/2015 6:00,1.33
12/1/2015 7:00,0.674
12/1/2015 8:00,1.112
12/1/2015 9:00,3.472
12/1/2015 10:00,7.481
12/1/2015 11:00,7.582
12/1/2015 12:00,8.68
12/1/2015 13:00,8.182
12/1/2015 14:00,7.381
12/1/2015 15:00,6.064
12/1/2015 16:00,6.166
12/1/2015 17:00,6.573
12/1/2015 18:00,7.179
12/1/2015 19:00,7.983
12/1/2015 20:00,8.879
12/1/2015 21:00,10.259
12/1/2015 22:00,11.722
12/1/2015 23:00,12.11
12/2/2015 0:00,12.787
12/2/2015 1:00,11.334
12/2/2015 2:00,10.944
12/2/2015 3:00,10.846
12/2/2015 4:00,9.768
12/2/2015 5:00,9.669
12/2/2015 6:00,9.176
12/2/2015 7:00,9.077
12/2/2015 8:00,8.68
12/2/2015 9:00,9.965
12/2/2015 10:00,11.334
12/2/2015 11:00,10.846
12/2/2015 12:00,11.236
12/2/2015 13:00,11.819
12/2/2015 14:00,12.594
12/2/2015 15:00,12.594
12/2/2015 16:00,12.69
12/2/2015 17:00,12.69
12/2/2015 18:00,12.594
12/2/2015 19:00,13.173
12/2/2015 20:00,13.173
12/2/2015 21:00,12.594
12/2/2015 22:00,12.304
12/2/2015 23:00,12.401
12/3/2015 0:00,12.883
12/3/2015 1:00,14.134
12/3/2015 2:00,14.038
12/3/2015 3:00,13.558
12/3/2015 4:00,12.594
12/3/2015 5:00,12.11
12/3/2015 6:00,11.722
12/3/2015 7:00,11.334
12/3/2015 8:00,10.651
12/3/2015 9:00,11.041
12/3/2015 10:00,15.187
12/3/2015 11:00,15.569
12/3/2015 12:00,12.013
12/3/2015 13:00,12.401
12/3/2015 14:00,13.365
12/3/2015 15:00,12.304
12/3/2015 16:00,11.236
12/3/2015 17:00,7.481
12/3/2015 18:00,6.775
12/3/2015 19:00,6.877
12/3/2015 20:00,6.775
12/3/2015 21:00,6.877
12/3/2015 22:00,6.268
12/3/2015 23:00,5.655
12/4/2015 0:00,5.552
12/4/2015 1:00,5.347
12/4/2015 2:00,5.86
12/4/2015 3:00,5.655
12/4/2015 4:00,5.757
12/4/2015 5:00,5.86
12/4/2015 6:00,5.347
12/4/2015 7:00,5.141
12/4/2015 8:00,5.347
12/4/2015 9:00,11.236
12/4/2015 10:00,12.98
12/4/2015 11:00,12.787
12/4/2015 12:00,10.651
12/4/2015 13:00,11.431
12/4/2015 14:00,22.142
12/4/2015 14:33,
12/4/2015 14:33,
12/4/2015 14:33,
