Date,Day,Temp
8/20/2015,232,28.555
8/20/2015,232,34.268
8/20/2015,232,37.494
8/20/2015,232,37.604
8/20/2015,232,26.781
8/20/2015,232,23.966
8/20/2015,232,22.142
8/20/2015,232,21.664
8/20/2015,232,21.76
8/20/2015,232,21.569
8/21/2015,233,21.76
8/21/2015,233,21.76
8/21/2015,233,21.855
8/21/2015,233,21.76
8/21/2015,233,21.855
8/21/2015,233,21.76
8/21/2015,233,22.046
8/21/2015,233,23.388
8/21/2015,233,25.222
8/21/2015,233,27.075
8/21/2015,233,29.252
8/21/2015,233,28.655
8/21/2015,233,30.457
8/21/2015,233,28.853
8/21/2015,233,32.394
8/21/2015,233,33.43
8/21/2015,233,35.971
8/21/2015,233,34.903
8/21/2015,233,25.708
8/21/2015,233,24.351
8/21/2015,233,23.292
8/21/2015,233,23.004
8/21/2015,233,22.812
8/21/2015,233,22.621
8/22/2015,234,22.238
8/22/2015,234,22.238
8/22/2015,234,22.046
8/22/2015,234,22.046
8/22/2015,234,22.142
8/22/2015,234,22.142
8/22/2015,234,22.142
8/22/2015,234,22.812
8/22/2015,234,23.966
8/22/2015,234,24.931
8/22/2015,234,27.961
8/22/2015,234,32.704
8/22/2015,234,24.738
8/22/2015,234,25.902
8/22/2015,234,27.075
8/22/2015,234,25.805
8/22/2015,234,27.862
8/22/2015,234,26.879
8/22/2015,234,23.581
8/22/2015,234,22.812
8/22/2015,234,22.333
8/22/2015,234,21.855
8/22/2015,234,21.76
8/22/2015,234,21.855
8/23/2015,235,21.76
8/23/2015,235,21.76
8/23/2015,235,21.664
8/23/2015,235,21.855
8/23/2015,235,21.569
8/23/2015,235,21.187
8/23/2015,235,21.282
8/23/2015,235,21.664
8/23/2015,235,23.581
8/23/2015,235,26
8/23/2015,235,27.468
8/23/2015,235,25.513
8/23/2015,235,27.37
8/23/2015,235,29.452
8/23/2015,235,28.655
8/23/2015,235,29.953
8/23/2015,235,27.272
8/23/2015,235,27.862
8/23/2015,235,23.869
8/23/2015,235,22.525
8/23/2015,235,21.76
8/23/2015,235,21.76
8/23/2015,235,21.473
8/23/2015,235,21.282
8/24/2015,236,21.282
8/24/2015,236,21.187
8/24/2015,236,21.091
8/24/2015,236,21.091
8/24/2015,236,20.996
8/24/2015,236,20.519
8/24/2015,236,20.996
8/24/2015,236,21.855
8/24/2015,236,23.1
8/24/2015,236,23.581
8/24/2015,236,27.468
8/24/2015,236,28.655
8/24/2015,236,29.953
8/24/2015,236,28.159
8/24/2015,236,34.374
8/24/2015,236,34.585
8/24/2015,236,37.384
8/24/2015,236,26.585
8/24/2015,236,24.351
8/24/2015,236,21.282
8/24/2015,236,20.138
8/24/2015,236,20.138
8/24/2015,236,19.187
8/24/2015,236,18.901
8/25/2015,237,19.282
8/25/2015,237,19.758
8/25/2015,237,20.234
8/25/2015,237,20.329
8/25/2015,237,20.519
8/25/2015,237,20.424
8/25/2015,237,21.091
8/25/2015,237,21.664
8/25/2015,237,22.429
8/25/2015,237,24.062
8/25/2015,237,29.352
8/25/2015,237,32.497
8/25/2015,237,33.743
8/25/2015,237,35.435
8/25/2015,237,35.328
8/25/2015,237,34.479
8/25/2015,237,36.837
8/25/2015,237,30.356
8/25/2015,237,25.708
8/25/2015,237,23.004
8/25/2015,237,21.76
8/25/2015,237,21.378
8/25/2015,237,21.378
8/25/2015,237,20.71
8/26/2015,238,20.901
8/26/2015,238,21.473
8/26/2015,238,21.76
8/26/2015,238,22.429
8/26/2015,238,22.429
8/26/2015,238,21.569
8/26/2015,238,21.569
8/26/2015,238,21.664
8/26/2015,238,22.429
8/26/2015,238,26.292
8/26/2015,238,26.488
8/26/2015,238,27.862
8/26/2015,238,33.43
8/26/2015,238,33.222
8/26/2015,238,31.676
8/26/2015,238,33.326
8/26/2015,238,35.864
8/26/2015,238,34.691
8/26/2015,238,23.966
8/26/2015,238,21.282
8/26/2015,238,20.329
8/26/2015,238,20.138
8/26/2015,238,20.329
8/26/2015,238,20.234
8/27/2015,239,19.758
8/27/2015,239,19.662
8/27/2015,239,20.329
8/27/2015,239,20.805
8/27/2015,239,20.138
8/27/2015,239,18.331
8/27/2015,239,17.95
8/27/2015,239,19.948
8/27/2015,239,20.996
8/27/2015,239,21.951
8/27/2015,239,27.468
8/27/2015,239,26.879
8/27/2015,239,31.37
8/27/2015,239,32.6
8/27/2015,239,31.983
8/27/2015,239,31.983
8/27/2015,239,33.118
8/27/2015,239,29.252
8/27/2015,239,23.196
8/27/2015,239,21.187
8/27/2015,239,20.234
8/27/2015,239,19.948
8/27/2015,239,19.758
8/27/2015,239,19.282
8/28/2015,240,18.426
8/28/2015,240,20.043
8/28/2015,240,20.329
8/28/2015,240,19.758
8/28/2015,240,19.377
8/28/2015,240,19.187
8/28/2015,240,18.901
8/28/2015,240,20.138
8/28/2015,240,20.901
8/28/2015,240,21.855
8/28/2015,240,26.879
8/28/2015,240,29.452
8/28/2015,240,31.268
8/28/2015,240,30.862
8/28/2015,240,31.88
8/28/2015,240,34.374
8/28/2015,240,37.494
8/28/2015,240,35.328
8/28/2015,240,23.1
8/28/2015,240,19.092
8/28/2015,240,14.421
8/28/2015,240,14.709
8/28/2015,240,13.173
8/28/2015,240,13.173
8/29/2015,241,13.942
8/29/2015,241,14.421
8/29/2015,241,14.996
8/29/2015,241,14.804
8/29/2015,241,15.951
8/29/2015,241,16.523
8/29/2015,241,17.95
8/29/2015,241,19.092
8/29/2015,241,20.329
8/29/2015,241,22.333
8/29/2015,241,28.555
8/29/2015,241,31.064
8/29/2015,241,33.326
8/29/2015,241,33.014
8/29/2015,241,31.88
8/29/2015,241,32.6
8/29/2015,241,35.435
8/29/2015,241,26.879
8/29/2015,241,23.1
8/29/2015,241,20.71
8/29/2015,241,18.996
8/29/2015,241,18.806
8/29/2015,241,18.616
8/29/2015,241,18.426
8/30/2015,242,17.76
8/30/2015,242,17.094
8/30/2015,242,17.475
8/30/2015,242,17.855
8/30/2015,242,17.57
8/30/2015,242,17.189
8/30/2015,242,17.855
8/30/2015,242,19.662
8/30/2015,242,21.951
8/30/2015,242,24.255
8/30/2015,242,29.552
8/30/2015,242,30.963
8/30/2015,242,32.086
8/30/2015,242,32.704
8/30/2015,242,32.188
8/30/2015,242,32.807
8/30/2015,242,34.058
8/30/2015,242,28.357
8/30/2015,242,23.869
8/30/2015,242,22.046
8/30/2015,242,21.282
8/30/2015,242,20.996
8/30/2015,242,20.901
8/30/2015,242,21.091
8/31/2015,243,21.569
8/31/2015,243,21.951
8/31/2015,243,21.664
8/31/2015,243,21.569
8/31/2015,243,21.378
8/31/2015,243,21.282
8/31/2015,243,21.378
8/31/2015,243,22.142
8/31/2015,243,23.581
8/31/2015,243,25.028
8/31/2015,243,29.053
8/31/2015,243,27.075
8/31/2015,243,32.704
8/31/2015,243,30.76
8/31/2015,243,31.88
8/31/2015,243,34.691
8/31/2015,243,32.188
8/31/2015,243,26.879
8/31/2015,243,24.448
8/31/2015,243,22.525
8/31/2015,243,21.951
8/31/2015,243,21.855
8/31/2015,243,21.664
8/31/2015,243,21.473
9/1/2015,244,21.378
9/1/2015,244,21.091
9/1/2015,244,20.901
9/1/2015,244,20.901
9/1/2015,244,21.855
9/1/2015,244,21.378
9/1/2015,244,21.378
9/1/2015,244,22.333
9/1/2015,244,23.1
9/1/2015,244,24.255
9/1/2015,244,27.961
9/1/2015,244,30.154
9/1/2015,244,31.676
9/1/2015,244,33.118
9/1/2015,244,33.43
9/1/2015,244,36.187
9/1/2015,244,38.268
9/1/2015,244,33.953
9/1/2015,244,24.062
9/1/2015,244,19.092
9/1/2015,244,17.094
9/1/2015,244,16.141
9/1/2015,244,14.709
9/1/2015,244,15.187
9/2/2015,245,16.237
9/2/2015,245,15.569
9/2/2015,245,15.855
9/2/2015,245,15.664
9/2/2015,245,15.569
9/2/2015,245,15.473
9/2/2015,245,16.523
9/2/2015,245,18.616
9/2/2015,245,21.091
9/2/2015,245,23.484
9/2/2015,245,29.152
9/2/2015,245,32.086
9/2/2015,245,32.704
9/2/2015,245,33.014
9/2/2015,245,33.743
9/2/2015,245,34.691
9/2/2015,245,34.903
9/2/2015,245,29.752
9/2/2015,245,24.351
9/2/2015,245,21.378
9/2/2015,245,20.424
9/2/2015,245,20.519
9/2/2015,245,20.329
9/2/2015,245,20.519
9/3/2015,246,20.519
9/3/2015,246,20.615
9/3/2015,246,20.424
9/3/2015,246,20.329
9/3/2015,246,20.615
9/3/2015,246,20.519
9/3/2015,246,20.615
9/3/2015,246,21.569
9/3/2015,246,23.1
9/3/2015,246,25.125
9/3/2015,246,29.853
9/3/2015,246,33.222
9/3/2015,246,34.479
9/3/2015,246,34.163
9/3/2015,246,34.374
9/3/2015,246,35.115
9/3/2015,246,36.187
9/3/2015,246,30.76
9/3/2015,246,25.125
9/3/2015,246,22.812
9/3/2015,246,19.948
9/3/2015,246,20.615
9/3/2015,246,19.758
9/3/2015,246,20.138
9/4/2015,247,18.521
9/4/2015,247,18.806
9/4/2015,247,19.472
9/4/2015,247,21.473
9/4/2015,247,22.046
9/4/2015,247,20.996
9/4/2015,247,20.615
9/4/2015,247,21.187
9/4/2015,247,21.76
9/4/2015,247,23.196
9/4/2015,247,26.977
9/4/2015,247,28.655
9/4/2015,247,28.357
9/4/2015,247,25.805
9/4/2015,247,27.173
9/4/2015,247,27.075
9/4/2015,247,25.805
9/4/2015,247,23.292
9/4/2015,247,21.091
9/4/2015,247,19.377
9/4/2015,247,18.996
9/4/2015,247,18.426
9/4/2015,247,17.855
9/4/2015,247,16.999
9/5/2015,248,16.713
9/5/2015,248,16.237
9/5/2015,248,15.855
9/5/2015,248,15.664
9/5/2015,248,15.951
9/5/2015,248,15.855
9/5/2015,248,16.523
9/5/2015,248,17.855
9/5/2015,248,19.377
9/5/2015,248,20.615
9/5/2015,248,25.805
9/5/2015,248,28.159
9/5/2015,248,29.652
9/5/2015,248,29.953
9/5/2015,248,31.064
9/5/2015,248,33.743
9/5/2015,248,35.542
9/5/2015,248,31.88
9/5/2015,248,20.996
9/5/2015,248,16.046
9/5/2015,248,10.553
9/5/2015,248,8.382
9/5/2015,248,7.079
9/5/2015,248,6.775
9/6/2015,249,6.268
9/6/2015,249,6.064
9/6/2015,249,5.552
9/6/2015,249,4.727
9/6/2015,249,4.519
9/6/2015,249,4.207
9/6/2015,249,4.623
9/6/2015,249,7.983
9/6/2015,249,16.332
9/6/2015,249,19.282
9/6/2015,249,28.456
9/6/2015,249,31.268
9/6/2015,249,33.118
9/6/2015,249,33.014
9/6/2015,249,31.88
9/6/2015,249,32.497
9/6/2015,249,35.435
9/6/2015,249,28.456
9/6/2015,249,20.71
9/6/2015,249,17.189
9/6/2015,249,15.569
9/6/2015,249,15.76
9/6/2015,249,15.664
9/6/2015,249,16.332
9/7/2015,250,16.999
9/7/2015,250,15.76
9/7/2015,250,16.046
9/7/2015,250,18.426
9/7/2015,250,17.379
9/7/2015,250,16.713
9/7/2015,250,17.284
9/7/2015,250,19.377
9/7/2015,250,20.71
9/7/2015,250,22.238
9/7/2015,250,28.159
9/7/2015,250,31.574
9/7/2015,250,32.394
9/7/2015,250,32.188
9/7/2015,250,32.6
9/7/2015,250,34.691
9/7/2015,250,35.009
9/7/2015,250,28.456
9/7/2015,250,23.196
9/7/2015,250,21.378
9/7/2015,250,20.996
9/7/2015,250,20.901
9/7/2015,250,20.996
9/7/2015,250,20.901
9/8/2015,251,20.901
9/8/2015,251,20.901
9/8/2015,251,20.615
9/8/2015,251,20.615
9/8/2015,251,20.71
9/8/2015,251,20.71
9/8/2015,251,20.901
9/8/2015,251,21.664
9/8/2015,251,23.1
9/8/2015,251,24.931
9/8/2015,251,29.652
9/8/2015,251,31.268
9/8/2015,251,32.497
9/8/2015,251,33.014
9/8/2015,251,33.953
9/8/2015,251,34.691
9/8/2015,251,34.163
9/8/2015,251,27.764
9/8/2015,251,24.545
9/8/2015,251,22.717
9/8/2015,251,22.142
9/8/2015,251,21.855
9/8/2015,251,21.664
9/8/2015,251,21.378
9/9/2015,252,21.187
9/9/2015,252,20.805
9/9/2015,252,20.901
9/9/2015,252,21.091
9/9/2015,252,21.187
9/9/2015,252,21.378
9/9/2015,252,22.238
9/9/2015,252,22.717
9/9/2015,252,23.966
9/9/2015,252,25.708
9/9/2015,252,30.659
9/9/2015,252,33.535
9/9/2015,252,34.374
9/9/2015,252,35.649
9/9/2015,252,36.511
9/9/2015,252,37.384
9/9/2015,252,36.511
9/9/2015,252,29.953
9/9/2015,252,25.125
9/9/2015,252,23.196
9/9/2015,252,22.621
9/9/2015,252,22.812
9/9/2015,252,22.812
9/9/2015,252,22.908
9/10/2015,253,22.621
9/10/2015,253,22.621
9/10/2015,253,22.238
9/10/2015,253,21.664
9/10/2015,253,22.238
9/10/2015,253,22.525
9/10/2015,253,22.429
9/10/2015,253,22.333
9/10/2015,253,24.931
9/10/2015,253,25.416
9/10/2015,253,26.977
9/10/2015,253,33.953
9/10/2015,253,34.796
9/10/2015,253,28.953
9/10/2015,253,27.37
9/10/2015,253,28.953
9/10/2015,253,25.319
9/10/2015,253,23.292
9/10/2015,253,21.951
9/10/2015,253,22.429
9/10/2015,253,22.238
9/10/2015,253,22.046
9/10/2015,253,21.951
9/10/2015,253,21.473
9/11/2015,254,21.569
9/11/2015,254,22.046
9/11/2015,254,21.951
9/11/2015,254,21.282
9/11/2015,254,21.187
9/11/2015,254,21.187
9/11/2015,254,21.378
9/11/2015,254,21.282
9/11/2015,254,21.664
9/11/2015,254,21.664
9/11/2015,254,20.043
9/11/2015,254,21.282
9/11/2015,254,21.569
9/11/2015,254,20.901
9/11/2015,254,20.519
9/11/2015,254,19.948
9/11/2015,254,19.282
9/11/2015,254,19.567
9/11/2015,254,19.377
9/11/2015,254,18.426
9/11/2015,254,18.426
9/11/2015,254,18.521
9/11/2015,254,18.331
9/11/2015,254,18.14
9/12/2015,255,17.76
9/12/2015,255,17.284
9/12/2015,255,16.999
9/12/2015,255,16.427
9/12/2015,255,16.523
9/12/2015,255,15.855
9/12/2015,255,16.332
9/12/2015,255,17.57
9/12/2015,255,19.282
9/12/2015,255,20.424
9/12/2015,255,25.319
9/12/2015,255,27.862
9/12/2015,255,29.053
9/12/2015,255,29.752
9/12/2015,255,26.585
9/12/2015,255,32.704
9/12/2015,255,31.983
9/12/2015,255,22.142
9/12/2015,255,18.901
9/12/2015,255,17.475
9/12/2015,255,17.189
9/12/2015,255,17.379
9/12/2015,255,17.665
9/12/2015,255,17.475
9/13/2015,256,17.094
9/13/2015,256,16.903
9/13/2015,256,16.237
9/13/2015,256,15.664
9/13/2015,256,16.046
9/13/2015,256,16.903
9/13/2015,256,16.999
9/13/2015,256,17.57
9/13/2015,256,19.187
9/13/2015,256,21.664
9/13/2015,256,22.621
9/13/2015,256,26.488
9/13/2015,256,32.086
9/13/2015,256,27.567
9/13/2015,256,28.953
9/13/2015,256,26.879
9/13/2015,256,23.677
9/13/2015,256,23.004
9/13/2015,256,20.805
9/13/2015,256,20.996
9/13/2015,256,20.805
9/13/2015,256,20.424
9/13/2015,256,19.948
9/13/2015,256,19.853
9/14/2015,257,19.282
9/14/2015,257,18.806
9/14/2015,257,17.95
9/14/2015,257,17.57
9/14/2015,257,17.284
9/14/2015,257,16.427
9/14/2015,257,16.427
9/14/2015,257,17.094
9/14/2015,257,18.331
9/14/2015,257,19.187
9/14/2015,257,23.1
9/14/2015,257,22.621
9/14/2015,257,20.424
9/14/2015,257,26.195
9/14/2015,257,27.37
9/14/2015,257,27.468
9/14/2015,257,29.652
9/14/2015,257,23.581
9/14/2015,257,19.567
9/14/2015,257,18.616
9/14/2015,257,17.76
9/14/2015,257,18.045
9/14/2015,257,17.475
9/14/2015,257,17.475
9/15/2015,258,17.284
9/15/2015,258,17.57
9/15/2015,258,16.999
9/15/2015,258,17.094
9/15/2015,258,16.618
9/15/2015,258,17.094
9/15/2015,258,17.094
9/15/2015,258,18.426
9/15/2015,258,19.282
9/15/2015,258,20.519
9/15/2015,258,26
9/15/2015,258,28.159
9/15/2015,258,29.452
9/15/2015,258,31.37
9/15/2015,258,33.222
9/15/2015,258,33.326
9/15/2015,258,33.535
9/15/2015,258,25.319
9/15/2015,258,20.901
9/15/2015,258,19.377
9/15/2015,258,19.472
9/15/2015,258,19.472
9/15/2015,258,19.567
9/15/2015,258,18.806
9/16/2015,259,18.711
9/16/2015,259,17.76
9/16/2015,259,17.379
9/16/2015,259,17.95
9/16/2015,259,18.045
9/16/2015,259,18.045
9/16/2015,259,18.521
9/16/2015,259,19.662
9/16/2015,259,20.71
9/16/2015,259,22.238
9/16/2015,259,27.173
9/16/2015,259,28.258
9/16/2015,259,30.558
9/16/2015,259,30.862
9/16/2015,259,32.497
9/16/2015,259,34.796
9/16/2015,259,36.728
9/16/2015,259,28.258
9/16/2015,259,22.429
9/16/2015,259,18.236
9/16/2015,259,15.664
9/16/2015,259,15.091
9/16/2015,259,13.365
9/16/2015,259,13.173
9/17/2015,260,14.23
9/17/2015,260,17.475
9/17/2015,260,18.426
9/17/2015,260,16.999
9/17/2015,260,14.613
9/17/2015,260,14.325
9/17/2015,260,16.237
9/17/2015,260,18.616
9/17/2015,260,20.805
9/17/2015,260,22.333
9/17/2015,260,28.357
9/17/2015,260,30.255
9/17/2015,260,30.862
9/17/2015,260,32.086
9/17/2015,260,31.37
9/17/2015,260,32.6
9/17/2015,260,32.911
9/17/2015,260,24.062
9/17/2015,260,21.473
9/17/2015,260,19.567
9/17/2015,260,19.282
9/17/2015,260,18.806
9/17/2015,260,18.806
9/17/2015,260,18.426
9/18/2015,261,18.996
9/18/2015,261,18.996
9/18/2015,261,18.806
9/18/2015,261,18.901
9/18/2015,261,18.14
9/18/2015,261,17.95
9/18/2015,261,17.57
9/18/2015,261,18.616
9/18/2015,261,21.282
9/18/2015,261,21.951
9/18/2015,261,27.567
9/18/2015,261,30.457
9/18/2015,261,31.88
9/18/2015,261,31.983
9/18/2015,261,34.058
9/18/2015,261,35.864
9/18/2015,261,33.43
9/18/2015,261,25.513
9/18/2015,261,21.569
9/18/2015,261,19.377
9/18/2015,261,17.57
9/18/2015,261,16.141
9/18/2015,261,16.713
9/18/2015,261,17.379
9/19/2015,262,16.427
9/19/2015,262,17.284
9/19/2015,262,16.523
9/19/2015,262,15.473
9/19/2015,262,14.9
9/19/2015,262,17.95
9/19/2015,262,18.521
9/19/2015,262,18.616
9/19/2015,262,20.901
9/19/2015,262,23.1
9/19/2015,262,29.252
9/19/2015,262,29.752
9/19/2015,262,31.472
9/19/2015,262,31.166
9/19/2015,262,31.983
9/19/2015,262,32.911
9/19/2015,262,30.558
9/19/2015,262,24.738
9/19/2015,262,22.429
9/19/2015,262,20.615
9/19/2015,262,20.138
9/19/2015,262,19.758
9/19/2015,262,19.377
9/19/2015,262,18.806
9/20/2015,263,19.377
9/20/2015,263,19.853
9/20/2015,263,18.806
9/20/2015,263,19.377
9/20/2015,263,19.187
9/20/2015,263,20.329
9/20/2015,263,20.138
9/20/2015,263,20.519
9/20/2015,263,21.951
9/20/2015,263,23.388
9/20/2015,263,28.258
9/20/2015,263,30.862
9/20/2015,263,32.497
9/20/2015,263,27.272
9/20/2015,263,25.805
9/20/2015,263,22.621
9/20/2015,263,21.282
9/20/2015,263,20.519
9/20/2015,263,19.472
9/20/2015,263,18.331
9/20/2015,263,18.045
9/20/2015,263,17.665
9/20/2015,263,17.57
9/20/2015,263,17.57
9/21/2015,264,17.284
9/21/2015,264,17.189
9/21/2015,264,16.618
9/21/2015,264,16.618
9/21/2015,264,16.618
9/21/2015,264,16.427
9/21/2015,264,16.237
9/21/2015,264,16.618
9/21/2015,264,17.189
9/21/2015,264,17.57
9/21/2015,264,19.662
9/21/2015,264,19.567
9/21/2015,264,20.329
9/21/2015,264,22.621
9/21/2015,264,20.615
9/21/2015,264,22.717
9/21/2015,264,25.513
9/21/2015,264,17.094
9/21/2015,264,16.999
9/21/2015,264,15.378
9/21/2015,264,15.473
9/21/2015,264,15.187
9/21/2015,264,15.569
9/21/2015,264,15.187
9/22/2015,265,14.9
9/22/2015,265,15.569
9/22/2015,265,15.473
9/22/2015,265,14.9
9/22/2015,265,14.804
9/22/2015,265,15.091
9/22/2015,265,15.76
9/22/2015,265,16.237
9/22/2015,265,17.189
9/22/2015,265,18.14
9/22/2015,265,19.758
9/22/2015,265,21.664
9/22/2015,265,22.238
9/22/2015,265,22.908
9/22/2015,265,25.319
9/22/2015,265,24.351
9/22/2015,265,20.615
9/22/2015,265,18.331
9/22/2015,265,16.808
9/22/2015,265,16.141
9/22/2015,265,15.76
9/22/2015,265,14.9
9/22/2015,265,14.9
9/22/2015,265,15.091
9/23/2015,266,15.569
9/23/2015,266,14.804
9/23/2015,266,14.996
9/23/2015,266,14.9
9/23/2015,266,15.187
9/23/2015,266,15.378
9/23/2015,266,15.282
9/23/2015,266,15.473
9/23/2015,266,16.713
9/23/2015,266,17.95
9/23/2015,266,21.569
9/23/2015,266,22.717
9/23/2015,266,23.004
9/23/2015,266,24.158
9/23/2015,266,25.902
9/23/2015,266,28.655
9/23/2015,266,27.961
9/23/2015,266,20.043
9/23/2015,266,16.332
9/23/2015,266,14.517
9/23/2015,266,14.23
9/23/2015,266,14.23
9/23/2015,266,14.038
9/23/2015,266,13.75
9/24/2015,267,13.365
9/24/2015,267,12.11
9/24/2015,267,12.497
9/24/2015,267,12.304
9/24/2015,267,13.365
9/24/2015,267,14.517
9/24/2015,267,14.9
9/24/2015,267,15.951
9/24/2015,267,17.57
9/24/2015,267,18.996
9/24/2015,267,23.484
9/24/2015,267,25.125
9/24/2015,267,25.416
9/24/2015,267,26.097
9/24/2015,267,26.781
9/24/2015,267,27.862
9/24/2015,267,26.39
9/24/2015,267,19.853
9/24/2015,267,17.57
9/24/2015,267,16.618
9/24/2015,267,16.523
9/24/2015,267,16.332
9/24/2015,267,16.046
9/24/2015,267,15.569
9/25/2015,268,14.613
9/25/2015,268,14.9
9/25/2015,268,14.996
9/25/2015,268,15.187
9/25/2015,268,15.378
9/25/2015,268,15.664
9/25/2015,268,15.378
9/25/2015,268,15.378
9/25/2015,268,16.427
9/25/2015,268,17.95
9/25/2015,268,22.429
9/25/2015,268,23.388
9/25/2015,268,23.869
9/25/2015,268,22.812
9/25/2015,268,25.125
9/25/2015,268,25.222
9/25/2015,268,20.519
9/25/2015,268,17.95
9/25/2015,268,15.664
9/25/2015,268,14.517
9/25/2015,268,14.613
9/25/2015,268,14.517
9/25/2015,268,14.325
9/25/2015,268,14.23
9/26/2015,269,13.846
9/26/2015,269,13.75
9/26/2015,269,13.461
9/26/2015,269,13.269
9/26/2015,269,13.75
9/26/2015,269,13.942
9/26/2015,269,14.325
9/26/2015,269,14.709
9/26/2015,269,15.951
9/26/2015,269,16.903
9/26/2015,269,19.853
9/26/2015,269,21.282
9/26/2015,269,22.525
9/26/2015,269,22.908
9/26/2015,269,23.484
9/26/2015,269,21.187
9/26/2015,269,20.519
9/26/2015,269,15.855
9/26/2015,269,14.421
9/26/2015,269,13.269
9/26/2015,269,12.98
9/26/2015,269,12.11
9/26/2015,269,8.779
9/26/2015,269,6.37
9/27/2015,270,4.934
9/27/2015,270,3.367
9/27/2015,270,4.311
9/27/2015,270,3.998
9/27/2015,270,3.261
9/27/2015,270,5.86
9/27/2015,270,7.381
9/27/2015,270,8.082
9/27/2015,270,13.269
9/27/2015,270,16.427
9/27/2015,270,22.908
9/27/2015,270,24.835
9/27/2015,270,25.708
9/27/2015,270,27.272
9/27/2015,270,30.356
9/27/2015,270,34.903
9/27/2015,270,28.655
9/27/2015,270,21.187
9/27/2015,270,17.379
9/27/2015,270,12.401
9/27/2015,270,10.259
9/27/2015,270,9.077
9/27/2015,270,8.68
9/27/2015,270,9.768
9/28/2015,271,9.373
9/28/2015,271,9.866
9/28/2015,271,10.259
9/28/2015,271,12.401
9/28/2015,271,14.9
9/28/2015,271,15.378
9/28/2015,271,14.038
9/28/2015,271,16.713
9/28/2015,271,19.187
9/28/2015,271,22.046
9/28/2015,271,27.173
9/28/2015,271,28.258
9/28/2015,271,29.352
9/28/2015,271,30.558
9/28/2015,271,32.6
9/28/2015,271,31.37
9/28/2015,271,26.781
9/28/2015,271,23.004
9/28/2015,271,20.996
9/28/2015,271,18.711
9/28/2015,271,19.948
9/28/2015,271,20.043
9/28/2015,271,19.282
9/28/2015,271,19.567
9/29/2015,272,18.901
9/29/2015,272,18.331
9/29/2015,272,18.521
9/29/2015,272,18.426
9/29/2015,272,18.045
9/29/2015,272,18.616
9/29/2015,272,19.472
9/29/2015,272,19.853
9/29/2015,272,20.329
9/29/2015,272,22.717
9/29/2015,272,25.222
9/29/2015,272,24.545
9/29/2015,272,23.966
9/29/2015,272,26.683
9/29/2015,272,26.39
9/29/2015,272,30.862
9/29/2015,272,28.555
9/29/2015,272,24.448
9/29/2015,272,21.569
9/29/2015,272,20.234
9/29/2015,272,20.519
9/29/2015,272,20.519
9/29/2015,272,19.948
9/29/2015,272,20.329
9/30/2015,273,20.519
9/30/2015,273,20.615
9/30/2015,273,21.091
9/30/2015,273,21.091
9/30/2015,273,21.187
9/30/2015,273,20.901
9/30/2015,273,21.091
9/30/2015,273,20.71
9/30/2015,273,20.519
9/30/2015,273,20.805
9/30/2015,273,21.76
9/30/2015,273,21.473
9/30/2015,273,23.1
9/30/2015,273,21.951
9/30/2015,273,21.187
9/30/2015,273,21.473
9/30/2015,273,21.282
9/30/2015,273,21.664
9/30/2015,273,21.187
9/30/2015,273,20.805
9/30/2015,273,16.808
9/30/2015,273,16.427
9/30/2015,273,15.951
9/30/2015,273,15.76
10/1/2015,274,16.046
10/1/2015,274,16.427
10/1/2015,274,16.237
10/1/2015,274,16.332
10/1/2015,274,15.569
10/1/2015,274,14.9
10/1/2015,274,14.709
10/1/2015,274,14.23
10/1/2015,274,14.325
10/1/2015,274,13.846
10/1/2015,274,14.134
10/1/2015,274,14.421
10/1/2015,274,14.23
10/1/2015,274,13.846
10/1/2015,274,14.23
10/1/2015,274,13.558
10/1/2015,274,13.942
10/1/2015,274,13.461
10/1/2015,274,12.98
10/1/2015,274,12.883
10/1/2015,274,13.076
10/1/2015,274,13.076
10/1/2015,274,12.98
10/1/2015,274,12.787
10/2/2015,275,12.594
10/2/2015,275,12.787
10/2/2015,275,12.787
10/2/2015,275,12.69
10/2/2015,275,12.69
10/2/2015,275,12.69
10/2/2015,275,12.401
10/2/2015,275,12.594
10/2/2015,275,12.787
10/2/2015,275,12.69
10/2/2015,275,12.69
10/2/2015,275,12.883
10/2/2015,275,12.883
10/2/2015,275,12.69
10/2/2015,275,12.594
10/2/2015,275,12.69
10/2/2015,275,12.594
10/2/2015,275,12.401
10/2/2015,275,12.013
10/2/2015,275,11.916
10/2/2015,275,12.013
10/2/2015,275,11.722
10/2/2015,275,11.916
10/2/2015,275,12.11
10/3/2015,276,12.207
10/3/2015,276,12.013
10/3/2015,276,12.013
10/3/2015,276,11.916
10/3/2015,276,11.819
10/3/2015,276,11.722
10/3/2015,276,11.722
10/3/2015,276,12.11
10/3/2015,276,12.594
10/3/2015,276,12.594
10/3/2015,276,12.594
10/3/2015,276,13.654
10/3/2015,276,15.378
10/3/2015,276,14.804
10/3/2015,276,15.855
10/3/2015,276,14.613
10/3/2015,276,13.942
10/3/2015,276,13.076
10/3/2015,276,12.98
10/3/2015,276,12.98
10/3/2015,276,12.98
10/3/2015,276,12.98
10/3/2015,276,12.98
10/3/2015,276,12.787
10/4/2015,277,12.594
10/4/2015,277,12.497
10/4/2015,277,12.401
10/4/2015,277,12.013
10/4/2015,277,11.916
10/4/2015,277,11.722
10/4/2015,277,11.431
10/4/2015,277,11.139
10/4/2015,277,12.013
10/4/2015,277,13.461
10/4/2015,277,14.996
10/4/2015,277,16.618
10/4/2015,277,15.664
10/4/2015,277,15.664
10/4/2015,277,16.141
10/4/2015,277,17.76
10/4/2015,277,15.187
10/4/2015,277,13.558
10/4/2015,277,12.304
10/4/2015,277,12.013
10/4/2015,277,12.11
10/4/2015,277,11.916
10/4/2015,277,12.11
10/4/2015,277,12.207
10/5/2015,278,12.304
10/5/2015,278,12.497
10/5/2015,278,13.076
10/5/2015,278,13.076
10/5/2015,278,13.173
10/5/2015,278,12.883
10/5/2015,278,13.269
10/5/2015,278,13.461
10/5/2015,278,14.134
10/5/2015,278,14.9
10/5/2015,278,15.473
10/5/2015,278,15.76
10/5/2015,278,16.332
10/5/2015,278,17.57
10/5/2015,278,18.711
10/5/2015,278,20.996
10/5/2015,278,16.332
10/5/2015,278,14.613
10/5/2015,278,14.325
10/5/2015,278,14.23
10/5/2015,278,14.23
10/5/2015,278,14.325
10/5/2015,278,14.134
10/5/2015,278,13.558
10/6/2015,279,13.846
10/6/2015,279,13.942
10/6/2015,279,13.942
10/6/2015,279,14.038
10/6/2015,279,13.558
10/6/2015,279,13.076
10/6/2015,279,12.883
10/6/2015,279,12.98
10/6/2015,279,14.23
10/6/2015,279,16.237
10/6/2015,279,17.855
10/6/2015,279,21.282
10/6/2015,279,22.238
10/6/2015,279,22.621
10/6/2015,279,25.805
10/6/2015,279,27.37
10/6/2015,279,23.869
10/6/2015,279,15.951
10/6/2015,279,13.076
10/6/2015,279,7.882
10/6/2015,279,6.978
10/6/2015,279,6.471
10/6/2015,279,4.415
10/6/2015,279,3.893
10/7/2015,280,3.049
10/7/2015,280,3.788
10/7/2015,280,3.683
10/7/2015,280,4.727
10/7/2015,280,8.779
10/7/2015,280,10.944
10/7/2015,280,10.944
10/7/2015,280,11.236
10/7/2015,280,12.787
10/7/2015,280,14.804
10/7/2015,280,15.951
10/7/2015,280,20.519
10/7/2015,280,22.238
10/7/2015,280,23.292
10/7/2015,280,27.764
10/7/2015,280,30.356
10/7/2015,280,25.805
10/7/2015,280,17.094
10/7/2015,280,13.461
10/7/2015,280,11.722
10/7/2015,280,13.076
10/7/2015,280,13.558
10/7/2015,280,13.076
10/7/2015,280,14.517
10/8/2015,281,13.558
10/8/2015,281,13.558
10/8/2015,281,13.076
10/8/2015,281,13.173
10/8/2015,281,13.365
10/8/2015,281,13.076
10/8/2015,281,13.076
10/8/2015,281,13.365
10/8/2015,281,14.23
10/8/2015,281,15.473
10/8/2015,281,19.377
10/8/2015,281,20.901
10/8/2015,281,21.855
10/8/2015,281,23.004
10/8/2015,281,27.075
10/8/2015,281,27.862
10/8/2015,281,25.028
10/8/2015,281,15.76
10/8/2015,281,11.041
10/8/2015,281,6.064
10/8/2015,281,3.367
10/8/2015,281,2.73
10/8/2015,281,2.517
10/8/2015,281,2.41
10/9/2015,282,5.86
10/9/2015,282,6.775
10/9/2015,282,7.481
10/9/2015,282,8.581
10/9/2015,282,8.68
10/9/2015,282,10.259
10/9/2015,282,11.334
10/9/2015,282,12.69
10/9/2015,282,14.134
10/9/2015,282,16.523
10/9/2015,282,17.475
10/9/2015,282,22.908
10/9/2015,282,24.448
10/9/2015,282,25.416
10/9/2015,282,21.091
10/9/2015,282,19.662
10/9/2015,282,20.138
10/9/2015,282,18.711
10/9/2015,282,17.95
10/9/2015,282,18.14
10/9/2015,282,18.426
10/9/2015,282,18.331
10/9/2015,282,17.475
10/9/2015,282,17.189
10/10/2015,283,16.999
10/10/2015,283,15.569
10/10/2015,283,15.091
10/10/2015,283,14.038
10/10/2015,283,12.497
10/10/2015,283,11.236
10/10/2015,283,11.334
10/10/2015,283,11.041
10/10/2015,283,11.431
10/10/2015,283,12.497
10/10/2015,283,16.046
10/10/2015,283,17.855
10/10/2015,283,18.616
10/10/2015,283,21.569
10/10/2015,283,22.908
10/10/2015,283,22.812
10/10/2015,283,18.711
10/10/2015,283,12.98
10/10/2015,283,7.582
10/10/2015,283,2.624
10/10/2015,283,1.98
10/10/2015,283,0.563
10/10/2015,283,0.674
10/10/2015,283,1.112
10/11/2015,284,1.221
10/11/2015,284,2.73
10/11/2015,284,6.166
10/11/2015,284,7.28
10/11/2015,284,6.978
10/11/2015,284,6.978
10/11/2015,284,7.582
10/11/2015,284,6.978
10/11/2015,284,11.722
10/11/2015,284,15.664
10/11/2015,284,21.569
10/11/2015,284,22.525
10/11/2015,284,23.1
10/11/2015,284,25.708
10/11/2015,284,26.977
10/11/2015,284,26
10/11/2015,284,21.378
10/11/2015,284,16.523
10/11/2015,284,13.558
10/11/2015,284,12.883
10/11/2015,284,12.98
10/11/2015,284,13.076
10/11/2015,284,13.365
10/11/2015,284,13.269
10/12/2015,285,13.365
10/12/2015,285,13.076
10/12/2015,285,12.69
10/12/2015,285,12.207
10/12/2015,285,11.041
10/12/2015,285,10.651
10/12/2015,285,11.431
10/12/2015,285,12.11
10/12/2015,285,14.804
10/12/2015,285,17.379
10/12/2015,285,23.004
10/12/2015,285,24.835
10/12/2015,285,26.195
10/12/2015,285,29.053
10/12/2015,285,31.064
10/12/2015,285,29.953
10/12/2015,285,23.581
10/12/2015,285,17.76
10/12/2015,285,14.613
10/12/2015,285,13.365
10/12/2015,285,13.269
10/12/2015,285,13.269
10/12/2015,285,13.269
10/12/2015,285,14.421
10/13/2015,286,14.613
10/13/2015,286,15.282
10/13/2015,286,16.427
10/13/2015,286,16.713
10/13/2015,286,17.379
10/13/2015,286,17.95
10/13/2015,286,18.901
10/13/2015,286,18.996
10/13/2015,286,20.138
10/13/2015,286,18.045
10/13/2015,286,20.805
10/13/2015,286,25.416
10/13/2015,286,25.416
10/13/2015,286,24.545
10/13/2015,286,30.457
10/13/2015,286,29.152
10/13/2015,286,24.062
10/13/2015,286,19.472
10/13/2015,286,17.57
10/13/2015,286,17.094
10/13/2015,286,17.284
10/13/2015,286,16.713
10/13/2015,286,16.618
10/13/2015,286,16.523
10/14/2015,287,16.237
10/14/2015,287,16.046
10/14/2015,287,16.046
10/14/2015,287,15.664
10/14/2015,287,15.187
10/14/2015,287,15.855
10/14/2015,287,15.187
10/14/2015,287,13.558
10/14/2015,287,15.187
10/14/2015,287,16.903
10/14/2015,287,22.046
10/14/2015,287,23.773
10/14/2015,287,20.519
10/14/2015,287,26.683
10/14/2015,287,28.655
10/14/2015,287,26.977
10/14/2015,287,20.901
10/14/2015,287,16.999
10/14/2015,287,15.282
10/14/2015,287,15.282
10/14/2015,287,15.951
10/14/2015,287,15.855
10/14/2015,287,14.421
10/14/2015,287,14.23
10/15/2015,288,13.365
10/15/2015,288,12.401
10/15/2015,288,12.207
10/15/2015,288,11.722
10/15/2015,288,11.041
10/15/2015,288,10.651
10/15/2015,288,10.161
10/15/2015,288,10.944
10/15/2015,288,12.11
10/15/2015,288,12.787
10/15/2015,288,15.282
10/15/2015,288,17.95
10/15/2015,288,19.567
10/15/2015,288,23.484
10/15/2015,288,28.159
10/15/2015,288,25.805
10/15/2015,288,18.045
10/15/2015,288,13.076
10/15/2015,288,9.866
10/15/2015,288,10.259
10/15/2015,288,10.944
10/15/2015,288,11.334
10/15/2015,288,12.013
10/15/2015,288,12.013
10/16/2015,289,12.401
10/16/2015,289,12.401
10/16/2015,289,12.883
10/16/2015,289,12.787
10/16/2015,289,12.883
10/16/2015,289,13.173
10/16/2015,289,12.594
10/16/2015,289,13.269
10/16/2015,289,15.378
10/16/2015,289,17.855
10/16/2015,289,20.615
10/16/2015,289,14.23
10/16/2015,289,21.378
10/16/2015,289,25.805
10/16/2015,289,27.37
10/16/2015,289,24.448
10/16/2015,289,20.805
10/16/2015,289,15.282
10/16/2015,289,12.207
10/16/2015,289,10.651
10/16/2015,289,11.431
10/16/2015,289,12.11
10/16/2015,289,10.553
10/16/2015,289,8.779
10/17/2015,290,6.674
10/17/2015,290,7.983
10/17/2015,290,6.573
10/17/2015,290,5.141
10/17/2015,290,1.548
10/17/2015,290,0.232
10/17/2015,290,3.261
10/17/2015,290,7.882
10/17/2015,290,10.063
10/17/2015,290,13.173
10/17/2015,290,16.903
10/17/2015,290,17.57
10/17/2015,290,20.805
10/17/2015,290,23.484
10/17/2015,290,24.641
10/17/2015,290,17.855
10/17/2015,290,15.473
10/17/2015,290,11.041
10/17/2015,290,8.978
10/17/2015,290,8.68
10/17/2015,290,8.581
10/17/2015,290,8.282
10/17/2015,290,8.082
10/17/2015,290,8.082
10/18/2015,291,7.782
10/18/2015,291,7.28
10/18/2015,291,7.079
10/18/2015,291,6.268
10/18/2015,291,6.166
10/18/2015,291,5.655
10/18/2015,291,5.244
10/18/2015,291,4.311
10/18/2015,291,4.831
10/18/2015,291,5.552
10/18/2015,291,9.176
10/18/2015,291,10.944
10/18/2015,291,10.846
10/18/2015,291,15.091
10/18/2015,291,11.625
10/18/2015,291,8.382
10/18/2015,291,9.275
10/18/2015,291,5.757
10/18/2015,291,5.45
10/18/2015,291,5.244
10/18/2015,291,4.934
10/18/2015,291,4.831
10/18/2015,291,4.831
10/18/2015,291,4.623
10/19/2015,292,4.934
10/19/2015,292,4.207
10/19/2015,292,3.998
10/19/2015,292,3.893
10/19/2015,292,3.472
10/19/2015,292,3.367
10/19/2015,292,3.155
10/19/2015,292,3.049
10/19/2015,292,3.788
10/19/2015,292,5.45
10/19/2015,292,9.275
10/19/2015,292,10.748
10/19/2015,292,13.269
10/19/2015,292,19.187
10/19/2015,292,19.282
10/19/2015,292,19.567
10/19/2015,292,11.041
10/19/2015,292,6.064
10/19/2015,292,3.578
10/19/2015,292,4.102
10/19/2015,292,4.831
10/19/2015,292,6.674
10/19/2015,292,7.481
10/19/2015,292,8.382
10/20/2015,293,9.373
10/20/2015,293,9.965
10/20/2015,293,11.041
10/20/2015,293,12.013
10/20/2015,293,12.207
10/20/2015,293,12.401
10/20/2015,293,12.11
10/20/2015,293,12.401
10/20/2015,293,13.654
10/20/2015,293,16.141
10/20/2015,293,19.472
10/20/2015,293,20.901
10/20/2015,293,24.931
10/20/2015,293,23.677
10/20/2015,293,24.448
10/20/2015,293,22.812
10/20/2015,293,18.331
10/20/2015,293,15.76
10/20/2015,293,14.517
10/20/2015,293,14.613
10/20/2015,293,14.709
10/20/2015,293,15.187
10/20/2015,293,14.613
10/20/2015,293,14.325
10/21/2015,294,14.325
10/21/2015,294,14.325
10/21/2015,294,14.421
10/21/2015,294,14.613
10/21/2015,294,14.421
10/21/2015,294,13.942
10/21/2015,294,13.654
10/21/2015,294,13.558
10/21/2015,294,15.378
10/21/2015,294,18.331
10/21/2015,294,19.662
10/21/2015,294,25.319
10/21/2015,294,23.292
10/21/2015,294,27.37
10/21/2015,294,22.717
10/21/2015,294,27.764
10/21/2015,294,19.948
10/21/2015,294,16.237
10/21/2015,294,11.041
10/21/2015,294,8.779
10/21/2015,294,10.161
10/21/2015,294,10.063
10/21/2015,294,11.041
10/21/2015,294,12.013
10/22/2015,295,11.916
10/22/2015,295,11.139
10/22/2015,295,11.334
10/22/2015,295,12.69
10/22/2015,295,13.076
10/22/2015,295,12.11
10/22/2015,295,11.334
10/22/2015,295,13.365
10/22/2015,295,14.9
10/22/2015,295,17.284
10/22/2015,295,22.621
10/22/2015,295,24.545
10/22/2015,295,27.961
10/22/2015,295,28.555
10/22/2015,295,26.781
10/22/2015,295,24.738
10/22/2015,295,19.758
10/22/2015,295,17.57
10/22/2015,295,16.523
10/22/2015,295,16.808
10/22/2015,295,16.713
10/22/2015,295,16.237
10/22/2015,295,16.618
10/22/2015,295,16.618
10/23/2015,296,16.237
10/23/2015,296,15.855
10/23/2015,296,15.664
10/23/2015,296,14.517
10/23/2015,296,14.134
10/23/2015,296,12.69
10/23/2015,296,12.69
10/23/2015,296,11.916
10/23/2015,296,12.401
10/23/2015,296,13.076
10/23/2015,296,16.237
10/23/2015,296,12.69
10/23/2015,296,12.11
10/23/2015,296,10.748
10/23/2015,296,10.455
10/23/2015,296,10.553
10/23/2015,296,9.866
10/23/2015,296,9.373
10/23/2015,296,9.176
10/23/2015,296,9.275
10/23/2015,296,8.581
10/23/2015,296,8.481
10/23/2015,296,8.978
10/23/2015,296,8.581
10/24/2015,297,9.176
10/24/2015,297,9.176
10/24/2015,297,9.077
10/24/2015,297,9.275
10/24/2015,297,9.077
10/24/2015,297,8.879
10/24/2015,297,8.978
10/24/2015,297,8.779
10/24/2015,297,9.176
10/24/2015,297,10.063
10/24/2015,297,11.916
10/24/2015,297,12.304
10/24/2015,297,13.269
10/24/2015,297,13.75
10/24/2015,297,11.819
10/24/2015,297,13.558
10/24/2015,297,12.594
10/24/2015,297,11.139
10/24/2015,297,9.669
10/24/2015,297,9.077
10/24/2015,297,8.879
10/24/2015,297,8.978
10/24/2015,297,7.983
10/24/2015,297,5.757
10/25/2015,298,7.079
10/25/2015,298,8.978
10/25/2015,298,9.571
10/25/2015,298,9.669
10/25/2015,298,10.357
10/25/2015,298,11.431
10/25/2015,298,12.11
10/25/2015,298,12.304
10/25/2015,298,12.98
10/25/2015,298,14.709
10/25/2015,298,15.569
10/25/2015,298,15.855
10/25/2015,298,17.475
10/25/2015,298,17.76
10/25/2015,298,16.523
10/25/2015,298,16.618
10/25/2015,298,14.9
10/25/2015,298,15.091
10/25/2015,298,13.365
10/25/2015,298,13.654
10/25/2015,298,13.365
10/25/2015,298,12.207
10/25/2015,298,11.625
10/25/2015,298,12.401
10/26/2015,299,12.207
10/26/2015,299,11.431
10/26/2015,299,10.651
10/26/2015,299,10.063
10/26/2015,299,9.669
10/26/2015,299,9.373
10/26/2015,299,9.176
10/26/2015,299,9.373
10/26/2015,299,9.866
10/26/2015,299,10.748
10/26/2015,299,13.269
10/26/2015,299,13.942
10/26/2015,299,15.951
10/26/2015,299,13.75
10/26/2015,299,18.616
10/26/2015,299,18.045
10/26/2015,299,12.594
10/26/2015,299,9.275
10/26/2015,299,7.782
10/26/2015,299,7.079
10/26/2015,299,6.978
10/26/2015,299,6.37
10/26/2015,299,5.962
10/26/2015,299,1.98
10/27/2015,300,-0.213
10/27/2015,300,-2.03
10/27/2015,300,-2.962
10/27/2015,300,-3.079
10/27/2015,300,-2.727
10/27/2015,300,-2.03
10/27/2015,300,-2.844
10/27/2015,300,-3.316
10/27/2015,300,1.221
10/27/2015,300,8.879
10/27/2015,300,18.236
10/27/2015,300,18.521
10/27/2015,300,13.942
10/27/2015,300,16.046
10/27/2015,300,17.475
10/27/2015,300,21.091
10/27/2015,300,15.855
10/27/2015,300,10.161
10/27/2015,300,4.311
10/27/2015,300,0.121
10/27/2015,300,0.674
10/27/2015,300,2.41
10/27/2015,300,1.003
10/27/2015,300,-0.549
10/28/2015,301,-1.001
10/28/2015,301,-1.114
10/28/2015,301,0.121
10/28/2015,301,1.764
10/28/2015,301,3.049
10/28/2015,301,6.166
10/28/2015,301,6.877
10/28/2015,301,7.179
10/28/2015,301,10.357
10/28/2015,301,13.654
10/28/2015,301,16.999
10/28/2015,301,19.758
10/28/2015,301,16.332
10/28/2015,301,15.282
10/28/2015,301,13.846
10/28/2015,301,13.75
10/28/2015,301,13.75
10/28/2015,301,14.421
10/28/2015,301,14.804
10/28/2015,301,15.282
10/28/2015,301,15.473
10/28/2015,301,15.282
10/28/2015,301,15.951
10/28/2015,301,16.332
10/29/2015,302,16.713
10/29/2015,302,17.284
10/29/2015,302,17.189
10/29/2015,302,17.379
10/29/2015,302,17.76
10/29/2015,302,17.189
10/29/2015,302,17.189
10/29/2015,302,18.14
10/29/2015,302,17.57
10/29/2015,302,17.665
10/29/2015,302,17.95
10/29/2015,302,18.616
10/29/2015,302,20.043
10/29/2015,302,19.567
10/29/2015,302,26
10/29/2015,302,20.615
10/29/2015,302,18.711
10/29/2015,302,16.713
10/29/2015,302,15.951
10/29/2015,302,15.569
10/29/2015,302,14.421
10/29/2015,302,14.325
10/29/2015,302,14.804
10/29/2015,302,13.461
10/30/2015,303,13.173
10/30/2015,303,13.269
10/30/2015,303,12.883
10/30/2015,303,12.497
10/30/2015,303,11.139
10/30/2015,303,10.161
10/30/2015,303,10.063
10/30/2015,303,10.651
10/30/2015,303,10.846
10/30/2015,303,12.304
10/30/2015,303,19.472
10/30/2015,303,19.472
10/30/2015,303,22.717
10/30/2015,303,26.683
10/30/2015,303,27.665
10/30/2015,303,24.158
10/30/2015,303,17.475
10/30/2015,303,13.076
10/30/2015,303,8.879
10/30/2015,303,7.682
10/30/2015,303,10.357
10/30/2015,303,9.965
10/30/2015,303,10.553
10/30/2015,303,9.965
10/31/2015,304,9.077
10/31/2015,304,8.581
10/31/2015,304,7.682
10/31/2015,304,6.978
10/31/2015,304,6.471
10/31/2015,304,6.064
10/31/2015,304,5.347
10/31/2015,304,1.439
10/31/2015,304,2.303
10/31/2015,304,10.161
10/31/2015,304,21.855
10/31/2015,304,19.948
10/31/2015,304,24.545
10/31/2015,304,27.567
10/31/2015,304,26.39
10/31/2015,304,22.429
10/31/2015,304,14.421
10/31/2015,304,10.357
10/31/2015,304,5.347
10/31/2015,304,6.064
10/31/2015,304,7.682
10/31/2015,304,7.582
10/31/2015,304,8.481
10/31/2015,304,9.669
11/1/2015,305,10.553
11/1/2015,305,11.334
11/1/2015,305,11.334
11/1/2015,305,11.041
11/1/2015,305,11.041
11/1/2015,305,11.528
11/1/2015,305,11.041
11/1/2015,305,9.866
11/1/2015,305,11.334
11/1/2015,305,13.269
11/1/2015,305,14.804
11/1/2015,305,16.523
11/1/2015,305,20.329
11/1/2015,305,19.092
11/1/2015,305,17.475
11/1/2015,305,17.094
11/1/2015,305,16.332
11/1/2015,305,15.855
11/1/2015,305,15.282
11/1/2015,305,14.804
11/1/2015,305,13.942
11/1/2015,305,13.654
11/1/2015,305,13.558
11/1/2015,305,13.365
11/2/2015,306,13.461
11/2/2015,306,13.75
11/2/2015,306,13.076
11/2/2015,306,12.883
11/2/2015,306,12.013
11/2/2015,306,11.916
11/2/2015,306,10.455
11/2/2015,306,9.768
11/2/2015,306,11.041
11/2/2015,306,13.654
11/2/2015,306,18.996
11/2/2015,306,20.901
11/2/2015,306,19.472
11/2/2015,306,23.292
11/2/2015,306,18.236
11/2/2015,306,17.189
11/2/2015,306,15.76
11/2/2015,306,13.269
11/2/2015,306,8.182
11/2/2015,306,6.471
11/2/2015,306,6.064
11/2/2015,306,5.037
11/2/2015,306,4.415
11/2/2015,306,2.837
11/3/2015,307,3.998
11/3/2015,307,5.347
11/3/2015,307,4.623
11/3/2015,307,6.877
11/3/2015,307,6.674
11/3/2015,307,7.582
11/3/2015,307,8.978
11/3/2015,307,8.978
11/3/2015,307,10.748
11/3/2015,307,14.9
11/3/2015,307,23.196
11/3/2015,307,23.388
11/3/2015,307,27.468
11/3/2015,307,28.555
11/3/2015,307,27.764
11/3/2015,307,24.545
11/3/2015,307,18.236
11/3/2015,307,14.709
11/3/2015,307,13.365
11/3/2015,307,13.076
11/3/2015,307,12.594
11/3/2015,307,12.401
11/3/2015,307,12.304
11/3/2015,307,11.139
11/4/2015,308,10.553
11/4/2015,308,10.651
11/4/2015,308,10.357
11/4/2015,308,11.722
11/4/2015,308,12.207
11/4/2015,308,12.11
11/4/2015,308,11.431
11/4/2015,308,11.139
11/4/2015,308,12.594
11/4/2015,308,15.282
11/4/2015,308,21.76
11/4/2015,308,20.805
11/4/2015,308,24.738
11/4/2015,308,26.781
11/4/2015,308,25.902
11/4/2015,308,25.028
11/4/2015,308,17.76
11/4/2015,308,13.75
11/4/2015,308,8.481
11/4/2015,308,5.962
11/4/2015,308,6.064
11/4/2015,308,7.983
11/4/2015,308,9.669
11/4/2015,308,10.553
11/5/2015,309,10.357
11/5/2015,309,11.041
11/5/2015,309,10.944
11/5/2015,309,11.819
11/5/2015,309,11.819
11/5/2015,309,12.304
11/5/2015,309,13.269
11/5/2015,309,13.654
11/5/2015,309,15.091
11/5/2015,309,17.57
11/5/2015,309,24.835
11/5/2015,309,23.292
11/5/2015,309,28.754
11/5/2015,309,27.764
11/5/2015,309,28.555
11/5/2015,309,21.951
11/5/2015,309,19.377
11/5/2015,309,16.523
11/5/2015,309,15.855
11/5/2015,309,15.76
11/5/2015,309,15.664
11/5/2015,309,15.855
11/5/2015,309,16.141
11/5/2015,309,15.664
11/6/2015,310,16.141
11/6/2015,310,16.618
11/6/2015,310,16.808
11/6/2015,310,16.713
11/6/2015,310,16.332
11/6/2015,310,16.427
11/6/2015,310,16.713
11/6/2015,310,16.713
11/6/2015,310,16.999
11/6/2015,310,17.094
11/6/2015,310,18.045
11/6/2015,310,18.045
11/6/2015,310,20.234
11/6/2015,310,18.521
11/6/2015,310,18.996
11/6/2015,310,17.855
11/6/2015,310,17.665
11/6/2015,310,16.427
11/6/2015,310,16.237
11/6/2015,310,16.046
11/6/2015,310,16.141
11/6/2015,310,16.237
11/6/2015,310,16.141
11/6/2015,310,16.046
11/7/2015,311,16.046
11/7/2015,311,15.664
11/7/2015,311,15.76
11/7/2015,311,15.855
11/7/2015,311,15.282
11/7/2015,311,15.378
11/7/2015,311,14.9
11/7/2015,311,13.942
11/7/2015,311,13.846
11/7/2015,311,15.378
11/7/2015,311,21.664
11/7/2015,311,21.187
11/7/2015,311,18.521
11/7/2015,311,18.14
11/7/2015,311,19.567
11/7/2015,311,15.951
11/7/2015,311,15.664
11/7/2015,311,13.269
11/7/2015,311,12.497
11/7/2015,311,13.173
11/7/2015,311,13.173
11/7/2015,311,13.076
11/7/2015,311,12.883
11/7/2015,311,12.69
11/8/2015,312,12.11
11/8/2015,312,11.819
11/8/2015,312,11.431
11/8/2015,312,10.846
11/8/2015,312,10.259
11/8/2015,312,9.669
11/8/2015,312,9.373
11/8/2015,312,8.779
11/8/2015,312,10.161
11/8/2015,312,12.594
11/8/2015,312,15.187
11/8/2015,312,14.9
11/8/2015,312,19.853
11/8/2015,312,22.908
11/8/2015,312,24.062
11/8/2015,312,22.525
11/8/2015,312,16.618
11/8/2015,312,10.063
11/8/2015,312,7.28
11/8/2015,312,7.682
11/8/2015,312,7.582
11/8/2015,312,8.879
11/8/2015,312,7.983
11/8/2015,312,8.581
11/9/2015,313,7.983
11/9/2015,313,7.481
11/9/2015,313,6.471
11/9/2015,313,6.268
11/9/2015,313,6.064
11/9/2015,313,5.347
11/9/2015,313,5.347
11/9/2015,313,4.934
11/9/2015,313,9.077
11/9/2015,313,17.094
11/9/2015,313,22.908
11/9/2015,313,21.664
11/9/2015,313,26.39
11/9/2015,313,27.173
11/9/2015,313,25.708
11/9/2015,313,23.869
11/9/2015,313,16.332
11/9/2015,313,11.625
11/9/2015,313,10.651
11/9/2015,313,10.846
11/9/2015,313,10.651
11/9/2015,313,10.455
11/9/2015,313,9.669
11/9/2015,313,10.357
11/10/2015,314,10.455
11/10/2015,314,10.455
11/10/2015,314,10.063
11/10/2015,314,8.978
11/10/2015,314,7.983
11/10/2015,314,8.382
11/10/2015,314,9.176
11/10/2015,314,10.846
11/10/2015,314,11.041
11/10/2015,314,12.594
11/10/2015,314,14.517
11/10/2015,314,16.237
11/10/2015,314,16.618
11/10/2015,314,16.808
11/10/2015,314,16.237
11/10/2015,314,14.134
11/10/2015,314,12.787
11/10/2015,314,12.69
11/10/2015,314,12.497
11/10/2015,314,12.594
11/10/2015,314,12.594
11/10/2015,314,12.69
11/10/2015,314,12.594
11/10/2015,314,12.594
11/11/2015,315,12.594
11/11/2015,315,12.69
11/11/2015,315,12.594
11/11/2015,315,12.401
11/11/2015,315,12.401
11/11/2015,315,12.304
11/11/2015,315,12.401
11/11/2015,315,12.594
11/11/2015,315,12.69
11/11/2015,315,13.173
11/11/2015,315,13.558
11/11/2015,315,13.269
11/11/2015,315,13.269
11/11/2015,315,12.69
11/11/2015,315,12.013
11/11/2015,315,11.916
11/11/2015,315,11.236
11/11/2015,315,11.139
11/11/2015,315,11.041
11/11/2015,315,10.944
11/11/2015,315,10.846
11/11/2015,315,10.651
11/11/2015,315,10.357
11/11/2015,315,10.063
11/12/2015,316,10.063
11/12/2015,316,9.768
11/12/2015,316,9.866
11/12/2015,316,10.063
11/12/2015,316,10.063
11/12/2015,316,10.161
11/12/2015,316,9.768
11/12/2015,316,9.669
11/12/2015,316,9.866
11/12/2015,316,10.846
11/12/2015,316,11.139
11/12/2015,316,12.11
11/12/2015,316,12.11
11/12/2015,316,11.819
11/12/2015,316,10.944
11/12/2015,316,11.431
11/12/2015,316,11.334
11/12/2015,316,11.722
11/12/2015,316,12.497
11/12/2015,316,12.98
11/12/2015,316,13.076
11/12/2015,316,13.461
11/12/2015,316,13.75
11/12/2015,316,13.942
11/13/2015,317,13.75
11/13/2015,317,14.421
11/13/2015,317,13.942
11/13/2015,317,13.365
11/13/2015,317,12.69
11/13/2015,317,11.722
11/13/2015,317,11.236
11/13/2015,317,11.236
11/13/2015,317,12.69
11/13/2015,317,16.141
11/13/2015,317,19.567
11/13/2015,317,18.616
11/13/2015,317,22.429
11/13/2015,317,23.388
11/13/2015,317,23.388
11/13/2015,317,22.812
11/13/2015,317,16.999
11/13/2015,317,12.98
11/13/2015,317,12.013
11/13/2015,317,11.819
11/13/2015,317,11.916
11/13/2015,317,10.944
11/13/2015,317,10.455
11/13/2015,317,10.748
11/14/2015,318,10.455
11/14/2015,318,9.571
11/14/2015,318,8.182
11/14/2015,318,8.282
11/14/2015,318,7.782
11/14/2015,318,7.381
11/14/2015,318,6.978
11/14/2015,318,6.978
11/14/2015,318,8.481
11/14/2015,318,12.207
11/14/2015,318,15.76
11/14/2015,318,15.951
11/14/2015,318,18.806
11/14/2015,318,16.999
11/14/2015,318,15.187
11/14/2015,318,10.161
11/14/2015,318,8.282
11/14/2015,318,5.86
11/14/2015,318,5.552
11/14/2015,318,5.45
11/14/2015,318,5.347
11/14/2015,318,4.934
11/14/2015,318,3.998
11/14/2015,318,4.415
11/15/2015,319,4.727
11/15/2015,319,3.893
11/15/2015,319,3.893
11/15/2015,319,4.207
11/15/2015,319,4.623
11/15/2015,319,4.727
11/15/2015,319,4.831
11/15/2015,319,5.552
11/15/2015,319,7.079
11/15/2015,319,10.748
11/15/2015,319,14.23
11/15/2015,319,16.903
11/15/2015,319,20.805
11/15/2015,319,18.901
11/15/2015,319,16.999
11/15/2015,319,19.758
11/15/2015,319,14.613
11/15/2015,319,11.041
11/15/2015,319,10.455
11/15/2015,319,10.553
11/15/2015,319,10.651
11/15/2015,319,11.334
11/15/2015,319,11.139
11/15/2015,319,11.041
11/16/2015,320,10.944
11/16/2015,320,10.357
11/16/2015,320,8.978
11/16/2015,320,8.282
11/16/2015,320,9.176
11/16/2015,320,9.275
11/16/2015,320,8.082
11/16/2015,320,6.573
11/16/2015,320,7.782
11/16/2015,320,15.378
11/16/2015,320,19.282
11/16/2015,320,23.869
11/16/2015,320,24.738
11/16/2015,320,24.931
11/16/2015,320,26.292
11/16/2015,320,26
11/16/2015,320,17.189
11/16/2015,320,11.528
11/16/2015,320,9.571
11/16/2015,320,9.669
11/16/2015,320,10.357
11/16/2015,320,9.965
11/16/2015,320,9.275
11/16/2015,320,8.481
11/17/2015,321,7.582
11/17/2015,321,6.775
11/17/2015,321,6.268
11/17/2015,321,5.962
11/17/2015,321,5.757
11/17/2015,321,5.86
11/17/2015,321,5.962
11/17/2015,321,5.45
11/17/2015,321,5.962
11/17/2015,321,6.674
11/17/2015,321,11.625
11/17/2015,321,13.461
11/17/2015,321,12.98
11/17/2015,321,14.421
11/17/2015,321,15.473
11/17/2015,321,16.427
11/17/2015,321,9.866
11/17/2015,321,6.064
11/17/2015,321,5.244
11/17/2015,321,5.037
11/17/2015,321,3.578
11/17/2015,321,0.784
11/17/2015,321,-0.437
11/17/2015,321,-0.102
11/18/2015,322,3.367
11/18/2015,322,5.244
11/18/2015,322,0.343
11/18/2015,322,-3.672
11/18/2015,322,-5.87
11/18/2015,322,-6.882
11/18/2015,322,-8.447
11/18/2015,322,-4.88
11/18/2015,322,-4.636
11/18/2015,322,11.819
11/18/2015,322,16.046
11/18/2015,322,18.616
11/18/2015,322,17.189
11/18/2015,322,23.292
11/18/2015,322,24.448
11/18/2015,322,22.333
11/18/2015,322,12.787
11/18/2015,322,6.573
11/18/2015,322,-2.03
11/18/2015,322,-2.61
11/18/2015,322,-4.152
11/18/2015,322,-4.031
11/18/2015,322,-5.125
11/18/2015,322,-2.962
11/19/2015,323,-4.636
11/19/2015,323,-3.079
11/19/2015,323,0.232
11/19/2015,323,4.415
11/19/2015,323,5.141
11/19/2015,323,5.552
11/19/2015,323,5.86
11/19/2015,323,7.079
11/19/2015,323,8.68
11/19/2015,323,9.965
11/19/2015,323,10.748
11/19/2015,323,13.654
11/19/2015,323,13.558
11/19/2015,323,13.654
11/19/2015,323,15.091
11/19/2015,323,14.134
11/19/2015,323,12.98
11/19/2015,323,12.304
11/19/2015,323,12.304
11/19/2015,323,12.304
11/19/2015,323,11.819
11/19/2015,323,12.497
11/19/2015,323,12.98
11/19/2015,323,13.461
11/20/2015,324,13.269
11/20/2015,324,13.558
11/20/2015,324,13.654
11/20/2015,324,13.942
11/20/2015,324,13.076
11/20/2015,324,13.461
11/20/2015,324,13.942
11/20/2015,324,13.558
11/20/2015,324,13.75
11/20/2015,324,13.75
11/20/2015,324,13.846
11/20/2015,324,14.9
11/20/2015,324,15.091
11/20/2015,324,15.76
11/20/2015,324,13.461
11/20/2015,324,15.569
11/20/2015,324,14.23
11/20/2015,324,11.528
11/20/2015,324,10.846
11/20/2015,324,10.553
11/20/2015,324,10.259
11/20/2015,324,10.063
11/20/2015,324,9.571
11/20/2015,324,9.077
11/21/2015,325,8.581
11/21/2015,325,8.68
11/21/2015,325,8.68
11/21/2015,325,8.68
11/21/2015,325,8.282
11/21/2015,325,7.782
11/21/2015,325,7.882
11/21/2015,325,7.782
11/21/2015,325,8.382
11/21/2015,325,9.275
11/21/2015,325,14.038
11/21/2015,325,14.038
11/21/2015,325,16.332
11/21/2015,325,16.427
11/21/2015,325,16.523
11/21/2015,325,15.76
11/21/2015,325,10.553
11/21/2015,325,7.682
11/21/2015,325,6.978
11/21/2015,325,6.268
11/21/2015,325,4.102
11/21/2015,325,-1.114
11/21/2015,325,-3.553
11/21/2015,325,-2.261
11/22/2015,326,3.155
11/22/2015,326,5.655
11/22/2015,326,6.471
11/22/2015,326,1.98
11/22/2015,326,0.674
11/22/2015,326,-0.102
11/22/2015,326,1.872
11/22/2015,326,5.037
11/22/2015,326,8.879
11/22/2015,326,11.236
11/22/2015,326,12.594
11/22/2015,326,13.365
11/22/2015,326,13.173
11/22/2015,326,13.365
11/22/2015,326,13.173
11/22/2015,326,13.076
11/22/2015,326,12.11
11/22/2015,326,11.139
11/22/2015,326,10.455
11/22/2015,326,9.965
11/22/2015,326,9.176
11/22/2015,326,8.382
11/22/2015,326,7.983
11/22/2015,326,7.682
11/23/2015,327,7.079
11/23/2015,327,7.381
11/23/2015,327,7.179
11/23/2015,327,7.28
11/23/2015,327,6.775
11/23/2015,327,5.552
11/23/2015,327,5.45
11/23/2015,327,5.037
11/23/2015,327,5.244
11/23/2015,327,5.757
11/23/2015,327,6.268
11/23/2015,327,7.782
11/23/2015,327,9.472
11/23/2015,327,8.382
11/23/2015,327,7.481
11/23/2015,327,8.779
11/23/2015,327,5.655
11/23/2015,327,4.623
11/23/2015,327,3.683
11/23/2015,327,3.788
11/23/2015,327,3.578
11/23/2015,327,2.41
11/23/2015,327,1.656
11/23/2015,327,1.33
11/24/2015,328,1.112
11/24/2015,328,0.563
11/24/2015,328,0.674
11/24/2015,328,0.121
11/24/2015,328,0.343
11/24/2015,328,0.232
11/24/2015,328,0.343
11/24/2015,328,0.343
11/24/2015,328,1.112
11/24/2015,328,5.552
11/24/2015,328,8.68
11/24/2015,328,11.916
11/24/2015,328,13.654
11/24/2015,328,15.664
11/24/2015,328,15.664
11/24/2015,328,15.664
11/24/2015,328,8.879
11/24/2015,328,2.303
11/24/2015,328,-2.261
11/24/2015,328,-5.003
11/24/2015,328,-2.494
11/24/2015,328,2.73
11/24/2015,328,2.624
11/24/2015,328,1.221
11/25/2015,329,3.261
11/25/2015,329,0.674
11/25/2015,329,0.343
11/25/2015,329,2.303
11/25/2015,329,3.578
11/25/2015,329,4.102
11/25/2015,329,3.998
11/25/2015,329,3.998
11/25/2015,329,4.831
11/25/2015,329,10.944
11/25/2015,329,15.282
11/25/2015,329,17.189
11/25/2015,329,18.426
11/25/2015,329,18.14
11/25/2015,329,17.95
11/25/2015,329,16.808
11/25/2015,329,10.651
11/25/2015,329,5.141
11/25/2015,329,-2.145
11/25/2015,329,-4.152
11/25/2015,329,-1.57
11/25/2015,329,-1.228
11/25/2015,329,-0.325
11/25/2015,329,0.121
11/26/2015,330,2.517
11/26/2015,330,3.367
11/26/2015,330,5.141
11/26/2015,330,5.037
11/26/2015,330,5.347
11/26/2015,330,5.757
11/26/2015,330,6.471
11/26/2015,330,7.079
11/26/2015,330,8.082
11/26/2015,330,13.269
11/26/2015,330,17.094
11/26/2015,330,19.187
11/26/2015,330,19.758
11/26/2015,330,19.758
11/26/2015,330,19.472
11/26/2015,330,18.901
11/26/2015,330,14.134
11/26/2015,330,10.748
11/26/2015,330,9.571
11/26/2015,330,9.472
11/26/2015,330,9.669
11/26/2015,330,9.571
11/26/2015,330,9.472
11/26/2015,330,9.472
11/27/2015,331,9.176
11/27/2015,331,8.879
11/27/2015,331,8.481
11/27/2015,331,7.381
11/27/2015,331,7.682
11/27/2015,331,7.179
11/27/2015,331,7.682
11/27/2015,331,7.782
11/27/2015,331,8.879
11/27/2015,331,14.613
11/27/2015,331,18.616
11/27/2015,331,22.142
11/27/2015,331,22.429
11/27/2015,331,23.196
11/27/2015,331,24.158
11/27/2015,331,21.951
11/27/2015,331,15.855
11/27/2015,331,11.916
11/27/2015,331,11.139
11/27/2015,331,10.944
11/27/2015,331,11.041
11/27/2015,331,11.625
11/27/2015,331,11.819
11/27/2015,331,11.916
11/28/2015,332,11.431
11/28/2015,332,12.013
11/28/2015,332,11.916
11/28/2015,332,12.304
11/28/2015,332,11.625
11/28/2015,332,11.334
11/28/2015,332,11.625
11/28/2015,332,11.431
11/28/2015,332,11.334
11/28/2015,332,12.98
11/28/2015,332,13.558
11/28/2015,332,15.473
11/28/2015,332,16.046
11/28/2015,332,17.855
11/28/2015,332,18.426
11/28/2015,332,13.173
11/28/2015,332,10.259
11/28/2015,332,9.571
11/28/2015,332,9.571
11/28/2015,332,8.879
11/28/2015,332,8.382
11/28/2015,332,8.481
11/28/2015,332,7.882
11/28/2015,332,7.582
11/29/2015,333,7.682
11/29/2015,333,7.983
11/29/2015,333,7.582
11/29/2015,333,7.582
11/29/2015,333,7.179
11/29/2015,333,7.079
11/29/2015,333,7.179
11/29/2015,333,6.775
11/29/2015,333,6.877
11/29/2015,333,6.37
11/29/2015,333,7.079
11/29/2015,333,7.682
11/29/2015,333,9.965
11/29/2015,333,12.883
11/29/2015,333,16.618
11/29/2015,333,15.091
11/29/2015,333,8.779
11/29/2015,333,4.934
11/29/2015,333,4.102
11/29/2015,333,4.623
11/29/2015,333,5.45
11/29/2015,333,4.727
11/29/2015,333,3.893
11/29/2015,333,4.207
11/30/2015,334,4.623
11/30/2015,334,4.831
11/30/2015,334,4.831
11/30/2015,334,4.519
11/30/2015,334,4.102
11/30/2015,334,3.578
11/30/2015,334,3.683
11/30/2015,334,1.98
11/30/2015,334,3.683
11/30/2015,334,4.207
11/30/2015,334,5.552
11/30/2015,334,8.082
11/30/2015,334,14.517
11/30/2015,334,13.365
11/30/2015,334,13.75
11/30/2015,334,9.768
11/30/2015,334,6.674
11/30/2015,334,1.548
11/30/2015,334,-3.672
11/30/2015,334,-6.499
11/30/2015,334,-7.397
11/30/2015,334,-8.58
11/30/2015,334,-8.58
11/30/2015,334,-8.847
12/1/2015,335,-8.182
12/1/2015,335,-8.58
12/1/2015,335,-7.527
12/1/2015,335,-5.372
12/1/2015,335,-3.434
12/1/2015,335,-1.914
12/1/2015,335,-1.914
12/1/2015,335,-1.228
12/1/2015,335,-1.684
12/1/2015,335,2.088
12/1/2015,335,7.079
12/1/2015,335,7.782
12/1/2015,335,8.978
12/1/2015,335,8.282
12/1/2015,335,7.682
12/1/2015,335,6.471
12/1/2015,335,6.37
12/1/2015,335,6.775
12/1/2015,335,7.179
12/1/2015,335,7.983
12/1/2015,335,8.779
12/1/2015,335,10.259
12/1/2015,335,11.819
12/1/2015,335,12.304
12/2/2015,336,12.787
12/2/2015,336,11.431
12/2/2015,336,11.041
12/2/2015,336,10.748
12/2/2015,336,9.768
12/2/2015,336,9.669
12/2/2015,336,9.077
12/2/2015,336,9.077
12/2/2015,336,8.68
12/2/2015,336,9.571
12/2/2015,336,11.139
12/2/2015,336,10.944
12/2/2015,336,11.431
12/2/2015,336,12.11
12/2/2015,336,12.69
12/2/2015,336,13.173
12/2/2015,336,13.076
12/2/2015,336,13.076
12/2/2015,336,13.076
12/2/2015,336,13.558
12/2/2015,336,13.654
12/2/2015,336,12.98
12/2/2015,336,12.69
12/2/2015,336,12.787
12/3/2015,337,12.401
12/3/2015,337,13.654
12/3/2015,337,14.038
12/3/2015,337,13.365
12/3/2015,337,12.304
12/3/2015,337,12.11
12/3/2015,337,11.625
12/3/2015,337,11.236
12/3/2015,337,10.651
12/3/2015,337,10.846
12/3/2015,337,13.461
12/3/2015,337,15.855
12/3/2015,337,17.379
12/3/2015,337,18.236
12/3/2015,337,17.57
12/3/2015,337,14.134
12/3/2015,337,11.139
12/3/2015,337,7.481
12/3/2015,337,6.775
12/3/2015,337,6.674
12/3/2015,337,6.877
12/3/2015,337,6.674
12/3/2015,337,6.268
12/3/2015,337,5.655
12/4/2015,338,5.45
12/4/2015,338,5.347
12/4/2015,338,5.552
12/4/2015,338,5.244
12/4/2015,338,5.655
12/4/2015,338,5.655
12/4/2015,338,5.347
12/4/2015,338,5.141
12/4/2015,338,4.831
12/4/2015,338,9.077
12/4/2015,338,13.461
12/4/2015,338,17.284
12/4/2015,338,18.045
12/4/2015,338,18.331
12/4/2015,338,21.378
12/4/2015,338,NA
12/4/2015,338,NA
12/4/2015,338,NA
