#,Date ,Temp
1,5/21/2015 15:00,20.234
2,5/21/2015 16:00,17.665
3,5/21/2015 17:00,16.427
4,5/21/2015 18:00,17.094
5,5/21/2015 19:00,12.69
6,5/21/2015 20:00,11.431
7,5/21/2015 21:00,11.236
8,5/21/2015 22:00,10.553
9,5/21/2015 23:00,10.161
10,5/22/2015 0:00,9.965
11,5/22/2015 1:00,9.669
12,5/22/2015 2:00,9.768
13,5/22/2015 3:00,9.275
14,5/22/2015 4:00,9.077
15,5/22/2015 5:00,9.373
16,5/22/2015 6:00,9.571
17,5/22/2015 7:00,9.768
18,5/22/2015 8:00,10.944
19,5/22/2015 9:00,14.23
20,5/22/2015 10:00,18.806
21,5/22/2015 11:00,20.901
22,5/22/2015 12:00,20.424
23,5/22/2015 13:00,20.805
24,5/22/2015 14:00,19.948
25,5/22/2015 15:00,21.282
26,5/22/2015 16:00,19.662
27,5/22/2015 17:00,18.616
28,5/22/2015 18:00,21.282
29,5/22/2015 19:00,15.664
30,5/22/2015 20:00,13.654
31,5/22/2015 21:00,12.594
32,5/22/2015 22:00,11.334
33,5/22/2015 23:00,14.804
34,5/23/2015 0:00,14.804
35,5/23/2015 1:00,14.325
36,5/23/2015 2:00,13.076
37,5/23/2015 3:00,11.528
38,5/23/2015 4:00,11.625
39,5/23/2015 5:00,10.651
40,5/23/2015 6:00,15.091
41,5/23/2015 7:00,19.472
42,5/23/2015 8:00,14.517
43,5/23/2015 9:00,15.76
44,5/23/2015 10:00,17.57
45,5/23/2015 11:00,19.567
46,5/23/2015 12:00,20.71
47,5/23/2015 13:00,19.092
48,5/23/2015 14:00,18.711
49,5/23/2015 15:00,16.999
50,5/23/2015 16:00,16.903
51,5/23/2015 17:00,15.187
52,5/23/2015 18:00,18.901
53,5/23/2015 19:00,12.497
54,5/23/2015 20:00,10.357
55,5/23/2015 21:00,10.063
56,5/23/2015 22:00,9.571
57,5/23/2015 23:00,9.669
58,5/24/2015 0:00,9.768
59,5/24/2015 1:00,9.965
60,5/24/2015 2:00,9.866
61,5/24/2015 3:00,9.768
62,5/24/2015 4:00,9.965
63,5/24/2015 5:00,10.161
64,5/24/2015 6:00,14.325
65,5/24/2015 7:00,20.138
66,5/24/2015 8:00,18.045
67,5/24/2015 9:00,19.472
68,5/24/2015 10:00,19.948
69,5/24/2015 11:00,21.187
70,5/24/2015 12:00,21.091
71,5/24/2015 13:00,21.473
72,5/24/2015 14:00,21.282
73,5/24/2015 15:00,20.805
74,5/24/2015 16:00,20.234
75,5/24/2015 17:00,18.901
76,5/24/2015 18:00,18.331
77,5/24/2015 19:00,14.804
78,5/24/2015 20:00,13.365
79,5/24/2015 21:00,12.98
80,5/24/2015 22:00,12.883
81,5/24/2015 23:00,13.076
82,5/25/2015 0:00,12.883
83,5/25/2015 1:00,12.594
84,5/25/2015 2:00,12.207
85,5/25/2015 3:00,12.401
86,5/25/2015 4:00,12.013
87,5/25/2015 5:00,11.819
88,5/25/2015 6:00,12.98
89,5/25/2015 7:00,22.908
90,5/25/2015 8:00,20.234
91,5/25/2015 9:00,21.569
92,5/25/2015 10:00,22.908
93,5/25/2015 11:00,24.158
94,5/25/2015 12:00,23.388
95,5/25/2015 13:00,23.966
96,5/25/2015 14:00,23.484
97,5/25/2015 15:00,23.292
98,5/25/2015 16:00,20.138
99,5/25/2015 17:00,17.475
100,5/25/2015 18:00,16.808
101,5/25/2015 19:00,15.664
102,5/25/2015 20:00,14.421
103,5/25/2015 21:00,14.517
104,5/25/2015 22:00,14.325
105,5/25/2015 23:00,14.325
106,5/26/2015 0:00,14.517
107,5/26/2015 1:00,14.613
108,5/26/2015 2:00,14.325
109,5/26/2015 3:00,14.9
110,5/26/2015 4:00,15.091
111,5/26/2015 5:00,14.23
112,5/26/2015 6:00,17.57
113,5/26/2015 7:00,17.189
114,5/26/2015 8:00,20.329
115,5/26/2015 9:00,22.717
116,5/26/2015 10:00,23.677
117,5/26/2015 11:00,23.388
118,5/26/2015 12:00,24.931
119,5/26/2015 13:00,22.525
120,5/26/2015 14:00,20.615
121,5/26/2015 15:00,24.545
122,5/26/2015 16:00,22.717
123,5/26/2015 17:00,20.901
124,5/26/2015 18:00,20.901
125,5/26/2015 19:00,17.284
126,5/26/2015 20:00,15.378
127,5/26/2015 21:00,15.091
128,5/26/2015 22:00,15.091
129,5/26/2015 23:00,15.091
130,5/27/2015 0:00,15.378
131,5/27/2015 1:00,15.378
132,5/27/2015 2:00,14.996
133,5/27/2015 3:00,15.282
134,5/27/2015 4:00,15.378
135,5/27/2015 5:00,15.569
136,5/27/2015 6:00,19.472
137,5/27/2015 7:00,23.581
138,5/27/2015 8:00,21.855
139,5/27/2015 9:00,23.004
140,5/27/2015 10:00,24.062
141,5/27/2015 11:00,24.158
142,5/27/2015 12:00,23.869
143,5/27/2015 13:00,23.869
144,5/27/2015 14:00,22.621
145,5/27/2015 15:00,23.869
146,5/27/2015 16:00,23.196
147,5/27/2015 17:00,21.473
148,5/27/2015 18:00,22.812
149,5/27/2015 19:00,17.95
150,5/27/2015 20:00,16.332
151,5/27/2015 21:00,16.141
152,5/27/2015 22:00,15.473
153,5/27/2015 23:00,15.473
154,5/28/2015 0:00,15.282
155,5/28/2015 1:00,15.187
156,5/28/2015 2:00,14.709
157,5/28/2015 3:00,14.9
158,5/28/2015 4:00,15.378
159,5/28/2015 5:00,15.378
160,5/28/2015 6:00,15.855
161,5/28/2015 7:00,17.379
162,5/28/2015 8:00,19.662
163,5/28/2015 9:00,21.951
164,5/28/2015 10:00,21.76
165,5/28/2015 11:00,22.621
166,5/28/2015 12:00,22.525
167,5/28/2015 13:00,22.812
168,5/28/2015 14:00,20.329
169,5/28/2015 15:00,21.76
170,5/28/2015 16:00,22.621
171,5/28/2015 17:00,23.004
172,5/28/2015 18:00,21.187
173,5/28/2015 19:00,17.855
174,5/28/2015 20:00,15.951
175,5/28/2015 21:00,15.187
176,5/28/2015 22:00,15.187
177,5/28/2015 23:00,15.951
178,5/29/2015 0:00,15.951
179,5/29/2015 1:00,14.996
180,5/29/2015 2:00,15.282
181,5/29/2015 3:00,14.709
182,5/29/2015 4:00,14.038
183,5/29/2015 5:00,14.709
184,5/29/2015 6:00,17.284
185,5/29/2015 7:00,28.06
186,5/29/2015 8:00,25.902
187,5/29/2015 9:00,27.468
188,5/29/2015 10:00,28.655
189,5/29/2015 11:00,29.152
190,5/29/2015 12:00,27.567
191,5/29/2015 13:00,27.961
192,5/29/2015 14:00,27.862
193,5/29/2015 15:00,27.961
194,5/29/2015 16:00,25.805
195,5/29/2015 17:00,24.545
196,5/29/2015 18:00,29.053
197,5/29/2015 19:00,20.424
198,5/29/2015 20:00,15.473
199,5/29/2015 21:00,14.804
200,5/29/2015 22:00,16.332
201,5/29/2015 23:00,15.569
202,5/30/2015 0:00,15.282
203,5/30/2015 1:00,15.091
204,5/30/2015 2:00,14.996
205,5/30/2015 3:00,15.378
206,5/30/2015 4:00,16.046
207,5/30/2015 5:00,15.951
208,5/30/2015 6:00,15.855
209,5/30/2015 7:00,24.738
210,5/30/2015 8:00,24.062
211,5/30/2015 9:00,25.708
212,5/30/2015 10:00,27.764
213,5/30/2015 11:00,27.764
214,5/30/2015 12:00,28.555
215,5/30/2015 13:00,27.272
216,5/30/2015 14:00,27.764
217,5/30/2015 15:00,26.683
218,5/30/2015 16:00,26
219,5/30/2015 17:00,23.869
220,5/30/2015 18:00,26.781
221,5/30/2015 19:00,20.424
222,5/30/2015 20:00,17.189
223,5/30/2015 21:00,16.808
224,5/30/2015 22:00,16.808
225,5/30/2015 23:00,16.618
226,5/31/2015 0:00,16.427
227,5/31/2015 1:00,16.618
228,5/31/2015 2:00,16.237
229,5/31/2015 3:00,16.427
230,5/31/2015 4:00,15.855
231,5/31/2015 5:00,16.427
232,5/31/2015 6:00,17.284
233,5/31/2015 7:00,22.238
234,5/31/2015 8:00,23.004
235,5/31/2015 9:00,24.835
236,5/31/2015 10:00,26.097
237,5/31/2015 11:00,26.977
238,5/31/2015 12:00,27.37
239,5/31/2015 13:00,27.961
240,5/31/2015 14:00,27.075
241,5/31/2015 15:00,26.195
242,5/31/2015 16:00,25.513
243,5/31/2015 17:00,25.125
244,5/31/2015 18:00,25.416
245,5/31/2015 19:00,19.567
246,5/31/2015 20:00,14.134
247,5/31/2015 21:00,12.98
248,5/31/2015 22:00,12.787
249,5/31/2015 23:00,12.98
250,6/1/2015 0:00,12.304
251,6/1/2015 1:00,12.11
252,6/1/2015 2:00,11.722
253,6/1/2015 3:00,11.528
254,6/1/2015 4:00,11.528
255,6/1/2015 5:00,11.916
256,6/1/2015 6:00,12.304
257,6/1/2015 7:00,13.173
258,6/1/2015 8:00,13.173
259,6/1/2015 9:00,14.325
260,6/1/2015 10:00,17.284
261,6/1/2015 11:00,17.379
262,6/1/2015 12:00,17.665
263,6/1/2015 13:00,18.901
264,6/1/2015 14:00,14.709
265,6/1/2015 15:00,14.517
266,6/1/2015 16:00,14.23
267,6/1/2015 17:00,12.497
268,6/1/2015 18:00,11.916
269,6/1/2015 19:00,11.625
270,6/1/2015 20:00,11.334
271,6/1/2015 21:00,11.431
272,6/1/2015 22:00,11.334
273,6/1/2015 23:00,11.334
274,6/2/2015 0:00,11.431
275,6/2/2015 1:00,11.528
276,6/2/2015 2:00,11.625
277,6/2/2015 3:00,11.528
278,6/2/2015 4:00,11.334
279,6/2/2015 5:00,11.236
280,6/2/2015 6:00,11.431
281,6/2/2015 7:00,11.334
282,6/2/2015 8:00,12.401
283,6/2/2015 9:00,12.883
284,6/2/2015 10:00,14.517
285,6/2/2015 11:00,16.999
286,6/2/2015 12:00,15.569
287,6/2/2015 13:00,13.076
288,6/2/2015 14:00,12.883
289,6/2/2015 15:00,13.076
290,6/2/2015 16:00,11.916
291,6/2/2015 17:00,10.944
292,6/2/2015 18:00,10.651
293,6/2/2015 19:00,10.161
294,6/2/2015 20:00,9.669
295,6/2/2015 21:00,9.472
296,6/2/2015 22:00,9.373
297,6/2/2015 23:00,9.472
298,6/3/2015 0:00,9.571
299,6/3/2015 1:00,9.669
300,6/3/2015 2:00,9.571
301,6/3/2015 3:00,9.768
302,6/3/2015 4:00,9.571
303,6/3/2015 5:00,9.669
304,6/3/2015 6:00,10.161
305,6/3/2015 7:00,10.357
306,6/3/2015 8:00,12.594
307,6/3/2015 9:00,13.365
308,6/3/2015 10:00,16.237
309,6/3/2015 11:00,18.236
310,6/3/2015 12:00,19.948
311,6/3/2015 13:00,20.138
312,6/3/2015 14:00,20.615
313,6/3/2015 15:00,18.616
314,6/3/2015 16:00,17.57
315,6/3/2015 17:00,15.378
316,6/3/2015 18:00,18.806
317,6/3/2015 19:00,12.207
318,6/3/2015 20:00,9.472
319,6/3/2015 21:00,7.079
320,6/3/2015 22:00,7.782
321,6/3/2015 23:00,6.268
322,6/4/2015 0:00,6.37
323,6/4/2015 1:00,6.978
324,6/4/2015 2:00,8.282
325,6/4/2015 3:00,8.879
326,6/4/2015 4:00,8.581
327,6/4/2015 5:00,9.176
328,6/4/2015 6:00,13.75
329,6/4/2015 7:00,18.236
330,6/4/2015 8:00,16.713
331,6/4/2015 9:00,18.616
332,6/4/2015 10:00,19.567
333,6/4/2015 11:00,20.519
334,6/4/2015 12:00,20.519
335,6/4/2015 13:00,20.234
336,6/4/2015 14:00,20.615
337,6/4/2015 15:00,19.472
338,6/4/2015 16:00,19.187
339,6/4/2015 17:00,17.665
340,6/4/2015 18:00,18.711
341,6/4/2015 19:00,12.207
342,6/4/2015 20:00,10.161
343,6/4/2015 21:00,9.472
344,6/4/2015 22:00,8.581
345,6/4/2015 23:00,9.176
346,6/5/2015 0:00,9.373
347,6/5/2015 1:00,8.879
348,6/5/2015 2:00,8.182
349,6/5/2015 3:00,7.28
350,6/5/2015 4:00,6.573
351,6/5/2015 5:00,6.775
352,6/5/2015 6:00,9.275
353,6/5/2015 7:00,12.497
354,6/5/2015 8:00,13.461
355,6/5/2015 9:00,19.092
356,6/5/2015 10:00,16.046
357,6/5/2015 11:00,20.043
358,6/5/2015 12:00,20.329
359,6/5/2015 13:00,20.519
360,6/5/2015 14:00,18.616
361,6/5/2015 15:00,15.951
362,6/5/2015 16:00,16.046
363,6/5/2015 17:00,14.996
364,6/5/2015 18:00,19.092
365,6/5/2015 19:00,13.365
366,6/5/2015 20:00,13.076
367,6/5/2015 21:00,12.883
368,6/5/2015 22:00,13.75
369,6/5/2015 23:00,13.558
370,6/6/2015 0:00,13.269
371,6/6/2015 1:00,13.173
372,6/6/2015 2:00,13.558
373,6/6/2015 3:00,13.558
374,6/6/2015 4:00,13.461
375,6/6/2015 5:00,13.654
376,6/6/2015 6:00,13.654
377,6/6/2015 7:00,14.709
378,6/6/2015 8:00,15.664
379,6/6/2015 9:00,15.664
380,6/6/2015 10:00,15.664
381,6/6/2015 11:00,18.236
382,6/6/2015 12:00,16.999
383,6/6/2015 13:00,18.616
384,6/6/2015 14:00,21.282
385,6/6/2015 15:00,19.472
386,6/6/2015 16:00,17.76
387,6/6/2015 17:00,18.14
388,6/6/2015 18:00,18.14
389,6/6/2015 19:00,15.664
390,6/6/2015 20:00,12.69
391,6/6/2015 21:00,12.11
392,6/6/2015 22:00,12.401
393,6/6/2015 23:00,12.594
394,6/7/2015 0:00,12.401
395,6/7/2015 1:00,12.497
396,6/7/2015 2:00,13.269
397,6/7/2015 3:00,13.461
398,6/7/2015 4:00,12.883
399,6/7/2015 5:00,12.787
400,6/7/2015 6:00,18.521
401,6/7/2015 7:00,24.158
402,6/7/2015 8:00,20.424
403,6/7/2015 9:00,22.238
404,6/7/2015 10:00,23.292
405,6/7/2015 11:00,25.708
406,6/7/2015 12:00,26
407,6/7/2015 13:00,25.805
408,6/7/2015 14:00,25.319
409,6/7/2015 15:00,23.581
410,6/7/2015 16:00,22.621
411,6/7/2015 17:00,21.664
412,6/7/2015 18:00,25.513
413,6/7/2015 19:00,17.284
414,6/7/2015 20:00,11.916
415,6/7/2015 21:00,10.259
416,6/7/2015 22:00,8.581
417,6/7/2015 23:00,10.063
418,6/8/2015 0:00,10.357
419,6/8/2015 1:00,10.455
420,6/8/2015 2:00,9.176
421,6/8/2015 3:00,8.481
422,6/8/2015 4:00,7.983
423,6/8/2015 5:00,10.063
424,6/8/2015 6:00,12.401
425,6/8/2015 7:00,18.331
426,6/8/2015 8:00,20.138
427,6/8/2015 9:00,22.717
428,6/8/2015 10:00,24.062
429,6/8/2015 11:00,24.351
430,6/8/2015 12:00,25.416
431,6/8/2015 13:00,25.61
432,6/8/2015 14:00,23.292
433,6/8/2015 15:00,25.125
434,6/8/2015 16:00,20.615
435,6/8/2015 17:00,19.472
436,6/8/2015 18:00,18.806
437,6/8/2015 19:00,19.187
438,6/8/2015 20:00,16.523
439,6/8/2015 21:00,16.332
440,6/8/2015 22:00,16.427
441,6/8/2015 23:00,16.523
442,6/9/2015 0:00,16.332
443,6/9/2015 1:00,17.094
444,6/9/2015 2:00,17.284
445,6/9/2015 3:00,17.189
446,6/9/2015 4:00,16.618
447,6/9/2015 5:00,16.046
448,6/9/2015 6:00,20.138
449,6/9/2015 7:00,23.484
450,6/9/2015 8:00,19.282
451,6/9/2015 9:00,20.519
452,6/9/2015 10:00,21.664
453,6/9/2015 11:00,25.61
454,6/9/2015 12:00,21.091
455,6/9/2015 13:00,18.806
456,6/9/2015 14:00,18.236
457,6/9/2015 15:00,18.045
458,6/9/2015 16:00,19.758
459,6/9/2015 17:00,22.621
460,6/9/2015 18:00,24.351
461,6/9/2015 19:00,18.521
462,6/9/2015 20:00,17.094
463,6/9/2015 21:00,17.665
464,6/9/2015 22:00,17.57
465,6/9/2015 23:00,16.618
466,6/10/2015 0:00,15.951
467,6/10/2015 1:00,15.473
468,6/10/2015 2:00,14.996
469,6/10/2015 3:00,13.75
470,6/10/2015 4:00,13.173
471,6/10/2015 5:00,12.594
472,6/10/2015 6:00,13.942
473,6/10/2015 7:00,19.377
474,6/10/2015 8:00,20.805
475,6/10/2015 9:00,25.708
476,6/10/2015 10:00,26.781
477,6/10/2015 11:00,27.567
478,6/10/2015 12:00,27.567
479,6/10/2015 13:00,27.665
480,6/10/2015 14:00,27.468
481,6/10/2015 15:00,26.879
482,6/10/2015 16:00,25.222
483,6/10/2015 17:00,23.677
484,6/10/2015 18:00,27.37
485,6/10/2015 19:00,21.664
486,6/10/2015 20:00,15.855
487,6/10/2015 21:00,14.613
488,6/10/2015 22:00,14.23
489,6/10/2015 23:00,15.187
490,6/11/2015 0:00,15.378
491,6/11/2015 1:00,16.046
492,6/11/2015 2:00,15.378
493,6/11/2015 3:00,15.76
494,6/11/2015 4:00,15.855
495,6/11/2015 5:00,16.332
496,6/11/2015 6:00,17.189
497,6/11/2015 7:00,20.424
498,6/11/2015 8:00,23.484
499,6/11/2015 9:00,24.641
500,6/11/2015 10:00,23.1
501,6/11/2015 11:00,24.062
502,6/11/2015 12:00,26.683
503,6/11/2015 13:00,26.879
504,6/11/2015 14:00,24.545
505,6/11/2015 15:00,23.484
506,6/11/2015 16:00,23.484
507,6/11/2015 17:00,23.484
508,6/11/2015 18:00,22.621
509,6/11/2015 19:00,19.377
510,6/11/2015 20:00,17.665
511,6/11/2015 21:00,17.094
512,6/11/2015 22:00,17.189
513,6/11/2015 23:00,16.999
514,6/12/2015 0:00,16.237
515,6/12/2015 1:00,16.237
516,6/12/2015 2:00,16.141
517,6/12/2015 3:00,15.76
518,6/12/2015 4:00,16.046
519,6/12/2015 5:00,16.141
520,6/12/2015 6:00,16.523
521,6/12/2015 7:00,23.966
522,6/12/2015 8:00,26.488
523,6/12/2015 9:00,31.064
524,6/12/2015 10:00,31.778
525,6/12/2015 11:00,33.222
526,6/12/2015 12:00,32.291
527,6/12/2015 13:00,31.064
528,6/12/2015 14:00,32.497
529,6/12/2015 15:00,29.552
530,6/12/2015 16:00,26.683
531,6/12/2015 17:00,24.641
532,6/12/2015 18:00,22.717
533,6/12/2015 19:00,19.187
534,6/12/2015 20:00,18.426
535,6/12/2015 21:00,17.855
536,6/12/2015 22:00,17.855
537,6/12/2015 23:00,17.76
538,6/13/2015 0:00,18.14
539,6/13/2015 1:00,18.331
540,6/13/2015 2:00,18.045
541,6/13/2015 3:00,18.045
542,6/13/2015 4:00,17.76
543,6/13/2015 5:00,17.189
544,6/13/2015 6:00,17.379
545,6/13/2015 7:00,17.95
546,6/13/2015 8:00,21.855
547,6/13/2015 9:00,26.488
548,6/13/2015 10:00,28.853
549,6/13/2015 11:00,28.853
550,6/13/2015 12:00,28.555
551,6/13/2015 13:00,26.977
552,6/13/2015 14:00,26.488
553,6/13/2015 15:00,27.37
554,6/13/2015 16:00,25.61
555,6/13/2015 17:00,24.738
556,6/13/2015 18:00,29.252
557,6/13/2015 19:00,27.468
558,6/13/2015 20:00,16.332
559,6/13/2015 21:00,14.325
560,6/13/2015 22:00,14.9
561,6/13/2015 23:00,14.709
562,6/14/2015 0:00,15.187
563,6/14/2015 1:00,15.187
564,6/14/2015 2:00,15.76
565,6/14/2015 3:00,15.664
566,6/14/2015 4:00,15.76
567,6/14/2015 5:00,15.951
568,6/14/2015 6:00,17.57
569,6/14/2015 7:00,22.812
570,6/14/2015 8:00,25.805
571,6/14/2015 9:00,29.552
572,6/14/2015 10:00,30.558
573,6/14/2015 11:00,27.764
574,6/14/2015 12:00,27.961
575,6/14/2015 13:00,27.961
576,6/14/2015 14:00,27.272
577,6/14/2015 15:00,26
578,6/14/2015 16:00,25.125
579,6/14/2015 17:00,25.708
580,6/14/2015 18:00,28.953
581,6/14/2015 19:00,23.292
582,6/14/2015 20:00,14.9
583,6/14/2015 21:00,11.916
584,6/14/2015 22:00,13.269
585,6/14/2015 23:00,13.076
586,6/15/2015 0:00,13.269
587,6/15/2015 1:00,13.75
588,6/15/2015 2:00,14.23
589,6/15/2015 3:00,14.23
590,6/15/2015 4:00,14.134
591,6/15/2015 5:00,14.134
592,6/15/2015 6:00,15.091
593,6/15/2015 7:00,14.517
594,6/15/2015 8:00,14.038
595,6/15/2015 9:00,14.23
596,6/15/2015 10:00,15.378
597,6/15/2015 11:00,13.076
598,6/15/2015 12:00,13.461
599,6/15/2015 13:00,14.517
600,6/15/2015 14:00,15.378
601,6/15/2015 15:00,16.046
602,6/15/2015 16:00,15.855
603,6/15/2015 17:00,15.473
604,6/15/2015 18:00,15.091
605,6/15/2015 19:00,14.996
606,6/15/2015 20:00,14.613
607,6/15/2015 21:00,14.709
608,6/15/2015 22:00,15.187
609,6/15/2015 23:00,15.76
610,6/16/2015 0:00,15.855
611,6/16/2015 1:00,16.141
612,6/16/2015 2:00,16.237
613,6/16/2015 3:00,16.141
614,6/16/2015 4:00,16.713
615,6/16/2015 5:00,16.523
616,6/16/2015 6:00,16.618
617,6/16/2015 7:00,17.95
618,6/16/2015 8:00,19.948
619,6/16/2015 9:00,23.292
620,6/16/2015 10:00,25.902
621,6/16/2015 11:00,28.06
622,6/16/2015 12:00,29.452
623,6/16/2015 13:00,28.655
624,6/16/2015 14:00,28.258
625,6/16/2015 15:00,28.555
626,6/16/2015 16:00,24.835
627,6/16/2015 17:00,22.142
628,6/16/2015 18:00,21.664
629,6/16/2015 19:00,18.996
630,6/16/2015 20:00,18.426
631,6/16/2015 21:00,17.379
632,6/16/2015 22:00,16.808
633,6/16/2015 23:00,16.618
634,6/17/2015 0:00,16.618
635,6/17/2015 1:00,17.189
636,6/17/2015 2:00,17.094
637,6/17/2015 3:00,17.475
638,6/17/2015 4:00,17.379
639,6/17/2015 5:00,17.284
640,6/17/2015 6:00,21.855
641,6/17/2015 7:00,27.468
642,6/17/2015 8:00,22.812
643,6/17/2015 9:00,23.1
644,6/17/2015 10:00,23.196
645,6/17/2015 11:00,23.388
646,6/17/2015 12:00,24.158
647,6/17/2015 13:00,24.158
648,6/17/2015 14:00,23.581
649,6/17/2015 15:00,21.569
650,6/17/2015 16:00,19.567
651,6/17/2015 17:00,20.805
652,6/17/2015 18:00,19.282
653,6/17/2015 19:00,16.999
654,6/17/2015 20:00,13.942
655,6/17/2015 21:00,9.472
656,6/17/2015 22:00,7.079
657,6/17/2015 23:00,7.582
658,6/18/2015 0:00,9.077
659,6/18/2015 1:00,7.179
660,6/18/2015 2:00,5.655
661,6/18/2015 3:00,4.207
662,6/18/2015 4:00,4.831
663,6/18/2015 5:00,4.519
664,6/18/2015 6:00,7.682
665,6/18/2015 7:00,16.999
666,6/18/2015 8:00,19.948
667,6/18/2015 9:00,21.664
668,6/18/2015 10:00,25.319
669,6/18/2015 11:00,23.773
670,6/18/2015 12:00,24.641
671,6/18/2015 13:00,27.665
672,6/18/2015 14:00,25.708
673,6/18/2015 15:00,25.805
674,6/18/2015 16:00,24.062
675,6/18/2015 17:00,23.292
676,6/18/2015 18:00,26.39
677,6/18/2015 19:00,19.758
678,6/18/2015 20:00,14.23
679,6/18/2015 21:00,12.207
680,6/18/2015 22:00,12.11
681,6/18/2015 23:00,12.883
682,6/19/2015 0:00,12.497
683,6/19/2015 1:00,13.942
684,6/19/2015 2:00,14.9
685,6/19/2015 3:00,15.282
686,6/19/2015 4:00,15.569
687,6/19/2015 5:00,16.523
688,6/19/2015 6:00,17.284
689,6/19/2015 7:00,18.331
690,6/19/2015 8:00,19.092
691,6/19/2015 9:00,18.426
692,6/19/2015 10:00,21.76
693,6/19/2015 11:00,25.513
694,6/19/2015 12:00,29.252
695,6/19/2015 13:00,29.853
696,6/19/2015 14:00,30.76
697,6/19/2015 15:00,31.166
698,6/19/2015 16:00,32.394
699,6/19/2015 17:00,29.452
700,6/19/2015 18:00,24.641
701,6/19/2015 19:00,23.004
702,6/19/2015 20:00,17.855
703,6/19/2015 21:00,15.76
704,6/19/2015 22:00,16.427
705,6/19/2015 23:00,16.332
706,6/20/2015 0:00,15.951
707,6/20/2015 1:00,15.378
708,6/20/2015 2:00,15.091
709,6/20/2015 3:00,14.996
710,6/20/2015 4:00,14.996
711,6/20/2015 5:00,14.996
712,6/20/2015 6:00,15.473
713,6/20/2015 7:00,20.901
714,6/20/2015 8:00,22.717
715,6/20/2015 9:00,23.1
716,6/20/2015 10:00,26.097
717,6/20/2015 11:00,26.292
718,6/20/2015 12:00,26.097
719,6/20/2015 13:00,25.222
720,6/20/2015 14:00,25.222
721,6/20/2015 15:00,24.062
722,6/20/2015 16:00,22.238
723,6/20/2015 17:00,19.282
724,6/20/2015 18:00,18.521
725,6/20/2015 19:00,16.046
726,6/20/2015 20:00,15.76
727,6/20/2015 21:00,16.141
728,6/20/2015 22:00,16.903
729,6/20/2015 23:00,17.665
730,6/21/2015 0:00,17.094
731,6/21/2015 1:00,16.808
732,6/21/2015 2:00,17.284
733,6/21/2015 3:00,18.14
734,6/21/2015 4:00,18.806
735,6/21/2015 5:00,18.901
736,6/21/2015 6:00,19.853
737,6/21/2015 7:00,19.567
738,6/21/2015 8:00,19.567
739,6/21/2015 9:00,18.901
740,6/21/2015 10:00,19.853
741,6/21/2015 11:00,22.333
742,6/21/2015 12:00,23.677
743,6/21/2015 13:00,19.758
744,6/21/2015 14:00,21.282
745,6/21/2015 15:00,22.908
746,6/21/2015 16:00,22.429
747,6/21/2015 17:00,21.473
748,6/21/2015 18:00,25.708
749,6/21/2015 19:00,18.996
750,6/21/2015 20:00,18.901
751,6/21/2015 21:00,18.616
752,6/21/2015 22:00,17.665
753,6/21/2015 23:00,17.379
754,6/22/2015 0:00,17.189
755,6/22/2015 1:00,16.999
756,6/22/2015 2:00,16.999
757,6/22/2015 3:00,16.332
758,6/22/2015 4:00,15.951
759,6/22/2015 5:00,14.709
760,6/22/2015 6:00,20.901
761,6/22/2015 7:00,30.457
762,6/22/2015 8:00,25.416
763,6/22/2015 9:00,27.567
764,6/22/2015 10:00,29.352
765,6/22/2015 11:00,28.953
766,6/22/2015 12:00,29.352
767,6/22/2015 13:00,28.06
768,6/22/2015 14:00,29.853
769,6/22/2015 15:00,29.352
770,6/22/2015 16:00,28.555
771,6/22/2015 17:00,26.097
772,6/22/2015 18:00,25.805
773,6/22/2015 19:00,23.004
774,6/22/2015 20:00,17.95
775,6/22/2015 21:00,16.903
776,6/22/2015 22:00,16.237
777,6/22/2015 23:00,16.141
778,6/23/2015 0:00,15.664
779,6/23/2015 1:00,15.664
780,6/23/2015 2:00,15.855
781,6/23/2015 3:00,14.517
782,6/23/2015 4:00,15.473
783,6/23/2015 5:00,15.855
784,6/23/2015 6:00,17.855
785,6/23/2015 7:00,25.513
786,6/23/2015 8:00,24.641
787,6/23/2015 9:00,26.977
788,6/23/2015 10:00,28.06
789,6/23/2015 11:00,27.961
790,6/23/2015 12:00,27.764
791,6/23/2015 13:00,28.357
792,6/23/2015 14:00,28.06
793,6/23/2015 15:00,26.781
794,6/23/2015 16:00,25.125
795,6/23/2015 17:00,25.222
796,6/23/2015 18:00,21.378
797,6/23/2015 19:00,20.043
798,6/23/2015 20:00,19.472
799,6/23/2015 21:00,19.472
800,6/23/2015 22:00,19.567
801,6/23/2015 23:00,20.138
802,6/24/2015 0:00,20.043
803,6/24/2015 1:00,18.711
804,6/24/2015 2:00,17.57
805,6/24/2015 3:00,17.76
806,6/24/2015 4:00,16.808
807,6/24/2015 5:00,16.332
808,6/24/2015 6:00,23.196
809,6/24/2015 7:00,30.963
810,6/24/2015 8:00,27.173
811,6/24/2015 9:00,28.357
812,6/24/2015 10:00,30.457
813,6/24/2015 11:00,30.862
814,6/24/2015 12:00,31.37
815,6/24/2015 13:00,30.558
816,6/24/2015 14:00,29.953
817,6/24/2015 15:00,28.953
818,6/24/2015 16:00,27.173
819,6/24/2015 17:00,26.292
820,6/24/2015 18:00,29.352
821,6/24/2015 19:00,25.028
822,6/24/2015 20:00,18.426
823,6/24/2015 21:00,17.475
824,6/24/2015 22:00,17.76
825,6/24/2015 23:00,17.95
826,6/25/2015 0:00,15.76
827,6/25/2015 1:00,13.558
828,6/25/2015 2:00,16.903
829,6/25/2015 3:00,17.855
830,6/25/2015 4:00,17.76
831,6/25/2015 5:00,17.57
832,6/25/2015 6:00,22.238
833,6/25/2015 7:00,33.222
834,6/25/2015 8:00,27.173
835,6/25/2015 9:00,28.853
836,6/25/2015 10:00,30.862
837,6/25/2015 11:00,30.255
838,6/25/2015 12:00,32.086
839,6/25/2015 13:00,31.676
840,6/25/2015 14:00,29.652
841,6/25/2015 15:00,26.683
842,6/25/2015 16:00,25.028
843,6/25/2015 17:00,23.773
844,6/25/2015 18:00,21.378
845,6/25/2015 19:00,21.091
846,6/25/2015 20:00,17.665
847,6/25/2015 21:00,17.475
848,6/25/2015 22:00,17.95
849,6/25/2015 23:00,17.95
850,6/26/2015 0:00,17.284
851,6/26/2015 1:00,16.999
852,6/26/2015 2:00,17.379
853,6/26/2015 3:00,17.57
854,6/26/2015 4:00,18.045
855,6/26/2015 5:00,17.379
856,6/26/2015 6:00,17.475
857,6/26/2015 7:00,19.472
858,6/26/2015 8:00,20.805
859,6/26/2015 9:00,22.046
860,6/26/2015 10:00,23.581
861,6/26/2015 11:00,28.953
862,6/26/2015 12:00,27.272
863,6/26/2015 13:00,26.097
864,6/26/2015 14:00,22.142
865,6/26/2015 15:00,25.513
866,6/26/2015 16:00,24.835
867,6/26/2015 17:00,23.004
868,6/26/2015 18:00,23.677
869,6/26/2015 19:00,22.142
870,6/26/2015 20:00,16.237
871,6/26/2015 21:00,16.427
872,6/26/2015 22:00,16.332
873,6/26/2015 23:00,15.951
874,6/27/2015 0:00,15.473
875,6/27/2015 1:00,15.282
876,6/27/2015 2:00,14.421
877,6/27/2015 3:00,13.654
878,6/27/2015 4:00,9.768
879,6/27/2015 5:00,8.282
880,6/27/2015 6:00,17.379
881,6/27/2015 7:00,28.357
882,6/27/2015 8:00,23.581
883,6/27/2015 9:00,24.835
884,6/27/2015 10:00,25.416
885,6/27/2015 11:00,26.488
886,6/27/2015 12:00,24.738
887,6/27/2015 13:00,24.545
888,6/27/2015 14:00,21.664
889,6/27/2015 15:00,20.329
890,6/27/2015 16:00,20.996
891,6/27/2015 17:00,18.616
892,6/27/2015 18:00,17.665
893,6/27/2015 19:00,16.332
894,6/27/2015 20:00,15.664
895,6/27/2015 21:00,15.282
896,6/27/2015 22:00,15.378
897,6/27/2015 23:00,15.473
898,6/28/2015 0:00,16.141
899,6/28/2015 1:00,16.808
900,6/28/2015 2:00,15.951
901,6/28/2015 3:00,16.141
902,6/28/2015 4:00,16.141
903,6/28/2015 5:00,16.141
904,6/28/2015 6:00,16.713
905,6/28/2015 7:00,16.332
906,6/28/2015 8:00,17.665
907,6/28/2015 9:00,18.14
908,6/28/2015 10:00,20.901
909,6/28/2015 11:00,25.902
910,6/28/2015 12:00,27.468
911,6/28/2015 13:00,28.953
912,6/28/2015 14:00,24.448
913,6/28/2015 15:00,28.258
914,6/28/2015 16:00,22.812
915,6/28/2015 17:00,22.333
916,6/28/2015 18:00,20.043
917,6/28/2015 19:00,18.711
918,6/28/2015 20:00,17.665
919,6/28/2015 21:00,16.999
920,6/28/2015 22:00,16.332
921,6/28/2015 23:00,16.046
922,6/29/2015 0:00,15.569
923,6/29/2015 1:00,15.378
924,6/29/2015 2:00,15.282
925,6/29/2015 3:00,15.091
926,6/29/2015 4:00,14.996
927,6/29/2015 5:00,14.996
928,6/29/2015 6:00,14.9
929,6/29/2015 7:00,15.855
930,6/29/2015 8:00,18.521
931,6/29/2015 9:00,24.545
932,6/29/2015 10:00,27.075
933,6/29/2015 11:00,27.272
934,6/29/2015 12:00,26.977
935,6/29/2015 13:00,26.977
936,6/29/2015 14:00,26.879
937,6/29/2015 15:00,26.292
938,6/29/2015 16:00,25.125
939,6/29/2015 17:00,24.545
940,6/29/2015 18:00,27.468
941,6/29/2015 19:00,24.448
942,6/29/2015 20:00,17.855
943,6/29/2015 21:00,16.427
944,6/29/2015 22:00,16.523
945,6/29/2015 23:00,16.999
946,6/30/2015 0:00,16.523
947,6/30/2015 1:00,16.808
948,6/30/2015 2:00,17.094
949,6/30/2015 3:00,16.427
950,6/30/2015 4:00,16.618
951,6/30/2015 5:00,16.427
952,6/30/2015 6:00,20.901
953,6/30/2015 7:00,22.046
954,6/30/2015 8:00,23.484
955,6/30/2015 9:00,27.862
956,6/30/2015 10:00,30.054
957,6/30/2015 11:00,30.862
958,6/30/2015 12:00,31.778
959,6/30/2015 13:00,30.963
960,6/30/2015 14:00,30.457
961,6/30/2015 15:00,29.953
962,6/30/2015 16:00,28.456
963,6/30/2015 17:00,26.977
964,6/30/2015 18:00,31.574
965,6/30/2015 19:00,28.754
966,6/30/2015 20:00,18.616
967,6/30/2015 21:00,16.808
968,6/30/2015 22:00,16.427
969,6/30/2015 23:00,16.427
970,7/1/2015 0:00,16.332
971,7/1/2015 1:00,16.618
972,7/1/2015 2:00,16.618
973,7/1/2015 3:00,16.237
974,7/1/2015 4:00,16.427
975,7/1/2015 5:00,16.903
976,7/1/2015 6:00,19.377
977,7/1/2015 7:00,21.187
978,7/1/2015 8:00,24.738
979,7/1/2015 9:00,22.142
980,7/1/2015 10:00,26.683
981,7/1/2015 11:00,24.255
982,7/1/2015 12:00,26.879
983,7/1/2015 13:00,28.655
984,7/1/2015 14:00,28.754
985,7/1/2015 15:00,28.258
986,7/1/2015 16:00,27.173
987,7/1/2015 17:00,25.708
988,7/1/2015 18:00,27.468
989,7/1/2015 19:00,23.773
990,7/1/2015 20:00,19.092
991,7/1/2015 21:00,19.187
992,7/1/2015 22:00,19.187
993,7/1/2015 23:00,18.901
994,7/2/2015 0:00,18.901
995,7/2/2015 1:00,18.806
996,7/2/2015 2:00,18.426
997,7/2/2015 3:00,17.57
998,7/2/2015 4:00,16.332
999,7/2/2015 5:00,14.996
1000,7/2/2015 6:00,18.616
1001,7/2/2015 7:00,30.054
1002,7/2/2015 8:00,26.781
1003,7/2/2015 9:00,29.252
1004,7/2/2015 10:00,29.252
1005,7/2/2015 11:00,30.659
1006,7/2/2015 12:00,31.778
1007,7/2/2015 13:00,32.188
1008,7/2/2015 14:00,31.574
1009,7/2/2015 15:00,27.272
1010,7/2/2015 16:00,25.222
1011,7/2/2015 17:00,21.378
1012,7/2/2015 18:00,20.519
1013,7/2/2015 19:00,20.519
1014,7/2/2015 20:00,19.758
1015,7/2/2015 21:00,19.282
1016,7/2/2015 22:00,18.901
1017,7/2/2015 23:00,18.616
1018,7/3/2015 0:00,18.616
1019,7/3/2015 1:00,18.236
1020,7/3/2015 2:00,17.665
1021,7/3/2015 3:00,17.094
1022,7/3/2015 4:00,16.523
1023,7/3/2015 5:00,14.996
1024,7/3/2015 6:00,16.713
1025,7/3/2015 7:00,26.195
1026,7/3/2015 8:00,24.738
1027,7/3/2015 9:00,26.488
1028,7/3/2015 10:00,27.468
1029,7/3/2015 11:00,28.953
1030,7/3/2015 12:00,28.953
1031,7/3/2015 13:00,28.258
1032,7/3/2015 14:00,28.258
1033,7/3/2015 15:00,27.37
1034,7/3/2015 16:00,26.195
1035,7/3/2015 17:00,26.195
1036,7/3/2015 18:00,27.37
1037,7/3/2015 19:00,22.142
1038,7/3/2015 20:00,16.332
1039,7/3/2015 21:00,14.9
1040,7/3/2015 22:00,14.709
1041,7/3/2015 23:00,13.75
1042,7/4/2015 0:00,14.134
1043,7/4/2015 1:00,13.654
1044,7/4/2015 2:00,14.134
1045,7/4/2015 3:00,15.378
1046,7/4/2015 4:00,15.282
1047,7/4/2015 5:00,14.613
1048,7/4/2015 6:00,17.094
1049,7/4/2015 7:00,19.758
1050,7/4/2015 8:00,21.664
1051,7/4/2015 9:00,20.901
1052,7/4/2015 10:00,20.615
1053,7/4/2015 11:00,20.234
1054,7/4/2015 12:00,21.855
1055,7/4/2015 13:00,22.908
1056,7/4/2015 14:00,21.187
1057,7/4/2015 15:00,20.138
1058,7/4/2015 16:00,22.621
1059,7/4/2015 17:00,20.805
1060,7/4/2015 18:00,20.424
1061,7/4/2015 19:00,20.901
1062,7/4/2015 20:00,16.427
1063,7/4/2015 21:00,16.046
1064,7/4/2015 22:00,15.76
1065,7/4/2015 23:00,15.951
1066,7/5/2015 0:00,16.523
1067,7/5/2015 1:00,15.951
1068,7/5/2015 2:00,15.282
1069,7/5/2015 3:00,12.304
1070,7/5/2015 4:00,10.063
1071,7/5/2015 5:00,10.651
1072,7/5/2015 6:00,14.9
1073,7/5/2015 7:00,28.555
1074,7/5/2015 8:00,24.158
1075,7/5/2015 9:00,26.781
1076,7/5/2015 10:00,27.665
1077,7/5/2015 11:00,27.961
1078,7/5/2015 12:00,28.754
1079,7/5/2015 13:00,28.655
1080,7/5/2015 14:00,28.853
1081,7/5/2015 15:00,27.567
1082,7/5/2015 16:00,26.977
1083,7/5/2015 17:00,25.61
1084,7/5/2015 18:00,26.879
1085,7/5/2015 19:00,22.621
1086,7/5/2015 20:00,18.806
1087,7/5/2015 21:00,17.855
1088,7/5/2015 22:00,17.855
1089,7/5/2015 23:00,17.57
1090,7/6/2015 0:00,17.665
1091,7/6/2015 1:00,17.76
1092,7/6/2015 2:00,17.76
1093,7/6/2015 3:00,17.475
1094,7/6/2015 4:00,17.475
1095,7/6/2015 5:00,17.475
1096,7/6/2015 6:00,19.092
1097,7/6/2015 7:00,21.76
1098,7/6/2015 8:00,23.196
1099,7/6/2015 9:00,26.097
1100,7/6/2015 10:00,28.655
1101,7/6/2015 11:00,27.961
1102,7/6/2015 12:00,29.352
1103,7/6/2015 13:00,31.574
1104,7/6/2015 14:00,30.963
1105,7/6/2015 15:00,29.352
1106,7/6/2015 16:00,28.655
1107,7/6/2015 17:00,28.853
1108,7/6/2015 18:00,29.252
1109,7/6/2015 19:00,25.513
1110,7/6/2015 20:00,18.901
1111,7/6/2015 21:00,17.189
1112,7/6/2015 22:00,16.999
1113,7/6/2015 23:00,17.189
1114,7/7/2015 0:00,17.379
1115,7/7/2015 1:00,17.95
1116,7/7/2015 2:00,18.14
1117,7/7/2015 3:00,18.331
1118,7/7/2015 4:00,17.665
1119,7/7/2015 5:00,18.14
1120,7/7/2015 6:00,19.377
1121,7/7/2015 7:00,22.429
1122,7/7/2015 8:00,25.222
1123,7/7/2015 9:00,28.456
1124,7/7/2015 10:00,29.953
1125,7/7/2015 11:00,30.76
1126,7/7/2015 12:00,31.574
1127,7/7/2015 13:00,31.676
1128,7/7/2015 14:00,31.268
1129,7/7/2015 15:00,30.862
1130,7/7/2015 16:00,29.652
1131,7/7/2015 17:00,28.655
1132,7/7/2015 18:00,30.862
1133,7/7/2015 19:00,26.879
1134,7/7/2015 20:00,21.282
1135,7/7/2015 21:00,20.901
1136,7/7/2015 22:00,20.519
1137,7/7/2015 23:00,20.615
1138,7/8/2015 0:00,20.329
1139,7/8/2015 1:00,20.71
1140,7/8/2015 2:00,20.138
1141,7/8/2015 3:00,20.805
1142,7/8/2015 4:00,20.996
1143,7/8/2015 5:00,20.424
1144,7/8/2015 6:00,21.091
1145,7/8/2015 7:00,25.222
1146,7/8/2015 8:00,27.37
1147,7/8/2015 9:00,27.665
1148,7/8/2015 10:00,30.054
1149,7/8/2015 11:00,31.88
1150,7/8/2015 12:00,29.352
1151,7/8/2015 13:00,27.567
1152,7/8/2015 14:00,27.468
1153,7/8/2015 15:00,26.292
1154,7/8/2015 16:00,25.513
1155,7/8/2015 17:00,23.773
1156,7/8/2015 18:00,28.456
1157,7/8/2015 19:00,25.61
1158,7/8/2015 20:00,21.187
1159,7/8/2015 21:00,20.996
1160,7/8/2015 22:00,21.091
1161,7/8/2015 23:00,20.996
1162,7/9/2015 0:00,20.424
1163,7/9/2015 1:00,20.234
1164,7/9/2015 2:00,19.662
1165,7/9/2015 3:00,19.758
1166,7/9/2015 4:00,19.662
1167,7/9/2015 5:00,19.187
1168,7/9/2015 6:00,18.996
1169,7/9/2015 7:00,18.901
1170,7/9/2015 8:00,18.045
1171,7/9/2015 9:00,18.616
1172,7/9/2015 10:00,23.388
1173,7/9/2015 11:00,25.902
1174,7/9/2015 12:00,27.37
1175,7/9/2015 13:00,27.567
1176,7/9/2015 14:00,25.902
1177,7/9/2015 15:00,26.488
1178,7/9/2015 16:00,24.255
1179,7/9/2015 17:00,22.621
1180,7/9/2015 18:00,22.908
1181,7/9/2015 19:00,19.662
1182,7/9/2015 20:00,18.521
1183,7/9/2015 21:00,17.379
1184,7/9/2015 22:00,17.094
1185,7/9/2015 23:00,17.189
1186,7/10/2015 0:00,17.379
1187,7/10/2015 1:00,16.903
1188,7/10/2015 2:00,17.189
1189,7/10/2015 3:00,17.189
1190,7/10/2015 4:00,17.57
1191,7/10/2015 5:00,17.475
1192,7/10/2015 6:00,16.427
1193,7/10/2015 7:00,15.76
1194,7/10/2015 8:00,15.855
1195,7/10/2015 9:00,16.618
1196,7/10/2015 10:00,18.331
1197,7/10/2015 11:00,21.855
1198,7/10/2015 12:00,21.378
1199,7/10/2015 13:00,26.879
1200,7/10/2015 14:00,27.665
1201,7/10/2015 15:00,28.754
1202,7/10/2015 16:00,27.764
1203,7/10/2015 17:00,26.683
1204,7/10/2015 18:00,30.154
1205,7/10/2015 19:00,24.448
1206,7/10/2015 20:00,18.426
1207,7/10/2015 21:00,18.045
1208,7/10/2015 22:00,18.426
1209,7/10/2015 23:00,18.14
1210,7/11/2015 0:00,18.331
1211,7/11/2015 1:00,18.711
1212,7/11/2015 2:00,18.806
1213,7/11/2015 3:00,17.95
1214,7/11/2015 4:00,18.14
1215,7/11/2015 5:00,18.616
1216,7/11/2015 6:00,21.187
1217,7/11/2015 7:00,29.652
1218,7/11/2015 8:00,28.159
1219,7/11/2015 9:00,30.054
1220,7/11/2015 10:00,31.88
1221,7/11/2015 11:00,32.188
1222,7/11/2015 12:00,34.374
1223,7/11/2015 13:00,33.848
1224,7/11/2015 14:00,33.014
1225,7/11/2015 15:00,29.552
1226,7/11/2015 16:00,30.659
1227,7/11/2015 17:00,29.252
1228,7/11/2015 18:00,33.118
1229,7/11/2015 19:00,31.064
1230,7/11/2015 20:00,18.426
1231,7/11/2015 21:00,18.236
1232,7/11/2015 22:00,18.236
1233,7/11/2015 23:00,18.616
1234,7/12/2015 0:00,18.996
1235,7/12/2015 1:00,18.996
1236,7/12/2015 2:00,18.806
1237,7/12/2015 3:00,18.806
1238,7/12/2015 4:00,18.996
1239,7/12/2015 5:00,18.236
1240,7/12/2015 6:00,19.758
1241,7/12/2015 7:00,25.319
1242,7/12/2015 8:00,26.097
1243,7/12/2015 9:00,27.272
1244,7/12/2015 10:00,29.252
1245,7/12/2015 11:00,29.953
1246,7/12/2015 12:00,31.37
1247,7/12/2015 13:00,31.472
1248,7/12/2015 14:00,31.064
1249,7/12/2015 15:00,30.154
1250,7/12/2015 16:00,28.853
1251,7/12/2015 17:00,28.06
1252,7/12/2015 18:00,28.357
1253,7/12/2015 19:00,26.781
1254,7/12/2015 20:00,20.615
1255,7/12/2015 21:00,19.758
1256,7/12/2015 22:00,20.138
1257,7/12/2015 23:00,20.234
1258,7/13/2015 0:00,20.138
1259,7/13/2015 1:00,19.853
1260,7/13/2015 2:00,19.662
1261,7/13/2015 3:00,19.472
1262,7/13/2015 4:00,19.853
1263,7/13/2015 5:00,19.187
1264,7/13/2015 6:00,20.043
1265,7/13/2015 7:00,27.961
1266,7/13/2015 8:00,26.488
1267,7/13/2015 9:00,28.953
1268,7/13/2015 10:00,30.255
1269,7/13/2015 11:00,30.963
1270,7/13/2015 12:00,32.291
1271,7/13/2015 13:00,33.222
1272,7/13/2015 14:00,32.6
1273,7/13/2015 15:00,32.911
1274,7/13/2015 16:00,32.188
1275,7/13/2015 17:00,30.356
1276,7/13/2015 18:00,33.43
1277,7/13/2015 19:00,29.152
1278,7/13/2015 20:00,19.377
1279,7/13/2015 21:00,17.95
1280,7/13/2015 22:00,17.284
1281,7/13/2015 23:00,17.284
1282,7/14/2015 0:00,17.379
1283,7/14/2015 1:00,17.189
1284,7/14/2015 2:00,17.094
1285,7/14/2015 3:00,16.903
1286,7/14/2015 4:00,16.713
1287,7/14/2015 5:00,16.903
1288,7/14/2015 6:00,18.996
1289,7/14/2015 7:00,21.091
1290,7/14/2015 8:00,21.569
1291,7/14/2015 9:00,26.879
1292,7/14/2015 10:00,27.862
1293,7/14/2015 11:00,26.39
1294,7/14/2015 12:00,29.853
1295,7/14/2015 13:00,29.953
1296,7/14/2015 14:00,27.665
1297,7/14/2015 15:00,27.862
1298,7/14/2015 16:00,25.61
1299,7/14/2015 17:00,24.641
1300,7/14/2015 18:00,24.351
1301,7/14/2015 19:00,22.238
1302,7/14/2015 20:00,20.519
1303,7/14/2015 21:00,21.187
1304,7/14/2015 22:00,20.805
1305,7/14/2015 23:00,20.805
1306,7/15/2015 0:00,20.519
1307,7/15/2015 1:00,20.519
1308,7/15/2015 2:00,19.948
1309,7/15/2015 3:00,20.043
1310,7/15/2015 4:00,20.71
1311,7/15/2015 5:00,20.519
1312,7/15/2015 6:00,21.091
1313,7/15/2015 7:00,22.908
1314,7/15/2015 8:00,27.272
1315,7/15/2015 9:00,28.06
1316,7/15/2015 10:00,33.535
1317,7/15/2015 11:00,33.639
1318,7/15/2015 12:00,34.796
1319,7/15/2015 13:00,32.807
1320,7/15/2015 14:00,34.479
1321,7/15/2015 15:00,30.558
1322,7/15/2015 16:00,29.252
1323,7/15/2015 17:00,27.567
1324,7/15/2015 18:00,25.805
1325,7/15/2015 19:00,22.429
1326,7/15/2015 20:00,21.282
1327,7/15/2015 21:00,19.853
1328,7/15/2015 22:00,19.758
1329,7/15/2015 23:00,19.758
1330,7/16/2015 0:00,19.662
1331,7/16/2015 1:00,19.282
1332,7/16/2015 2:00,19.092
1333,7/16/2015 3:00,19.092
1334,7/16/2015 4:00,19.187
1335,7/16/2015 5:00,18.616
1336,7/16/2015 6:00,19.948
1337,7/16/2015 7:00,24.448
1338,7/16/2015 8:00,21.569
1339,7/16/2015 9:00,22.812
1340,7/16/2015 10:00,24.158
1341,7/16/2015 11:00,25.513
1342,7/16/2015 12:00,26.097
1343,7/16/2015 13:00,25.513
1344,7/16/2015 14:00,25.222
1345,7/16/2015 15:00,23.966
1346,7/16/2015 16:00,22.908
1347,7/16/2015 17:00,21.664
1348,7/16/2015 18:00,25.61
1349,7/16/2015 19:00,24.062
1350,7/16/2015 20:00,16.332
1351,7/16/2015 21:00,15.187
1352,7/16/2015 22:00,14.804
1353,7/16/2015 23:00,11.041
1354,7/17/2015 0:00,9.472
1355,7/17/2015 1:00,8.581
1356,7/17/2015 2:00,8.879
1357,7/17/2015 3:00,8.68
1358,7/17/2015 4:00,11.041
1359,7/17/2015 5:00,11.334
1360,7/17/2015 6:00,13.173
1361,7/17/2015 7:00,29.352
1362,7/17/2015 8:00,26.292
1363,7/17/2015 9:00,29.152
1364,7/17/2015 10:00,29.252
1365,7/17/2015 11:00,30.76
1366,7/17/2015 12:00,31.88
1367,7/17/2015 13:00,31.064
1368,7/17/2015 14:00,28.953
1369,7/17/2015 15:00,28.953
1370,7/17/2015 16:00,26.39
1371,7/17/2015 17:00,25.805
1372,7/17/2015 18:00,25.416
1373,7/17/2015 19:00,25.61
1374,7/17/2015 20:00,18.426
1375,7/17/2015 21:00,16.999
1376,7/17/2015 22:00,16.713
1377,7/17/2015 23:00,16.713
1378,7/18/2015 0:00,16.713
1379,7/18/2015 1:00,16.427
1380,7/18/2015 2:00,16.808
1381,7/18/2015 3:00,16.903
1382,7/18/2015 4:00,16.618
1383,7/18/2015 5:00,16.427
1384,7/18/2015 6:00,17.76
1385,7/18/2015 7:00,18.616
1386,7/18/2015 8:00,19.282
1387,7/18/2015 9:00,21.473
1388,7/18/2015 10:00,24.158
1389,7/18/2015 11:00,27.272
1390,7/18/2015 12:00,24.931
1391,7/18/2015 13:00,29.652
1392,7/18/2015 14:00,29.053
1393,7/18/2015 15:00,26.781
1394,7/18/2015 16:00,27.272
1395,7/18/2015 17:00,27.173
1396,7/18/2015 18:00,28.953
1397,7/18/2015 19:00,25.319
1398,7/18/2015 20:00,20.805
1399,7/18/2015 21:00,20.424
1400,7/18/2015 22:00,20.329
1401,7/18/2015 23:00,20.234
1402,7/19/2015 0:00,20.615
1403,7/19/2015 1:00,21.378
1404,7/19/2015 2:00,20.615
1405,7/19/2015 3:00,20.615
1406,7/19/2015 4:00,20.901
1407,7/19/2015 5:00,20.901
1408,7/19/2015 6:00,21.378
1409,7/19/2015 7:00,23.773
1410,7/19/2015 8:00,24.448
1411,7/19/2015 9:00,25.222
1412,7/19/2015 10:00,28.456
1413,7/19/2015 11:00,26.683
1414,7/19/2015 12:00,29.452
1415,7/19/2015 13:00,29.352
1416,7/19/2015 14:00,31.88
1417,7/19/2015 15:00,29.853
1418,7/19/2015 16:00,28.06
1419,7/19/2015 17:00,27.075
1420,7/19/2015 18:00,29.452
1421,7/19/2015 19:00,21.951
1422,7/19/2015 20:00,21.378
1423,7/19/2015 21:00,21.282
1424,7/19/2015 22:00,21.664
1425,7/19/2015 23:00,21.187
1426,7/20/2015 0:00,21.473
1427,7/20/2015 1:00,20.901
1428,7/20/2015 2:00,20.519
1429,7/20/2015 3:00,20.234
1430,7/20/2015 4:00,20.329
1431,7/20/2015 5:00,20.329
1432,7/20/2015 6:00,20.805
1433,7/20/2015 7:00,21.855
1434,7/20/2015 8:00,24.062
1435,7/20/2015 9:00,27.173
1436,7/20/2015 10:00,31.37
1437,7/20/2015 11:00,32.394
1438,7/20/2015 12:00,34.796
1439,7/20/2015 13:00,33.118
1440,7/20/2015 14:00,34.479
1441,7/20/2015 15:00,32.704
1442,7/20/2015 16:00,31.983
1443,7/20/2015 17:00,26.781
1444,7/20/2015 18:00,26.292
1445,7/20/2015 19:00,29.853
1446,7/20/2015 20:00,22.333
1447,7/20/2015 21:00,21.664
1448,7/20/2015 22:00,21.378
1449,7/20/2015 23:00,20.805
1450,7/21/2015 0:00,21.187
1451,7/21/2015 1:00,20.996
1452,7/21/2015 2:00,21.282
1453,7/21/2015 3:00,21.282
1454,7/21/2015 4:00,21.473
1455,7/21/2015 5:00,20.615
1456,7/21/2015 6:00,21.76
1457,7/21/2015 7:00,22.525
1458,7/21/2015 8:00,26
1459,7/21/2015 9:00,28.953
1460,7/21/2015 10:00,30.457
1461,7/21/2015 11:00,31.983
1462,7/21/2015 12:00,32.911
1463,7/21/2015 13:00,28.953
1464,7/21/2015 14:00,26.879
1465,7/21/2015 15:00,26.488
1466,7/21/2015 16:00,29.252
1467,7/21/2015 17:00,28.357
1468,7/21/2015 18:00,26.781
1469,7/21/2015 19:00,24.545
1470,7/21/2015 20:00,22.429
1471,7/21/2015 21:00,22.046
1472,7/21/2015 22:00,21.282
1473,7/21/2015 23:00,21.187
1474,7/22/2015 0:00,20.615
1475,7/22/2015 1:00,19.758
1476,7/22/2015 2:00,20.043
1477,7/22/2015 3:00,20.329
1478,7/22/2015 4:00,20.424
1479,7/22/2015 5:00,20.901
1480,7/22/2015 6:00,22.908
1481,7/22/2015 7:00,30.457
1482,7/22/2015 8:00,27.272
1483,7/22/2015 9:00,28.754
1484,7/22/2015 10:00,31.166
1485,7/22/2015 11:00,31.983
1486,7/22/2015 12:00,34.479
1487,7/22/2015 13:00,34.268
1488,7/22/2015 14:00,33.743
1489,7/22/2015 15:00,33.43
1490,7/22/2015 16:00,31.778
1491,7/22/2015 17:00,30.154
1492,7/22/2015 18:00,32.704
1493,7/22/2015 19:00,28.258
1494,7/22/2015 20:00,20.424
1495,7/22/2015 21:00,20.424
1496,7/22/2015 22:00,21.187
1497,7/22/2015 23:00,19.853
1498,7/23/2015 0:00,16.903
1499,7/23/2015 1:00,16.427
1500,7/23/2015 2:00,14.325
1501,7/23/2015 3:00,15.473
1502,7/23/2015 4:00,16.427
1503,7/23/2015 5:00,19.092
1504,7/23/2015 6:00,21.187
1505,7/23/2015 7:00,33.222
1506,7/23/2015 8:00,29.652
1507,7/23/2015 9:00,30.862
1508,7/23/2015 10:00,33.118
1509,7/23/2015 11:00,32.188
1510,7/23/2015 12:00,31.778
1511,7/23/2015 13:00,30.963
1512,7/23/2015 14:00,31.166
1513,7/23/2015 15:00,30.457
1514,7/23/2015 16:00,29.552
1515,7/23/2015 17:00,27.862
1516,7/23/2015 18:00,31.166
1517,7/23/2015 19:00,25.319
1518,7/23/2015 20:00,20.615
1519,7/23/2015 21:00,20.71
1520,7/23/2015 22:00,20.519
1521,7/23/2015 23:00,19.472
1522,7/24/2015 0:00,18.996
1523,7/24/2015 1:00,18.426
1524,7/24/2015 2:00,17.76
1525,7/24/2015 3:00,16.618
1526,7/24/2015 4:00,15.664
1527,7/24/2015 5:00,14.325
1528,7/24/2015 6:00,15.282
1529,7/24/2015 7:00,29.752
1530,7/24/2015 8:00,27.468
1531,7/24/2015 9:00,30.255
1532,7/24/2015 10:00,33.014
1533,7/24/2015 11:00,32.6
1534,7/24/2015 12:00,34.163
1535,7/24/2015 13:00,34.374
1536,7/24/2015 14:00,33.535
1537,7/24/2015 15:00,32.291
1538,7/24/2015 16:00,31.88
1539,7/24/2015 17:00,25.61
1540,7/24/2015 18:00,26.683
1541,7/24/2015 19:00,19.853
1542,7/24/2015 20:00,18.806
1543,7/24/2015 21:00,16.618
1544,7/24/2015 22:00,14.325
1545,7/24/2015 23:00,14.038
1546,7/25/2015 0:00,13.75
1547,7/25/2015 1:00,18.616
1548,7/25/2015 2:00,18.806
1549,7/25/2015 3:00,18.236
1550,7/25/2015 4:00,18.045
1551,7/25/2015 5:00,17.475
1552,7/25/2015 6:00,19.662
1553,7/25/2015 7:00,32.497
1554,7/25/2015 8:00,29.953
1555,7/25/2015 9:00,29.252
1556,7/25/2015 10:00,30.154
1557,7/25/2015 11:00,30.054
1558,7/25/2015 12:00,31.778
1559,7/25/2015 13:00,33.118
1560,7/25/2015 14:00,32.807
1561,7/25/2015 15:00,30.054
1562,7/25/2015 16:00,25.222
1563,7/25/2015 17:00,23.869
1564,7/25/2015 18:00,21.855
1565,7/25/2015 19:00,21.473
1566,7/25/2015 20:00,19.472
1567,7/25/2015 21:00,18.616
1568,7/25/2015 22:00,17.284
1569,7/25/2015 23:00,15.473
1570,7/26/2015 0:00,15.569
1571,7/26/2015 1:00,16.046
1572,7/26/2015 2:00,17.379
1573,7/26/2015 3:00,17.379
1574,7/26/2015 4:00,17.379
1575,7/26/2015 5:00,16.523
1576,7/26/2015 6:00,18.045
1577,7/26/2015 7:00,26.195
1578,7/26/2015 8:00,18.045
1579,7/26/2015 9:00,19.282
1580,7/26/2015 10:00,22.812
1581,7/26/2015 11:00,27.764
1582,7/26/2015 12:00,28.555
1583,7/26/2015 13:00,23.484
1584,7/26/2015 14:00,24.448
1585,7/26/2015 15:00,28.953
1586,7/26/2015 16:00,22.908
1587,7/26/2015 17:00,21.282
1588,7/26/2015 18:00,22.046
1589,7/26/2015 19:00,22.812
1590,7/26/2015 20:00,20.519
1591,7/26/2015 21:00,20.043
1592,7/26/2015 22:00,19.758
1593,7/26/2015 23:00,20.329
1594,7/27/2015 0:00,20.234
1595,7/27/2015 1:00,20.043
1596,7/27/2015 2:00,19.853
1597,7/27/2015 3:00,19.853
1598,7/27/2015 4:00,20.043
1599,7/27/2015 5:00,20.234
1600,7/27/2015 6:00,20.615
1601,7/27/2015 7:00,21.187
1602,7/27/2015 8:00,22.429
1603,7/27/2015 9:00,24.641
1604,7/27/2015 10:00,30.963
1605,7/27/2015 11:00,28.456
1606,7/27/2015 12:00,28.754
1607,7/27/2015 13:00,28.258
1608,7/27/2015 14:00,25.222
1609,7/27/2015 15:00,26.683
1610,7/27/2015 16:00,31.268
1611,7/27/2015 17:00,25.902
1612,7/27/2015 18:00,32.911
1613,7/27/2015 19:00,25.319
1614,7/27/2015 20:00,20.996
1615,7/27/2015 21:00,20.043
1616,7/27/2015 22:00,20.138
1617,7/27/2015 23:00,20.329
1618,7/28/2015 0:00,19.948
1619,7/28/2015 1:00,19.853
1620,7/28/2015 2:00,19.853
1621,7/28/2015 3:00,19.758
1622,7/28/2015 4:00,19.853
1623,7/28/2015 5:00,19.662
1624,7/28/2015 6:00,20.329
1625,7/28/2015 7:00,28.853
1626,7/28/2015 8:00,28.357
1627,7/28/2015 9:00,30.054
1628,7/28/2015 10:00,31.472
1629,7/28/2015 11:00,32.911
1630,7/28/2015 12:00,33.535
1631,7/28/2015 13:00,33.535
1632,7/28/2015 14:00,31.268
1633,7/28/2015 15:00,31.37
1634,7/28/2015 16:00,29.953
1635,7/28/2015 17:00,24.351
1636,7/28/2015 18:00,24.545
1637,7/28/2015 19:00,24.351
1638,7/28/2015 20:00,22.525
1639,7/28/2015 21:00,22.046
1640,7/28/2015 22:00,21.091
1641,7/28/2015 23:00,21.187
1642,7/29/2015 0:00,21.282
1643,7/29/2015 1:00,21.76
1644,7/29/2015 2:00,21.664
1645,7/29/2015 3:00,21.378
1646,7/29/2015 4:00,20.901
1647,7/29/2015 5:00,19.377
1648,7/29/2015 6:00,18.616
1649,7/29/2015 7:00,32.497
1650,7/29/2015 8:00,30.659
1651,7/29/2015 9:00,32.497
1652,7/29/2015 10:00,35.115
1653,7/29/2015 11:00,36.837
1654,7/29/2015 12:00,37.604
1655,7/29/2015 13:00,36.079
1656,7/29/2015 14:00,35.222
1657,7/29/2015 15:00,32.911
1658,7/29/2015 16:00,32.6
1659,7/29/2015 17:00,30.862
1660,7/29/2015 18:00,33.743
1661,7/29/2015 19:00,28.456
1662,7/29/2015 20:00,23.004
1663,7/29/2015 21:00,22.429
1664,7/29/2015 22:00,22.525
1665,7/29/2015 23:00,22.238
1666,7/30/2015 0:00,21.951
1667,7/30/2015 1:00,21.473
1668,7/30/2015 2:00,21.664
1669,7/30/2015 3:00,21.76
1670,7/30/2015 4:00,22.142
1671,7/30/2015 5:00,21.569
1672,7/30/2015 6:00,22.238
1673,7/30/2015 7:00,28.655
1674,7/30/2015 8:00,27.961
1675,7/30/2015 9:00,30.054
1676,7/30/2015 10:00,31.574
1677,7/30/2015 11:00,33.535
1678,7/30/2015 12:00,32.497
1679,7/30/2015 13:00,31.166
1680,7/30/2015 14:00,30.76
1681,7/30/2015 15:00,31.983
1682,7/30/2015 16:00,29.853
1683,7/30/2015 17:00,29.953
1684,7/30/2015 18:00,29.452
1685,7/30/2015 19:00,23.388
1686,7/30/2015 20:00,22.333
1687,7/30/2015 21:00,22.046
1688,7/30/2015 22:00,21.855
1689,7/30/2015 23:00,21.855
1690,7/31/2015 0:00,22.525
1691,7/31/2015 1:00,22.621
1692,7/31/2015 2:00,23.196
1693,7/31/2015 3:00,22.812
1694,7/31/2015 4:00,21.855
1695,7/31/2015 5:00,21.282
1696,7/31/2015 6:00,21.187
1697,7/31/2015 7:00,26.781
1698,7/31/2015 8:00,30.659
1699,7/31/2015 9:00,32.291
1700,7/31/2015 10:00,34.058
1701,7/31/2015 11:00,35.435
1702,7/31/2015 12:00,35.328
1703,7/31/2015 13:00,33.743
1704,7/31/2015 14:00,34.374
1705,7/31/2015 15:00,32.497
1706,7/31/2015 16:00,31.472
1707,7/31/2015 17:00,30.255
1708,7/31/2015 18:00,34.691
1709,7/31/2015 19:00,28.258
1710,7/31/2015 20:00,21.569
1711,7/31/2015 21:00,20.805
1712,7/31/2015 22:00,20.519
1713,7/31/2015 23:00,20.234
1714,8/1/2015 0:00,20.424
1715,8/1/2015 1:00,19.948
1716,8/1/2015 2:00,19.758
1717,8/1/2015 3:00,19.948
1718,8/1/2015 4:00,19.662
1719,8/1/2015 5:00,18.236
1720,8/1/2015 6:00,20.138
1721,8/1/2015 7:00,31.983
1722,8/1/2015 8:00,29.853
1723,8/1/2015 9:00,31.574
1724,8/1/2015 10:00,33.222
1725,8/1/2015 11:00,34.058
1726,8/1/2015 12:00,34.058
1727,8/1/2015 13:00,34.374
1728,8/1/2015 14:00,34.163
1729,8/1/2015 15:00,32.6
1730,8/1/2015 16:00,30.862
1731,8/1/2015 17:00,29.552
1732,8/1/2015 18:00,31.574
1733,8/1/2015 19:00,26.585
1734,8/1/2015 20:00,22.142
1735,8/1/2015 21:00,22.046
1736,8/1/2015 22:00,21.569
1737,8/1/2015 23:00,21.855
1738,8/2/2015 0:00,21.76
1739,8/2/2015 1:00,21.473
1740,8/2/2015 2:00,21.282
1741,8/2/2015 3:00,19.948
1742,8/2/2015 4:00,21.091
1743,8/2/2015 5:00,20.615
1744,8/2/2015 6:00,23.1
1745,8/2/2015 7:00,34.058
1746,8/2/2015 8:00,31.166
1747,8/2/2015 9:00,33.535
1748,8/2/2015 10:00,35.009
1749,8/2/2015 11:00,36.403
1750,8/2/2015 12:00,34.691
1751,8/2/2015 13:00,35.328
1752,8/2/2015 14:00,35.435
1753,8/2/2015 15:00,34.268
1754,8/2/2015 16:00,32.807
1755,8/2/2015 17:00,30.255
1756,8/2/2015 18:00,34.268
1757,8/2/2015 19:00,28.06
1758,8/2/2015 20:00,20.329
1759,8/2/2015 21:00,19.282
1760,8/2/2015 22:00,19.662
1761,8/2/2015 23:00,19.472
1762,8/3/2015 0:00,20.043
1763,8/3/2015 1:00,20.138
1764,8/3/2015 2:00,20.424
1765,8/3/2015 3:00,20.615
1766,8/3/2015 4:00,20.329
1767,8/3/2015 5:00,20.424
1768,8/3/2015 6:00,21.378
1769,8/3/2015 7:00,29.252
1770,8/3/2015 8:00,29.352
1771,8/3/2015 9:00,31.574
1772,8/3/2015 10:00,34.268
1773,8/3/2015 11:00,35.435
1774,8/3/2015 12:00,35.222
1775,8/3/2015 13:00,35.009
1776,8/3/2015 14:00,32.086
1777,8/3/2015 15:00,31.472
1778,8/3/2015 16:00,31.268
1779,8/3/2015 17:00,29.552
1780,8/3/2015 18:00,32.086
1781,8/3/2015 19:00,26.585
1782,8/3/2015 20:00,22.525
1783,8/3/2015 21:00,21.76
1784,8/3/2015 22:00,21.855
1785,8/3/2015 23:00,21.187
1786,8/4/2015 0:00,21.569
1787,8/4/2015 1:00,22.333
1788,8/4/2015 2:00,22.908
1789,8/4/2015 3:00,22.142
1790,8/4/2015 4:00,22.429
1791,8/4/2015 5:00,22.238
1792,8/4/2015 6:00,22.238
1793,8/4/2015 7:00,25.416
1794,8/4/2015 8:00,25.416
1795,8/4/2015 9:00,24.448
1796,8/4/2015 10:00,30.154
1797,8/4/2015 11:00,35.222
1798,8/4/2015 12:00,33.639
1799,8/4/2015 13:00,34.691
1800,8/4/2015 14:00,34.163
1801,8/4/2015 15:00,33.326
1802,8/4/2015 16:00,31.268
1803,8/4/2015 17:00,30.255
1804,8/4/2015 18:00,30.356
1805,8/4/2015 19:00,25.61
1806,8/4/2015 20:00,22.908
1807,8/4/2015 21:00,23.004
1808,8/4/2015 22:00,22.908
1809,8/4/2015 23:00,23.004
1810,8/5/2015 0:00,23.292
1811,8/5/2015 1:00,22.333
1812,8/5/2015 2:00,21.378
1813,8/5/2015 3:00,20.329
1814,8/5/2015 4:00,20.519
1815,8/5/2015 5:00,20.329
1816,8/5/2015 6:00,17.76
1817,8/5/2015 7:00,25.805
1818,8/5/2015 8:00,27.37
1819,8/5/2015 9:00,28.06
1820,8/5/2015 10:00,30.76
1821,8/5/2015 11:00,31.268
1822,8/5/2015 12:00,33.848
1823,8/5/2015 13:00,35.115
1824,8/5/2015 14:00,33.953
1825,8/5/2015 15:00,33.43
1826,8/5/2015 16:00,31.778
1827,8/5/2015 17:00,29.853
1828,8/5/2015 18:00,32.188
1829,8/5/2015 19:00,25.805
1830,8/5/2015 20:00,21.855
1831,8/5/2015 21:00,21.855
1832,8/5/2015 22:00,22.142
1833,8/5/2015 23:00,21.951
1834,8/6/2015 0:00,22.525
1835,8/6/2015 1:00,21.855
1836,8/6/2015 2:00,20.996
1837,8/6/2015 3:00,20.424
1838,8/6/2015 4:00,19.853
1839,8/6/2015 5:00,19.282
1840,8/6/2015 6:00,20.901
1841,8/6/2015 7:00,32.188
1842,8/6/2015 8:00,29.452
1843,8/6/2015 9:00,30.76
1844,8/6/2015 10:00,33.222
1845,8/6/2015 11:00,33.953
1846,8/6/2015 12:00,33.848
1847,8/6/2015 13:00,32.394
1848,8/6/2015 14:00,30.659
1849,8/6/2015 15:00,28.853
1850,8/6/2015 16:00,26.585
1851,8/6/2015 17:00,26.097
1852,8/6/2015 18:00,27.173
1853,8/6/2015 19:00,22.717
1854,8/6/2015 20:00,20.138
1855,8/6/2015 21:00,20.329
1856,8/6/2015 22:00,19.948
1857,8/6/2015 23:00,19.662
1858,8/7/2015 0:00,19.282
1859,8/7/2015 1:00,19.853
1860,8/7/2015 2:00,17.284
1861,8/7/2015 3:00,17.855
1862,8/7/2015 4:00,17.189
1863,8/7/2015 5:00,17.189
1864,8/7/2015 6:00,20.043
1865,8/7/2015 7:00,28.258
1866,8/7/2015 8:00,26.585
1867,8/7/2015 9:00,26.781
1868,8/7/2015 10:00,26.781
1869,8/7/2015 11:00,29.652
1870,8/7/2015 12:00,30.255
1871,8/7/2015 13:00,30.356
1872,8/7/2015 14:00,28.357
1873,8/7/2015 15:00,27.764
1874,8/7/2015 16:00,25.902
1875,8/7/2015 17:00,24.641
1876,8/7/2015 18:00,22.908
1877,8/7/2015 19:00,21.187
1878,8/7/2015 20:00,20.424
1879,8/7/2015 21:00,20.234
1880,8/7/2015 22:00,20.043
1881,8/7/2015 23:00,19.853
1882,8/8/2015 0:00,19.567
1883,8/8/2015 1:00,19.377
1884,8/8/2015 2:00,19.187
1885,8/8/2015 3:00,18.996
1886,8/8/2015 4:00,18.996
1887,8/8/2015 5:00,18.996
1888,8/8/2015 6:00,20.234
1889,8/8/2015 7:00,24.931
1890,8/8/2015 8:00,25.125
1891,8/8/2015 9:00,26.781
1892,8/8/2015 10:00,28.456
1893,8/8/2015 11:00,29.652
1894,8/8/2015 12:00,30.154
1895,8/8/2015 13:00,31.166
1896,8/8/2015 14:00,30.659
1897,8/8/2015 15:00,28.555
1898,8/8/2015 16:00,25.513
1899,8/8/2015 17:00,23.677
1900,8/8/2015 18:00,22.525
1901,8/8/2015 19:00,20.043
1902,8/8/2015 20:00,19.282
1903,8/8/2015 21:00,19.472
1904,8/8/2015 22:00,19.377
1905,8/8/2015 23:00,19.187
1906,8/9/2015 0:00,18.616
1907,8/9/2015 1:00,18.331
1908,8/9/2015 2:00,18.331
1909,8/9/2015 3:00,18.521
1910,8/9/2015 4:00,19.092
1911,8/9/2015 5:00,19.377
1912,8/9/2015 6:00,19.758
1913,8/9/2015 7:00,19.853
1914,8/9/2015 8:00,19.948
1915,8/9/2015 9:00,21.091
1916,8/9/2015 10:00,20.805
1917,8/9/2015 11:00,21.282
1918,8/9/2015 12:00,20.71
1919,8/9/2015 13:00,21.569
1920,8/9/2015 14:00,23.1
1921,8/9/2015 15:00,22.238
1922,8/9/2015 16:00,22.238
1923,8/9/2015 17:00,20.615
1924,8/9/2015 18:00,20.519
1925,8/9/2015 19:00,19.567
1926,8/9/2015 20:00,18.901
1927,8/9/2015 21:00,18.711
1928,8/9/2015 22:00,18.14
1929,8/9/2015 23:00,17.76
1930,8/10/2015 0:00,17.665
1931,8/10/2015 1:00,17.189
1932,8/10/2015 2:00,17.284
1933,8/10/2015 3:00,17.379
1934,8/10/2015 4:00,17.284
1935,8/10/2015 5:00,17.094
1936,8/10/2015 6:00,18.045
1937,8/10/2015 7:00,28.258
1938,8/10/2015 8:00,27.37
1939,8/10/2015 9:00,29.853
1940,8/10/2015 10:00,31.983
1941,8/10/2015 11:00,33.639
1942,8/10/2015 12:00,29.853
1943,8/10/2015 13:00,32.807
1944,8/10/2015 14:00,30.76
1945,8/10/2015 15:00,28.953
1946,8/10/2015 16:00,27.862
1947,8/10/2015 17:00,26.292
1948,8/10/2015 18:00,26
1949,8/10/2015 19:00,21.76
1950,8/10/2015 20:00,17.665
1951,8/10/2015 21:00,16.523
1952,8/10/2015 22:00,17.189
1953,8/10/2015 23:00,17.475
1954,8/11/2015 0:00,17.76
1955,8/11/2015 1:00,17.855
1956,8/11/2015 2:00,18.236
1957,8/11/2015 3:00,17.855
1958,8/11/2015 4:00,17.665
1959,8/11/2015 5:00,17.665
1960,8/11/2015 6:00,19.377
1961,8/11/2015 7:00,23.677
1962,8/11/2015 8:00,21.091
1963,8/11/2015 9:00,23.196
1964,8/11/2015 10:00,23.388
1965,8/11/2015 11:00,21.282
1966,8/11/2015 12:00,21.187
1967,8/11/2015 13:00,20.996
1968,8/11/2015 14:00,21.76
1969,8/11/2015 15:00,21.378
1970,8/11/2015 16:00,21.664
1971,8/11/2015 17:00,21.569
1972,8/11/2015 18:00,21.187
1973,8/11/2015 19:00,21.664
1974,8/11/2015 20:00,20.901
1975,8/11/2015 21:00,20.329
1976,8/11/2015 22:00,19.853
1977,8/11/2015 23:00,20.805
1978,8/12/2015 0:00,20.043
1979,8/12/2015 1:00,20.329
1980,8/12/2015 2:00,20.519
1981,8/12/2015 3:00,20.996
1982,8/12/2015 4:00,20.424
1983,8/12/2015 5:00,20.424
1984,8/12/2015 6:00,20.329
1985,8/12/2015 7:00,20.996
1986,8/12/2015 8:00,21.378
1987,8/12/2015 9:00,23.004
1988,8/12/2015 10:00,27.665
1989,8/12/2015 11:00,28.655
1990,8/12/2015 12:00,29.652
1991,8/12/2015 13:00,28.953
1992,8/12/2015 14:00,28.555
1993,8/12/2015 15:00,29.053
1994,8/12/2015 16:00,28.555
1995,8/12/2015 17:00,27.567
1996,8/12/2015 18:00,25.028
1997,8/12/2015 19:00,22.046
1998,8/12/2015 20:00,20.138
1999,8/12/2015 21:00,19.853
2000,8/12/2015 22:00,19.662
2001,8/12/2015 23:00,19.377
2002,8/13/2015 0:00,19.282
2003,8/13/2015 1:00,19.567
2004,8/13/2015 2:00,19.758
2005,8/13/2015 3:00,19.377
2006,8/13/2015 4:00,19.187
2007,8/13/2015 5:00,16.618
2008,8/13/2015 6:00,15.378
2009,8/13/2015 7:00,28.06
2010,8/13/2015 8:00,29.452
2011,8/13/2015 9:00,30.154
2012,8/13/2015 10:00,31.064
2013,8/13/2015 11:00,32.188
2014,8/13/2015 12:00,33.222
2015,8/13/2015 13:00,33.014
2016,8/13/2015 14:00,32.911
2017,8/13/2015 15:00,33.014
2018,8/13/2015 16:00,31.064
2019,8/13/2015 17:00,27.862
2020,8/13/2015 18:00,26.195
2021,8/13/2015 19:00,22.429
2022,8/13/2015 20:00,18.521
2023,8/13/2015 21:00,17.379
2024,8/13/2015 22:00,16.523
2025,8/13/2015 23:00,15.951
2026,8/14/2015 0:00,13.461
2027,8/14/2015 1:00,15.378
2028,8/14/2015 2:00,14.996
2029,8/14/2015 3:00,13.461
2030,8/14/2015 4:00,13.365
2031,8/14/2015 5:00,12.497
2032,8/14/2015 6:00,11.819
2033,8/14/2015 7:00,25.708
2034,8/14/2015 8:00,29.752
2035,8/14/2015 9:00,30.356
2036,8/14/2015 10:00,32.704
2037,8/14/2015 11:00,33.535
2038,8/14/2015 12:00,34.691
2039,8/14/2015 13:00,35.328
2040,8/14/2015 14:00,34.374
2041,8/14/2015 15:00,32.086
2042,8/14/2015 16:00,30.862
2043,8/14/2015 17:00,29.252
2044,8/14/2015 18:00,26.488
2045,8/14/2015 19:00,22.525
2046,8/14/2015 20:00,19.377
2047,8/14/2015 21:00,19.472
2048,8/14/2015 22:00,18.711
2049,8/14/2015 23:00,18.14
2050,8/15/2015 0:00,17.76
2051,8/15/2015 1:00,17.284
2052,8/15/2015 2:00,17.665
2053,8/15/2015 3:00,17.665
2054,8/15/2015 4:00,17.76
2055,8/15/2015 5:00,18.236
2056,8/15/2015 6:00,18.521
2057,8/15/2015 7:00,19.948
2058,8/15/2015 8:00,25.222
2059,8/15/2015 9:00,29.252
2060,8/15/2015 10:00,30.963
2061,8/15/2015 11:00,33.014
2062,8/15/2015 12:00,32.394
2063,8/15/2015 13:00,32.497
2064,8/15/2015 14:00,31.983
2065,8/15/2015 15:00,30.255
2066,8/15/2015 16:00,29.953
2067,8/15/2015 17:00,28.555
2068,8/15/2015 18:00,25.902
2069,8/15/2015 19:00,22.908
2070,8/15/2015 20:00,21.091
2071,8/15/2015 21:00,20.615
2072,8/15/2015 22:00,20.519
2073,8/15/2015 23:00,20.805
2074,8/16/2015 0:00,20.615
2075,8/16/2015 1:00,20.519
2076,8/16/2015 2:00,20.234
2077,8/16/2015 3:00,19.948
2078,8/16/2015 4:00,20.424
2079,8/16/2015 5:00,20.71
2080,8/16/2015 6:00,19.853
2081,8/16/2015 7:00,27.468
2082,8/16/2015 8:00,28.258
2083,8/16/2015 9:00,29.853
2084,8/16/2015 10:00,31.574
2085,8/16/2015 11:00,32.6
2086,8/16/2015 12:00,32.704
2087,8/16/2015 13:00,32.704
2088,8/16/2015 14:00,31.983
2089,8/16/2015 15:00,31.676
2090,8/16/2015 16:00,30.659
2091,8/16/2015 17:00,29.452
2092,8/16/2015 18:00,26.488
2093,8/16/2015 19:00,23.484
2094,8/16/2015 20:00,21.378
2095,8/16/2015 21:00,20.71
2096,8/16/2015 22:00,20.805
2097,8/16/2015 23:00,20.996
2098,8/17/2015 0:00,20.805
2099,8/17/2015 1:00,20.615
2100,8/17/2015 2:00,20.71
2101,8/17/2015 3:00,20.996
2102,8/17/2015 4:00,21.187
2103,8/17/2015 5:00,21.091
2104,8/17/2015 6:00,20.901
2105,8/17/2015 7:00,27.37
2106,8/17/2015 8:00,27.567
2107,8/17/2015 9:00,29.452
2108,8/17/2015 10:00,31.166
2109,8/17/2015 11:00,32.394
2110,8/17/2015 12:00,33.118
2111,8/17/2015 13:00,32.704
2112,8/17/2015 14:00,31.983
2113,8/17/2015 15:00,31.574
2114,8/17/2015 16:00,30.154
2115,8/17/2015 17:00,29.953
2116,8/17/2015 18:00,26.488
2117,8/17/2015 19:00,23.484
2118,8/17/2015 20:00,21.855
2119,8/17/2015 21:00,21.569
2120,8/17/2015 22:00,21.569
2121,8/17/2015 23:00,21.76
2122,8/18/2015 0:00,21.473
2123,8/18/2015 1:00,21.855
2124,8/18/2015 2:00,21.855
2125,8/18/2015 3:00,21.664
2126,8/18/2015 4:00,21.473
2127,8/18/2015 5:00,21.76
2128,8/18/2015 6:00,21.951
2129,8/18/2015 7:00,24.931
2130,8/18/2015 8:00,27.764
2131,8/18/2015 9:00,29.452
2132,8/18/2015 10:00,31.064
2133,8/18/2015 11:00,32.6
2134,8/18/2015 12:00,33.118
2135,8/18/2015 13:00,33.535
2136,8/18/2015 14:00,32.6
2137,8/18/2015 15:00,31.37
2138,8/18/2015 16:00,30.255
2139,8/18/2015 17:00,29.252
2140,8/18/2015 18:00,26.39
2141,8/18/2015 19:00,23.388
2142,8/18/2015 20:00,21.569
2143,8/18/2015 21:00,20.996
2144,8/18/2015 22:00,21.473
2145,8/18/2015 23:00,21.569
2146,8/19/2015 0:00,21.664
2147,8/19/2015 1:00,20.71
2148,8/19/2015 2:00,20.329
2149,8/19/2015 3:00,20.71
2150,8/19/2015 4:00,20.424
2151,8/19/2015 5:00,20.615
2152,8/19/2015 6:00,20.71
2153,8/19/2015 7:00,22.717
2154,8/19/2015 8:00,27.862
2155,8/19/2015 9:00,29.953
2156,8/19/2015 10:00,32.497
2157,8/19/2015 11:00,33.014
2158,8/19/2015 12:00,33.953
2159,8/19/2015 13:00,34.058
2160,8/19/2015 14:00,34.163
2161,8/19/2015 15:00,33.222
2162,8/19/2015 16:00,32.188
2163,8/19/2015 17:00,31.064
2164,8/19/2015 18:00,27.567
2165,8/19/2015 19:00,24.255
2166,8/19/2015 20:00,22.429
2167,8/19/2015 21:00,21.664
2168,8/19/2015 22:00,21.187
2169,8/19/2015 23:00,21.091
2170,8/20/2015 0:00,20.996
2171,8/20/2015 1:00,20.996
2172,8/20/2015 2:00,20.805
2173,8/20/2015 3:00,20.996
2174,8/20/2015 4:00,20.805
2175,8/20/2015 5:00,20.615
2176,8/20/2015 6:00,20.138
2177,8/20/2015 7:00,22.429
2178,8/20/2015 8:00,26.39
2179,8/20/2015 9:00,27.961
2180,8/20/2015 10:00,30.558
2181,8/20/2015 11:00,30.963
2182,8/20/2015 12:00,32.394
