Date ,Temp
12/4/2014 12:00,10.651
12/4/2014 13:00,10.553
12/4/2014 14:00,12.69
12/4/2014 15:00,9.866
12/4/2014 16:00,5.141
12/4/2014 17:00,4.934
12/4/2014 18:00,5.45
12/4/2014 19:00,5.244
12/4/2014 20:00,5.037
12/4/2014 21:00,4.623
12/4/2014 22:00,4.102
12/4/2014 23:00,3.893
12/5/2014 0:00,3.578
12/5/2014 1:00,3.683
12/5/2014 2:00,3.683
12/5/2014 3:00,3.472
12/5/2014 4:00,3.367
12/5/2014 5:00,3.472
12/5/2014 6:00,3.578
12/5/2014 7:00,3.788
12/5/2014 8:00,8.082
12/5/2014 9:00,7.582
12/5/2014 10:00,8.382
12/5/2014 11:00,9.176
12/5/2014 12:00,8.68
12/5/2014 13:00,7.481
12/5/2014 14:00,11.236
12/5/2014 15:00,6.674
12/5/2014 16:00,5.347
12/5/2014 17:00,5.141
12/5/2014 18:00,5.244
12/5/2014 19:00,5.45
12/5/2014 20:00,5.757
12/5/2014 21:00,5.962
12/5/2014 22:00,6.37
12/5/2014 23:00,6.877
12/6/2014 0:00,7.179
12/6/2014 1:00,7.381
12/6/2014 2:00,7.882
12/6/2014 3:00,8.581
12/6/2014 4:00,9.472
12/6/2014 5:00,10.161
12/6/2014 6:00,10.063
12/6/2014 7:00,10.846
12/6/2014 8:00,10.651
12/6/2014 9:00,11.041
12/6/2014 10:00,11.236
12/6/2014 11:00,11.139
12/6/2014 12:00,11.334
12/6/2014 13:00,11.139
12/6/2014 14:00,10.161
12/6/2014 15:00,10.161
12/6/2014 16:00,9.077
12/6/2014 17:00,8.581
12/6/2014 18:00,8.481
12/6/2014 19:00,8.68
12/6/2014 20:00,8.481
12/6/2014 21:00,8.282
12/6/2014 22:00,7.682
12/6/2014 23:00,6.674
12/7/2014 0:00,6.471
12/7/2014 1:00,6.877
12/7/2014 2:00,6.573
12/7/2014 3:00,6.064
12/7/2014 4:00,5.757
12/7/2014 5:00,5.45
12/7/2014 6:00,5.244
12/7/2014 7:00,5.552
12/7/2014 8:00,5.655
12/7/2014 9:00,5.45
12/7/2014 10:00,5.552
12/7/2014 11:00,5.962
12/7/2014 12:00,5.037
12/7/2014 13:00,5.037
12/7/2014 14:00,4.415
12/7/2014 15:00,3.788
12/7/2014 16:00,2.624
12/7/2014 17:00,1.764
12/7/2014 18:00,1.548
12/7/2014 19:00,1.872
12/7/2014 20:00,1.764
12/7/2014 21:00,1.221
12/7/2014 22:00,1.003
12/7/2014 23:00,1.003
12/8/2014 0:00,0.563
12/8/2014 1:00,0.563
12/8/2014 2:00,0.343
12/8/2014 3:00,0.343
12/8/2014 4:00,0.453
12/8/2014 5:00,0.563
12/8/2014 6:00,0.784
12/8/2014 7:00,1.112
12/8/2014 8:00,1.439
12/8/2014 9:00,2.195
12/8/2014 10:00,3.261
12/8/2014 11:00,4.102
12/8/2014 12:00,4.623
12/8/2014 13:00,4.519
12/8/2014 14:00,3.788
12/8/2014 15:00,4.207
12/8/2014 16:00,3.893
12/8/2014 17:00,4.311
12/8/2014 18:00,4.623
12/8/2014 19:00,4.934
12/8/2014 20:00,5.45
12/8/2014 21:00,5.552
12/8/2014 22:00,5.962
12/8/2014 23:00,5.86
12/9/2014 0:00,6.166
12/9/2014 1:00,6.775
12/9/2014 2:00,7.179
12/9/2014 3:00,7.481
12/9/2014 4:00,7.882
12/9/2014 5:00,8.282
12/9/2014 6:00,8.082
12/9/2014 7:00,8.082
12/9/2014 8:00,8.082
12/9/2014 9:00,8.481
12/9/2014 10:00,8.779
12/9/2014 11:00,8.779
12/9/2014 12:00,9.275
12/9/2014 13:00,9.768
12/9/2014 14:00,10.651
12/9/2014 15:00,11.819
12/9/2014 16:00,11.334
12/9/2014 17:00,13.365
12/9/2014 18:00,13.75
12/9/2014 19:00,12.883
12/9/2014 20:00,12.497
12/9/2014 21:00,11.625
12/9/2014 22:00,11.041
12/9/2014 23:00,9.669
12/10/2014 0:00,9.275
12/10/2014 1:00,8.978
12/10/2014 2:00,8.581
12/10/2014 3:00,8.282
12/10/2014 4:00,8.082
12/10/2014 5:00,7.882
12/10/2014 6:00,7.782
12/10/2014 7:00,7.682
12/10/2014 8:00,7.782
12/10/2014 9:00,8.382
12/10/2014 10:00,8.581
12/10/2014 11:00,8.382
12/10/2014 12:00,8.481
12/10/2014 13:00,9.965
12/10/2014 14:00,9.176
12/10/2014 15:00,8.282
12/10/2014 16:00,8.082
12/10/2014 17:00,6.573
12/10/2014 18:00,6.877
12/10/2014 19:00,6.471
12/10/2014 20:00,5.757
12/10/2014 21:00,5.655
12/10/2014 22:00,5.141
12/10/2014 23:00,5.141
12/11/2014 0:00,4.311
12/11/2014 1:00,4.311
12/11/2014 2:00,4.311
12/11/2014 3:00,3.788
12/11/2014 4:00,4.207
12/11/2014 5:00,4.415
12/11/2014 6:00,3.998
12/11/2014 7:00,3.683
12/11/2014 8:00,3.261
12/11/2014 9:00,4.207
12/11/2014 10:00,5.655
12/11/2014 11:00,5.655
12/11/2014 12:00,6.978
12/11/2014 13:00,5.244
12/11/2014 14:00,4.311
12/11/2014 15:00,2.943
12/11/2014 16:00,3.472
12/11/2014 17:00,4.207
12/11/2014 18:00,2.837
12/11/2014 19:00,3.261
12/11/2014 20:00,2.837
12/11/2014 21:00,3.472
12/11/2014 22:00,3.155
12/11/2014 23:00,2.943
12/12/2014 0:00,2.73
12/12/2014 1:00,2.624
12/12/2014 2:00,2.517
12/12/2014 3:00,2.517
12/12/2014 4:00,2.195
12/12/2014 5:00,1.112
12/12/2014 6:00,1.33
12/12/2014 7:00,1.656
12/12/2014 8:00,1.221
12/12/2014 9:00,5.757
12/12/2014 10:00,4.831
12/12/2014 11:00,5.037
12/12/2014 12:00,9.077
12/12/2014 13:00,9.965
12/12/2014 14:00,9.965
12/12/2014 15:00,8.182
12/12/2014 16:00,2.943
12/12/2014 17:00,1.656
12/12/2014 18:00,3.155
12/12/2014 19:00,3.155
12/12/2014 20:00,3.049
12/12/2014 21:00,2.837
12/12/2014 22:00,2.624
12/12/2014 23:00,2.303
12/13/2014 0:00,1.33
12/13/2014 1:00,1.656
12/13/2014 2:00,1.656
12/13/2014 3:00,1.764
12/13/2014 4:00,1.656
12/13/2014 5:00,1.548
12/13/2014 6:00,1.439
12/13/2014 7:00,1.33
12/13/2014 8:00,2.195
12/13/2014 9:00,5.141
12/13/2014 10:00,4.207
12/13/2014 11:00,5.962
12/13/2014 12:00,4.727
12/13/2014 13:00,5.347
12/13/2014 14:00,6.064
12/13/2014 15:00,4.415
12/13/2014 16:00,5.244
12/13/2014 17:00,4.207
12/13/2014 18:00,4.415
12/13/2014 19:00,4.311
12/13/2014 20:00,4.207
12/13/2014 21:00,3.472
12/13/2014 22:00,3.261
12/13/2014 23:00,3.578
12/14/2014 0:00,3.155
12/14/2014 1:00,2.837
12/14/2014 2:00,2.517
12/14/2014 3:00,2.624
12/14/2014 4:00,3.049
12/14/2014 5:00,2.517
12/14/2014 6:00,2.41
12/14/2014 7:00,1.98
12/14/2014 8:00,3.472
12/14/2014 9:00,6.37
12/14/2014 10:00,7.782
12/14/2014 11:00,6.37
12/14/2014 12:00,6.877
12/14/2014 13:00,7.079
12/14/2014 14:00,7.079
12/14/2014 15:00,6.877
12/14/2014 16:00,5.037
12/14/2014 17:00,3.998
12/14/2014 18:00,4.102
12/14/2014 19:00,3.893
12/14/2014 20:00,3.893
12/14/2014 21:00,3.998
12/14/2014 22:00,3.998
12/14/2014 23:00,3.367
12/15/2014 0:00,2.73
12/15/2014 1:00,2.088
12/15/2014 2:00,1.98
12/15/2014 3:00,2.195
12/15/2014 4:00,1.872
12/15/2014 5:00,1.98
12/15/2014 6:00,2.088
12/15/2014 7:00,2.303
12/15/2014 8:00,5.45
12/15/2014 9:00,6.471
12/15/2014 10:00,7.079
12/15/2014 11:00,8.581
12/15/2014 12:00,8.978
12/15/2014 13:00,11.041
12/15/2014 14:00,11.625
12/15/2014 15:00,9.373
12/15/2014 16:00,3.893
12/15/2014 17:00,3.893
12/15/2014 18:00,3.578
12/15/2014 19:00,3.367
12/15/2014 20:00,3.578
12/15/2014 21:00,3.893
12/15/2014 22:00,4.102
12/15/2014 23:00,3.998
12/16/2014 0:00,4.102
12/16/2014 1:00,4.207
12/16/2014 2:00,4.311
12/16/2014 3:00,4.519
12/16/2014 4:00,4.102
12/16/2014 5:00,4.934
12/16/2014 6:00,5.244
12/16/2014 7:00,4.934
12/16/2014 8:00,5.757
12/16/2014 9:00,6.775
12/16/2014 10:00,7.983
12/16/2014 11:00,8.282
12/16/2014 12:00,7.983
12/16/2014 13:00,8.978
12/16/2014 14:00,8.282
12/16/2014 15:00,7.882
12/16/2014 16:00,7.582
12/16/2014 17:00,7.481
12/16/2014 18:00,8.68
12/16/2014 19:00,8.68
12/16/2014 20:00,8.182
12/16/2014 21:00,8.68
12/16/2014 22:00,8.879
12/16/2014 23:00,8.68
12/17/2014 0:00,10.357
12/17/2014 1:00,10.846
12/17/2014 2:00,11.819
12/17/2014 3:00,11.334
12/17/2014 4:00,10.846
12/17/2014 5:00,10.748
12/17/2014 6:00,10.748
12/17/2014 7:00,9.866
12/17/2014 8:00,10.553
12/17/2014 9:00,11.625
12/17/2014 10:00,11.625
12/17/2014 11:00,9.176
12/17/2014 12:00,10.063
12/17/2014 13:00,9.768
12/17/2014 14:00,8.082
12/17/2014 15:00,8.282
12/17/2014 16:00,7.882
12/17/2014 17:00,7.079
12/17/2014 18:00,6.978
12/17/2014 19:00,7.983
12/17/2014 20:00,6.877
12/17/2014 21:00,7.582
12/17/2014 22:00,7.582
12/17/2014 23:00,7.28
12/18/2014 0:00,6.573
12/18/2014 1:00,6.064
12/18/2014 2:00,5.45
12/18/2014 3:00,4.831
12/18/2014 4:00,4.519
12/18/2014 5:00,4.727
12/18/2014 6:00,4.415
12/18/2014 7:00,4.311
12/18/2014 8:00,4.831
12/18/2014 9:00,5.962
12/18/2014 10:00,5.45
12/18/2014 11:00,8.68
12/18/2014 12:00,9.965
12/18/2014 13:00,11.722
12/18/2014 14:00,10.748
12/18/2014 15:00,9.965
12/18/2014 16:00,4.831
12/18/2014 17:00,4.727
12/18/2014 18:00,4.519
12/18/2014 19:00,4.102
12/18/2014 20:00,3.683
12/18/2014 21:00,3.578
12/18/2014 22:00,2.73
12/18/2014 23:00,2.73
12/19/2014 0:00,2.73
12/19/2014 1:00,1.872
12/19/2014 2:00,2.41
12/19/2014 3:00,3.155
12/19/2014 4:00,3.155
12/19/2014 5:00,3.155
12/19/2014 6:00,3.155
12/19/2014 7:00,2.837
12/19/2014 8:00,3.155
12/19/2014 9:00,3.788
12/19/2014 10:00,5.037
12/19/2014 11:00,5.962
12/19/2014 12:00,6.471
12/19/2014 13:00,5.141
12/19/2014 14:00,4.311
12/19/2014 15:00,2.837
12/19/2014 16:00,2.195
12/19/2014 17:00,1.98
12/19/2014 18:00,1.872
12/19/2014 19:00,2.088
12/19/2014 20:00,2.088
12/19/2014 21:00,2.303
12/19/2014 22:00,2.195
12/19/2014 23:00,2.088
12/20/2014 0:00,1.98
12/20/2014 1:00,2.195
12/20/2014 2:00,2.41
12/20/2014 3:00,2.943
12/20/2014 4:00,2.195
12/20/2014 5:00,1.656
12/20/2014 6:00,1.764
12/20/2014 7:00,2.41
12/20/2014 8:00,3.578
12/20/2014 9:00,4.207
12/20/2014 10:00,4.831
12/20/2014 11:00,5.757
12/20/2014 12:00,7.481
12/20/2014 13:00,7.682
12/20/2014 14:00,6.471
12/20/2014 15:00,4.934
12/20/2014 16:00,4.207
12/20/2014 17:00,3.683
12/20/2014 18:00,3.788
12/20/2014 19:00,3.683
12/20/2014 20:00,3.683
12/20/2014 21:00,4.519
12/20/2014 22:00,4.727
12/20/2014 23:00,4.623
12/21/2014 0:00,4.311
12/21/2014 1:00,4.831
12/21/2014 2:00,4.623
12/21/2014 3:00,4.102
12/21/2014 4:00,4.519
12/21/2014 5:00,4.102
12/21/2014 6:00,4.415
12/21/2014 7:00,4.415
12/21/2014 8:00,5.347
12/21/2014 9:00,6.268
12/21/2014 10:00,6.775
12/21/2014 11:00,7.481
12/21/2014 12:00,8.182
12/21/2014 13:00,7.481
12/21/2014 14:00,8.182
12/21/2014 15:00,5.962
12/21/2014 16:00,5.552
12/21/2014 17:00,5.552
12/21/2014 18:00,5.552
12/21/2014 19:00,5.757
12/21/2014 20:00,5.45
12/21/2014 21:00,5.552
12/21/2014 22:00,5.244
12/21/2014 23:00,5.244
12/22/2014 0:00,4.727
12/22/2014 1:00,4.415
12/22/2014 2:00,5.347
12/22/2014 3:00,5.141
12/22/2014 4:00,4.934
12/22/2014 5:00,5.347
12/22/2014 6:00,4.727
12/22/2014 7:00,4.727
12/22/2014 8:00,6.166
12/22/2014 9:00,7.983
12/22/2014 10:00,9.275
12/22/2014 11:00,8.182
12/22/2014 12:00,9.373
12/22/2014 13:00,8.779
12/22/2014 14:00,12.013
12/22/2014 15:00,9.373
12/22/2014 16:00,6.775
12/22/2014 17:00,5.244
12/22/2014 18:00,5.141
12/22/2014 19:00,4.727
12/22/2014 20:00,5.86
12/22/2014 21:00,6.37
12/22/2014 22:00,6.573
12/22/2014 23:00,6.775
12/23/2014 0:00,6.674
12/23/2014 1:00,6.674
12/23/2014 2:00,6.573
12/23/2014 3:00,6.877
12/23/2014 4:00,7.079
12/23/2014 5:00,7.179
12/23/2014 6:00,7.079
12/23/2014 7:00,7.179
12/23/2014 8:00,7.381
12/23/2014 9:00,7.481
12/23/2014 10:00,7.882
12/23/2014 11:00,8.481
12/23/2014 12:00,10.846
12/23/2014 13:00,8.68
12/23/2014 14:00,9.472
12/23/2014 15:00,8.481
12/23/2014 16:00,8.182
12/23/2014 17:00,8.182
12/23/2014 18:00,8.68
12/23/2014 19:00,8.481
12/23/2014 20:00,8.382
12/23/2014 21:00,8.481
12/23/2014 22:00,8.182
12/23/2014 23:00,7.882
12/24/2014 0:00,7.882
12/24/2014 1:00,7.983
12/24/2014 2:00,7.983
12/24/2014 3:00,7.983
12/24/2014 4:00,8.082
12/24/2014 5:00,7.882
12/24/2014 6:00,8.182
12/24/2014 7:00,8.382
12/24/2014 8:00,8.779
12/24/2014 9:00,11.334
12/24/2014 10:00,12.787
12/24/2014 11:00,10.748
12/24/2014 12:00,10.553
12/24/2014 13:00,11.625
12/24/2014 14:00,12.98
12/24/2014 15:00,12.401
12/24/2014 16:00,12.401
12/24/2014 17:00,13.461
12/24/2014 18:00,13.365
12/24/2014 19:00,13.558
12/24/2014 20:00,13.75
12/24/2014 21:00,13.75
12/24/2014 22:00,14.325
12/24/2014 23:00,13.846
12/25/2014 0:00,13.846
12/25/2014 1:00,14.038
12/25/2014 2:00,13.942
12/25/2014 3:00,13.75
12/25/2014 4:00,13.846
12/25/2014 5:00,14.23
12/25/2014 6:00,15.187
12/25/2014 7:00,14.421
12/25/2014 8:00,13.461
12/25/2014 9:00,12.304
12/25/2014 10:00,12.11
12/25/2014 11:00,11.236
12/25/2014 12:00,9.472
12/25/2014 13:00,11.041
12/25/2014 14:00,14.325
12/25/2014 15:00,13.365
12/25/2014 16:00,8.978
12/25/2014 17:00,7.882
12/25/2014 18:00,7.882
12/25/2014 19:00,7.381
12/25/2014 20:00,7.179
12/25/2014 21:00,6.978
12/25/2014 22:00,7.179
12/25/2014 23:00,6.978
12/26/2014 0:00,6.674
12/26/2014 1:00,6.471
12/26/2014 2:00,6.268
12/26/2014 3:00,5.86
12/26/2014 4:00,5.45
12/26/2014 5:00,5.141
12/26/2014 6:00,4.831
12/26/2014 7:00,4.934
12/26/2014 8:00,8.879
12/26/2014 9:00,10.357
12/26/2014 10:00,10.846
12/26/2014 11:00,11.625
12/26/2014 12:00,12.69
12/26/2014 13:00,13.75
12/26/2014 14:00,13.365
12/26/2014 15:00,12.11
12/26/2014 16:00,7.983
12/26/2014 17:00,3.893
12/26/2014 18:00,3.155
12/26/2014 19:00,5.45
12/26/2014 20:00,5.45
12/26/2014 21:00,4.519
12/26/2014 22:00,4.415
12/26/2014 23:00,5.037
12/27/2014 0:00,4.623
12/27/2014 1:00,4.311
12/27/2014 2:00,2.195
12/27/2014 3:00,3.893
12/27/2014 4:00,4.831
12/27/2014 5:00,3.578
12/27/2014 6:00,3.998
12/27/2014 7:00,2.624
12/27/2014 8:00,8.779
12/27/2014 9:00,11.139
12/27/2014 10:00,12.013
12/27/2014 11:00,12.594
12/27/2014 12:00,13.173
12/27/2014 13:00,14.804
12/27/2014 14:00,15.187
12/27/2014 15:00,13.269
12/27/2014 16:00,8.182
12/27/2014 17:00,5.962
12/27/2014 18:00,6.166
12/27/2014 19:00,5.037
12/27/2014 20:00,6.064
12/27/2014 21:00,6.471
12/27/2014 22:00,4.623
12/27/2014 23:00,4.415
12/28/2014 0:00,3.683
12/28/2014 1:00,5.655
12/28/2014 2:00,6.268
12/28/2014 3:00,6.877
12/28/2014 4:00,7.882
12/28/2014 5:00,8.481
12/28/2014 6:00,8.978
12/28/2014 7:00,9.176
12/28/2014 8:00,10.161
12/28/2014 9:00,10.846
12/28/2014 10:00,10.944
12/28/2014 11:00,11.139
12/28/2014 12:00,10.651
12/28/2014 13:00,10.748
12/28/2014 14:00,10.357
12/28/2014 15:00,9.275
12/28/2014 16:00,7.983
12/28/2014 17:00,7.882
12/28/2014 18:00,7.983
12/28/2014 19:00,7.882
12/28/2014 20:00,7.782
12/28/2014 21:00,7.481
12/28/2014 22:00,6.978
12/28/2014 23:00,6.877
12/29/2014 0:00,6.268
12/29/2014 1:00,5.757
12/29/2014 2:00,5.141
12/29/2014 3:00,4.727
12/29/2014 4:00,4.311
12/29/2014 5:00,3.998
12/29/2014 6:00,3.578
12/29/2014 7:00,3.049
12/29/2014 8:00,4.102
12/29/2014 9:00,5.037
12/29/2014 10:00,5.757
12/29/2014 11:00,5.757
12/29/2014 12:00,6.877
12/29/2014 13:00,7.28
12/29/2014 14:00,5.86
12/29/2014 15:00,6.064
12/29/2014 16:00,3.788
12/29/2014 17:00,3.578
12/29/2014 18:00,3.367
12/29/2014 19:00,4.102
12/29/2014 20:00,4.207
12/29/2014 21:00,3.683
12/29/2014 22:00,3.261
12/29/2014 23:00,3.049
12/30/2014 0:00,2.517
12/30/2014 1:00,1.439
12/30/2014 2:00,1.112
12/30/2014 3:00,0.674
12/30/2014 4:00,0.343
12/30/2014 5:00,-0.325
12/30/2014 6:00,-0.549
12/30/2014 7:00,-1.001
12/30/2014 8:00,-0.887
12/30/2014 9:00,-0.774
12/30/2014 10:00,-0.325
12/30/2014 11:00,-0.325
12/30/2014 12:00,0.784
12/30/2014 13:00,-0.549
12/30/2014 14:00,-0.774
12/30/2014 15:00,-1.114
12/30/2014 16:00,-1.001
12/30/2014 17:00,-3.197
12/30/2014 18:00,-3.079
12/30/2014 19:00,-2.962
12/30/2014 20:00,-2.844
12/30/2014 21:00,-2.61
12/30/2014 22:00,-2.844
12/30/2014 23:00,-3.197
12/31/2014 0:00,-3.316
12/31/2014 1:00,-3.792
12/31/2014 2:00,-3.911
12/31/2014 3:00,-4.393
12/31/2014 4:00,-4.758
12/31/2014 5:00,-4.758
12/31/2014 6:00,-4.272
12/31/2014 7:00,-4.272
12/31/2014 8:00,-1.914
12/31/2014 9:00,-0.549
12/31/2014 10:00,2.088
12/31/2014 11:00,2.41
12/31/2014 12:00,0.453
12/31/2014 13:00,0.893
12/31/2014 14:00,2.837
12/31/2014 15:00,1.33
12/31/2014 16:00,-1.001
12/31/2014 17:00,-3.434
12/31/2014 18:00,-3.553
12/31/2014 19:00,-3.434
12/31/2014 20:00,-3.079
12/31/2014 21:00,-3.911
12/31/2014 22:00,-2.145
12/31/2014 23:00,-2.261
1/1/2015 0:00,-1.57
1/1/2015 1:00,-1.684
1/1/2015 2:00,-1.799
1/1/2015 3:00,-1.228
1/1/2015 4:00,-1.114
1/1/2015 5:00,-1.114
1/1/2015 6:00,-1.114
1/1/2015 7:00,-1.341
1/1/2015 8:00,0.343
1/1/2015 9:00,2.303
1/1/2015 10:00,2.837
1/1/2015 11:00,3.893
1/1/2015 12:00,3.472
1/1/2015 13:00,6.674
1/1/2015 14:00,5.037
1/1/2015 15:00,3.472
1/1/2015 16:00,2.088
1/1/2015 17:00,2.41
1/1/2015 18:00,3.367
1/1/2015 19:00,4.311
1/1/2015 20:00,4.623
1/1/2015 21:00,5.141
1/1/2015 22:00,5.037
1/1/2015 23:00,5.141
1/2/2015 0:00,5.244
1/2/2015 1:00,4.623
1/2/2015 2:00,4.934
1/2/2015 3:00,4.415
1/2/2015 4:00,3.683
1/2/2015 5:00,2.73
1/2/2015 6:00,2.517
1/2/2015 7:00,2.517
1/2/2015 8:00,5.552
1/2/2015 9:00,7.481
1/2/2015 10:00,7.882
1/2/2015 11:00,8.779
1/2/2015 12:00,9.275
1/2/2015 13:00,10.651
1/2/2015 14:00,10.161
1/2/2015 15:00,9.669
1/2/2015 16:00,4.311
1/2/2015 17:00,3.155
1/2/2015 18:00,2.303
1/2/2015 19:00,2.73
1/2/2015 20:00,2.517
1/2/2015 21:00,1.872
1/2/2015 22:00,1.872
1/2/2015 23:00,1.764
1/3/2015 0:00,1.33
1/3/2015 1:00,0.893
1/3/2015 2:00,0.674
1/3/2015 3:00,0.453
1/3/2015 4:00,0.232
1/3/2015 5:00,-0.102
1/3/2015 6:00,0.01
1/3/2015 7:00,-0.102
1/3/2015 8:00,1.112
1/3/2015 9:00,1.33
1/3/2015 10:00,6.064
1/3/2015 11:00,6.674
1/3/2015 12:00,5.45
1/3/2015 13:00,2.837
1/3/2015 14:00,3.049
1/3/2015 15:00,2.73
1/3/2015 16:00,1.764
1/3/2015 17:00,0.674
1/3/2015 18:00,0.232
1/3/2015 19:00,1.221
1/3/2015 20:00,2.624
1/3/2015 21:00,3.788
1/3/2015 22:00,5.244
1/3/2015 23:00,6.37
1/4/2015 0:00,7.782
1/4/2015 1:00,8.481
1/4/2015 2:00,9.472
1/4/2015 3:00,9.965
1/4/2015 4:00,10.748
1/4/2015 5:00,12.013
1/4/2015 6:00,11.625
1/4/2015 7:00,12.013
1/4/2015 8:00,11.819
1/4/2015 9:00,11.334
1/4/2015 10:00,11.139
1/4/2015 11:00,12.013
1/4/2015 12:00,11.625
1/4/2015 13:00,11.139
1/4/2015 14:00,11.625
1/4/2015 15:00,11.041
1/4/2015 16:00,12.013
1/4/2015 17:00,12.013
1/4/2015 18:00,11.916
1/4/2015 19:00,11.236
1/4/2015 20:00,11.819
1/4/2015 21:00,11.528
1/4/2015 22:00,12.69
1/4/2015 23:00,11.139
1/5/2015 0:00,9.176
1/5/2015 1:00,9.077
1/5/2015 2:00,8.779
1/5/2015 3:00,7.882
1/5/2015 4:00,6.573
1/5/2015 5:00,5.552
1/5/2015 6:00,4.831
1/5/2015 7:00,3.578
1/5/2015 8:00,6.978
1/5/2015 9:00,9.768
1/5/2015 10:00,6.37
1/5/2015 11:00,5.141
1/5/2015 12:00,6.877
1/5/2015 13:00,7.882
1/5/2015 14:00,7.28
1/5/2015 15:00,4.727
1/5/2015 16:00,1.112
1/5/2015 17:00,-0.325
1/5/2015 18:00,-1.341
1/5/2015 19:00,-1.914
1/5/2015 20:00,-2.844
1/5/2015 21:00,-3.434
1/5/2015 22:00,-4.636
1/5/2015 23:00,-5.496
1/6/2015 0:00,-6.246
1/6/2015 1:00,-6.626
1/6/2015 2:00,-6.626
1/6/2015 3:00,-7.01
1/6/2015 4:00,-7.138
1/6/2015 5:00,-7.397
1/6/2015 6:00,-7.267
1/6/2015 7:00,-7.267
1/6/2015 8:00,-6.882
1/6/2015 9:00,-6.12
1/6/2015 10:00,-5.745
1/6/2015 11:00,-5.003
1/6/2015 12:00,-5.496
1/6/2015 13:00,-5.003
1/6/2015 14:00,-3.316
1/6/2015 15:00,-5.496
1/6/2015 16:00,-6.626
1/6/2015 17:00,-7.01
1/6/2015 18:00,-7.138
1/6/2015 19:00,-7.527
1/6/2015 20:00,-7.787
1/6/2015 21:00,-8.447
1/6/2015 22:00,-5.496
1/6/2015 23:00,-5.372
1/7/2015 0:00,-5.372
1/7/2015 1:00,-5.87
1/7/2015 2:00,-6.499
1/7/2015 3:00,-6.499
1/7/2015 4:00,-6.12
1/7/2015 5:00,-5.995
1/7/2015 6:00,-5.249
1/7/2015 7:00,-4.88
1/7/2015 8:00,-4.393
1/7/2015 9:00,-4.393
1/7/2015 10:00,-3.792
1/7/2015 11:00,-2.844
1/7/2015 12:00,-1.684
1/7/2015 13:00,-1.684
1/7/2015 14:00,1.656
1/7/2015 15:00,-2.261
1/7/2015 16:00,-3.911
1/7/2015 17:00,-4.152
1/7/2015 18:00,-5.249
1/7/2015 19:00,-5.745
1/7/2015 20:00,-6.499
1/7/2015 21:00,-8.713
1/7/2015 22:00,-10.493
1/7/2015 23:00,-11.631
1/8/2015 0:00,-11.922
1/8/2015 1:00,-12.361
1/8/2015 2:00,-12.509
1/8/2015 3:00,-13.258
1/8/2015 4:00,-13.715
1/8/2015 5:00,-14.178
1/8/2015 6:00,-14.023
1/8/2015 7:00,-14.334
1/8/2015 8:00,-11.058
1/8/2015 9:00,-9.799
1/8/2015 10:00,-9.799
1/8/2015 11:00,-7.787
1/8/2015 12:00,-6.246
1/8/2015 13:00,-4.152
1/8/2015 14:00,-0.774
1/8/2015 15:00,-2.145
1/8/2015 16:00,-6.626
1/8/2015 17:00,-7.918
1/8/2015 18:00,-6.626
1/8/2015 19:00,-5.003
1/8/2015 20:00,-3.792
1/8/2015 21:00,-2.61
1/8/2015 22:00,-1.799
1/8/2015 23:00,-0.887
1/9/2015 0:00,0.121
1/9/2015 1:00,0.674
1/9/2015 2:00,1.221
1/9/2015 3:00,1.98
1/9/2015 4:00,2.943
1/9/2015 5:00,4.519
1/9/2015 6:00,5.552
1/9/2015 7:00,4.207
1/9/2015 8:00,6.674
1/9/2015 9:00,7.179
1/9/2015 10:00,7.782
1/9/2015 11:00,3.367
1/9/2015 12:00,1.439
1/9/2015 13:00,0.563
1/9/2015 14:00,-0.549
1/9/2015 15:00,0.01
1/9/2015 16:00,-0.102
1/9/2015 17:00,-1.001
1/9/2015 18:00,-1.57
1/9/2015 19:00,-1.799
1/9/2015 20:00,-1.799
1/9/2015 21:00,-1.914
1/9/2015 22:00,-1.914
1/9/2015 23:00,-1.228
1/10/2015 0:00,-1.341
1/10/2015 1:00,-1.456
1/10/2015 2:00,-1.684
1/10/2015 3:00,-2.377
1/10/2015 4:00,-3.079
1/10/2015 5:00,-3.197
1/10/2015 6:00,-3.553
1/10/2015 7:00,-4.636
1/10/2015 8:00,-2.727
1/10/2015 9:00,0.121
1/10/2015 10:00,-0.325
1/10/2015 11:00,0.232
1/10/2015 12:00,0.674
1/10/2015 13:00,2.088
1/10/2015 14:00,2.73
1/10/2015 15:00,1.439
1/10/2015 16:00,-2.727
1/10/2015 17:00,-5.372
1/10/2015 18:00,-5.249
1/10/2015 19:00,-4.88
1/10/2015 20:00,-4.758
1/10/2015 21:00,-5.249
1/10/2015 22:00,-5.496
1/10/2015 23:00,-4.272
1/11/2015 0:00,-3.792
1/11/2015 1:00,-5.125
1/11/2015 2:00,-4.152
1/11/2015 3:00,-5.003
1/11/2015 4:00,-4.393
1/11/2015 5:00,-5.125
1/11/2015 6:00,-5.496
1/11/2015 7:00,-5.745
1/11/2015 8:00,-1.341
1/11/2015 9:00,1.764
1/11/2015 10:00,1.439
1/11/2015 11:00,2.943
1/11/2015 12:00,3.578
1/11/2015 13:00,6.37
1/11/2015 14:00,6.064
1/11/2015 15:00,5.757
1/11/2015 16:00,1.764
1/11/2015 17:00,0.674
1/11/2015 18:00,1.98
1/11/2015 19:00,1.98
1/11/2015 20:00,3.472
1/11/2015 21:00,4.102
1/11/2015 22:00,4.727
1/11/2015 23:00,4.519
1/12/2015 0:00,4.207
1/12/2015 1:00,3.893
1/12/2015 2:00,3.261
1/12/2015 3:00,0.784
1/12/2015 4:00,-0.774
1/12/2015 5:00,0.893
1/12/2015 6:00,1.656
1/12/2015 7:00,1.872
1/12/2015 8:00,4.102
1/12/2015 9:00,6.978
1/12/2015 10:00,7.28
1/12/2015 11:00,7.582
1/12/2015 12:00,9.275
1/12/2015 13:00,7.28
1/12/2015 14:00,6.37
1/12/2015 15:00,6.064
1/12/2015 16:00,6.471
1/12/2015 17:00,7.481
1/12/2015 18:00,5.962
1/12/2015 19:00,3.998
1/12/2015 20:00,3.049
1/12/2015 21:00,2.73
1/12/2015 22:00,2.624
1/12/2015 23:00,2.517
1/13/2015 0:00,2.195
1/13/2015 1:00,2.088
1/13/2015 2:00,1.221
1/13/2015 3:00,1.548
1/13/2015 4:00,1.33
1/13/2015 5:00,1.548
1/13/2015 6:00,1.548
1/13/2015 7:00,1.33
1/13/2015 8:00,0.01
1/13/2015 9:00,0.343
1/13/2015 10:00,0.893
1/13/2015 11:00,0.121
1/13/2015 12:00,0.01
1/13/2015 13:00,0.893
1/13/2015 14:00,0.121
1/13/2015 15:00,-0.887
1/13/2015 16:00,-3.316
1/13/2015 17:00,-3.434
1/13/2015 18:00,-3.316
1/13/2015 19:00,-3.079
1/13/2015 20:00,-3.079
1/13/2015 21:00,-2.727
1/13/2015 22:00,-2.377
1/13/2015 23:00,-2.377
1/14/2015 0:00,-2.145
1/14/2015 1:00,-2.145
1/14/2015 2:00,-1.57
1/14/2015 3:00,-1.57
1/14/2015 4:00,-1.341
1/14/2015 5:00,-1.001
1/14/2015 6:00,-0.662
1/14/2015 7:00,-0.213
1/14/2015 8:00,0.121
1/14/2015 9:00,1.003
1/14/2015 10:00,1.33
1/14/2015 11:00,2.41
1/14/2015 12:00,1.98
1/14/2015 13:00,1.764
1/14/2015 14:00,1.872
1/14/2015 15:00,1.548
1/14/2015 16:00,1.439
1/14/2015 17:00,1.33
1/14/2015 18:00,1.33
1/14/2015 19:00,1.33
1/14/2015 20:00,1.439
1/14/2015 21:00,1.656
1/14/2015 22:00,1.548
1/14/2015 23:00,1.656
1/15/2015 0:00,1.764
1/15/2015 1:00,1.98
1/15/2015 2:00,2.088
1/15/2015 3:00,2.303
1/15/2015 4:00,2.303
1/15/2015 5:00,2.303
1/15/2015 6:00,2.303
1/15/2015 7:00,2.303
1/15/2015 8:00,2.303
1/15/2015 9:00,2.41
1/15/2015 10:00,2.303
1/15/2015 11:00,2.41
1/15/2015 12:00,1.98
1/15/2015 13:00,1.33
1/15/2015 14:00,0.784
1/15/2015 15:00,-0.102
1/15/2015 16:00,-0.437
1/15/2015 17:00,-0.213
1/15/2015 18:00,-0.437
1/15/2015 19:00,-0.549
1/15/2015 20:00,-0.549
1/15/2015 21:00,-1.114
1/15/2015 22:00,-2.261
1/15/2015 23:00,-2.03
1/16/2015 0:00,-2.727
1/16/2015 1:00,-1.799
1/16/2015 2:00,-0.662
1/16/2015 3:00,-0.213
1/16/2015 4:00,0.121
1/16/2015 5:00,0.01
1/16/2015 6:00,0.893
1/16/2015 7:00,1.439
1/16/2015 8:00,3.893
1/16/2015 9:00,5.244
1/16/2015 10:00,5.45
1/16/2015 11:00,5.037
1/16/2015 12:00,6.37
1/16/2015 13:00,8.182
1/16/2015 14:00,8.879
1/16/2015 15:00,7.983
1/16/2015 16:00,2.73
1/16/2015 17:00,1.764
1/16/2015 18:00,0.232
1/16/2015 19:00,-1.341
1/16/2015 20:00,-2.261
1/16/2015 21:00,-2.962
1/16/2015 22:00,-4.272
1/16/2015 23:00,-5.496
1/17/2015 0:00,-5.995
1/17/2015 1:00,-6.754
1/17/2015 2:00,-7.267
1/17/2015 3:00,-7.787
1/17/2015 4:00,-8.182
1/17/2015 5:00,-8.982
1/17/2015 6:00,-8.982
1/17/2015 7:00,-8.982
1/17/2015 8:00,-5.87
1/17/2015 9:00,-5.125
1/17/2015 10:00,-5.87
1/17/2015 11:00,-4.152
1/17/2015 12:00,-3.553
1/17/2015 13:00,-1.799
1/17/2015 14:00,0.343
1/17/2015 15:00,0.893
1/17/2015 16:00,-1.684
1/17/2015 17:00,-10.916
1/17/2015 18:00,-12.658
1/17/2015 19:00,-13.107
1/17/2015 20:00,-11.776
1/17/2015 21:00,-7.657
1/17/2015 22:00,-4.636
1/17/2015 23:00,-3.672
1/18/2015 0:00,-2.377
1/18/2015 1:00,0.121
1/18/2015 2:00,1.548
1/18/2015 3:00,2.303
1/18/2015 4:00,2.943
1/18/2015 5:00,3.788
1/18/2015 6:00,4.519
1/18/2015 7:00,5.037
1/18/2015 8:00,6.471
1/18/2015 9:00,8.779
1/18/2015 10:00,9.866
1/18/2015 11:00,11.916
1/18/2015 12:00,12.98
1/18/2015 13:00,14.996
1/18/2015 14:00,15.091
1/18/2015 15:00,10.259
1/18/2015 16:00,8.978
1/18/2015 17:00,9.275
1/18/2015 18:00,9.472
1/18/2015 19:00,9.275
1/18/2015 20:00,9.571
1/18/2015 21:00,9.768
1/18/2015 22:00,8.68
1/18/2015 23:00,6.674
1/19/2015 0:00,7.079
1/19/2015 1:00,5.962
1/19/2015 2:00,5.244
1/19/2015 3:00,5.141
1/19/2015 4:00,4.727
1/19/2015 5:00,4.311
1/19/2015 6:00,3.578
1/19/2015 7:00,1.872
1/19/2015 8:00,6.471
1/19/2015 9:00,8.282
1/19/2015 10:00,8.282
1/19/2015 11:00,7.481
1/19/2015 12:00,8.68
1/19/2015 13:00,8.282
1/19/2015 14:00,9.571
1/19/2015 15:00,9.472
1/19/2015 16:00,5.757
1/19/2015 17:00,2.624
1/19/2015 18:00,2.088
1/19/2015 19:00,1.33
1/19/2015 20:00,1.872
1/19/2015 21:00,1.872
1/19/2015 22:00,1.548
1/19/2015 23:00,1.656
1/20/2015 0:00,1.33
1/20/2015 1:00,1.112
1/20/2015 2:00,1.112
1/20/2015 3:00,0.784
1/20/2015 4:00,0.232
1/20/2015 5:00,0.674
1/20/2015 6:00,0.893
1/20/2015 7:00,0.784
1/20/2015 8:00,1.33
1/20/2015 9:00,5.655
1/20/2015 10:00,3.893
1/20/2015 11:00,3.788
1/20/2015 12:00,5.655
1/20/2015 13:00,7.179
1/20/2015 14:00,7.582
1/20/2015 15:00,3.578
1/20/2015 16:00,2.088
1/20/2015 17:00,1.003
1/20/2015 18:00,1.548
1/20/2015 19:00,1.764
1/20/2015 20:00,1.656
1/20/2015 21:00,1.439
1/20/2015 22:00,1.33
1/20/2015 23:00,0.674
1/21/2015 0:00,-0.102
1/21/2015 1:00,-1.114
1/21/2015 2:00,-1.57
1/21/2015 3:00,-1.914
1/21/2015 4:00,-2.261
1/21/2015 5:00,-2.844
1/21/2015 6:00,-2.844
1/21/2015 7:00,-2.962
1/21/2015 8:00,0.232
1/21/2015 9:00,0.784
1/21/2015 10:00,2.195
1/21/2015 11:00,3.367
1/21/2015 12:00,4.934
1/21/2015 13:00,4.415
1/21/2015 14:00,2.41
1/21/2015 15:00,7.381
1/21/2015 16:00,2.837
1/21/2015 17:00,-0.437
1/21/2015 18:00,0.232
1/21/2015 19:00,0.784
1/21/2015 20:00,1.872
1/21/2015 21:00,1.98
1/21/2015 22:00,2.303
1/21/2015 23:00,0.893
1/22/2015 0:00,0.343
1/22/2015 1:00,0.232
1/22/2015 2:00,0.453
1/22/2015 3:00,0.784
1/22/2015 4:00,1.112
1/22/2015 5:00,1.221
1/22/2015 6:00,0.784
1/22/2015 7:00,0.563
1/22/2015 8:00,3.683
1/22/2015 9:00,2.73
1/22/2015 10:00,4.102
1/22/2015 11:00,4.415
1/22/2015 12:00,7.481
1/22/2015 13:00,5.244
1/22/2015 14:00,4.102
1/22/2015 15:00,3.472
1/22/2015 16:00,2.41
1/22/2015 17:00,1.872
1/22/2015 18:00,1.003
1/22/2015 19:00,0.232
1/22/2015 20:00,-0.213
1/22/2015 21:00,-2.61
1/22/2015 22:00,-3.553
1/22/2015 23:00,0.01
1/23/2015 0:00,0.453
1/23/2015 1:00,0.121
1/23/2015 2:00,-0.102
1/23/2015 3:00,-0.774
1/23/2015 4:00,-1.228
1/23/2015 5:00,-1.914
1/23/2015 6:00,-2.377
1/23/2015 7:00,-2.844
1/23/2015 8:00,0.893
1/23/2015 9:00,2.73
1/23/2015 10:00,2.837
1/23/2015 11:00,3.788
1/23/2015 12:00,4.831
1/23/2015 13:00,5.757
1/23/2015 14:00,7.481
1/23/2015 15:00,6.268
1/23/2015 16:00,3.049
1/23/2015 17:00,-0.325
1/23/2015 18:00,0.674
1/23/2015 19:00,1.764
1/23/2015 20:00,2.41
1/23/2015 21:00,2.088
1/23/2015 22:00,1.656
1/23/2015 23:00,1.98
1/24/2015 0:00,2.624
1/24/2015 1:00,2.943
1/24/2015 2:00,3.155
1/24/2015 3:00,3.367
1/24/2015 4:00,3.367
1/24/2015 5:00,1.98
1/24/2015 6:00,1.112
1/24/2015 7:00,1.112
1/24/2015 8:00,1.221
1/24/2015 9:00,2.41
1/24/2015 10:00,2.837
1/24/2015 11:00,3.367
1/24/2015 12:00,4.207
1/24/2015 13:00,5.244
1/24/2015 14:00,4.311
1/24/2015 15:00,3.367
1/24/2015 16:00,3.155
1/24/2015 17:00,3.155
1/24/2015 18:00,3.155
1/24/2015 19:00,2.73
1/24/2015 20:00,1.112
1/24/2015 21:00,0.563
1/24/2015 22:00,1.003
1/24/2015 23:00,0.563
1/25/2015 0:00,0.01
1/25/2015 1:00,0.453
1/25/2015 2:00,1.112
1/25/2015 3:00,0.893
1/25/2015 4:00,0.343
1/25/2015 5:00,1.112
1/25/2015 6:00,1.33
1/25/2015 7:00,1.656
1/25/2015 8:00,2.41
1/25/2015 9:00,7.079
1/25/2015 10:00,6.877
1/25/2015 11:00,8.481
1/25/2015 12:00,8.382
1/25/2015 13:00,8.879
1/25/2015 14:00,10.651
1/25/2015 15:00,9.866
1/25/2015 16:00,5.244
1/25/2015 17:00,1.33
1/25/2015 18:00,0.784
1/25/2015 19:00,0.01
1/25/2015 20:00,-0.102
1/25/2015 21:00,-0.437
1/25/2015 22:00,-1.001
1/25/2015 23:00,-1.228
1/26/2015 0:00,-1.684
1/26/2015 1:00,-2.377
1/26/2015 2:00,-2.844
1/26/2015 3:00,-3.079
1/26/2015 4:00,-2.727
1/26/2015 5:00,-2.377
1/26/2015 6:00,-1.456
1/26/2015 7:00,-0.662
1/26/2015 8:00,0.121
1/26/2015 9:00,0.343
1/26/2015 10:00,1.221
1/26/2015 11:00,0.784
1/26/2015 12:00,0.453
1/26/2015 13:00,0.563
1/26/2015 14:00,0.343
1/26/2015 15:00,0.232
1/26/2015 16:00,0.121
1/26/2015 17:00,0.121
1/26/2015 18:00,0.121
1/26/2015 19:00,0.121
1/26/2015 20:00,0.232
1/26/2015 21:00,0.121
1/26/2015 22:00,0.121
1/26/2015 23:00,0.121
1/27/2015 0:00,0.01
1/27/2015 1:00,-0.102
1/27/2015 2:00,0.01
1/27/2015 3:00,0.01
1/27/2015 4:00,-0.102
1/27/2015 5:00,-0.102
1/27/2015 6:00,-0.213
1/27/2015 7:00,-0.102
1/27/2015 8:00,-0.102
1/27/2015 9:00,-1.228
1/27/2015 10:00,-1.228
1/27/2015 11:00,-1.228
1/27/2015 12:00,-1.456
1/27/2015 13:00,-1.914
1/27/2015 14:00,-2.494
1/27/2015 15:00,-3.079
1/27/2015 16:00,-4.758
1/27/2015 17:00,-5.995
1/27/2015 18:00,-5.995
1/27/2015 19:00,-5.496
1/27/2015 20:00,-5.249
1/27/2015 21:00,-5.995
1/27/2015 22:00,-6.882
1/27/2015 23:00,-7.138
1/28/2015 0:00,-7.138
1/28/2015 1:00,-7.397
1/28/2015 2:00,-7.657
1/28/2015 3:00,-7.787
1/28/2015 4:00,-7.657
1/28/2015 5:00,-7.527
1/28/2015 6:00,-7.527
1/28/2015 7:00,-7.657
1/28/2015 8:00,-7.01
1/28/2015 9:00,-5.496
1/28/2015 10:00,-4.758
1/28/2015 11:00,-2.145
1/28/2015 12:00,-2.377
1/28/2015 13:00,-0.549
1/28/2015 14:00,-3.079
1/28/2015 15:00,-4.031
1/28/2015 16:00,-4.393
1/28/2015 17:00,-4.88
1/28/2015 18:00,-4.88
1/28/2015 19:00,-4.272
1/28/2015 20:00,-4.272
1/28/2015 21:00,-4.152
1/28/2015 22:00,-3.434
1/28/2015 23:00,-3.197
1/29/2015 0:00,-2.962
1/29/2015 1:00,-2.962
1/29/2015 2:00,-3.197
1/29/2015 3:00,-3.553
1/29/2015 4:00,-3.553
1/29/2015 5:00,-4.272
1/29/2015 6:00,-3.197
1/29/2015 7:00,-2.377
1/29/2015 8:00,-0.887
1/29/2015 9:00,1.872
1/29/2015 10:00,2.73
1/29/2015 11:00,3.998
1/29/2015 12:00,5.141
1/29/2015 13:00,7.079
1/29/2015 14:00,8.68
1/29/2015 15:00,7.882
1/29/2015 16:00,4.623
1/29/2015 17:00,-1.57
1/29/2015 18:00,-5.125
1/29/2015 19:00,-4.88
1/29/2015 20:00,-4.514
1/29/2015 21:00,-3.911
1/29/2015 22:00,-3.197
1/29/2015 23:00,-2.61
1/30/2015 0:00,-2.145
1/30/2015 1:00,-1.228
1/30/2015 2:00,-0.887
1/30/2015 3:00,0.674
1/30/2015 4:00,1.656
1/30/2015 5:00,2.088
1/30/2015 6:00,2.517
1/30/2015 7:00,2.73
1/30/2015 8:00,2.837
1/30/2015 9:00,3.472
1/30/2015 10:00,6.166
1/30/2015 11:00,6.775
1/30/2015 12:00,5.45
1/30/2015 13:00,4.623
1/30/2015 14:00,3.788
1/30/2015 15:00,1.764
1/30/2015 16:00,1.548
1/30/2015 17:00,1.221
1/30/2015 18:00,1.003
1/30/2015 19:00,0.784
1/30/2015 20:00,0.674
1/30/2015 21:00,0.563
1/30/2015 22:00,-0.102
1/30/2015 23:00,-1.001
1/31/2015 0:00,-2.261
1/31/2015 1:00,-3.197
1/31/2015 2:00,-4.636
1/31/2015 3:00,-5.62
1/31/2015 4:00,-6.754
1/31/2015 5:00,-7.267
1/31/2015 6:00,-7.527
1/31/2015 7:00,-7.787
1/31/2015 8:00,-7.138
1/31/2015 9:00,-5.62
1/31/2015 10:00,-3.434
1/31/2015 11:00,-1.456
1/31/2015 12:00,-0.549
1/31/2015 13:00,1.872
1/31/2015 14:00,1.764
1/31/2015 15:00,1.221
1/31/2015 16:00,-1.228
1/31/2015 17:00,-4.514
1/31/2015 18:00,-5.003
1/31/2015 19:00,-5.745
1/31/2015 20:00,-6.12
1/31/2015 21:00,-6.373
1/31/2015 22:00,-6.373
1/31/2015 23:00,-6.499
2/1/2015 0:00,-6.754
2/1/2015 1:00,-7.01
2/1/2015 2:00,-6.882
2/1/2015 3:00,-6.626
2/1/2015 4:00,-6.626
2/1/2015 5:00,-6.12
2/1/2015 6:00,-5.995
2/1/2015 7:00,-5.003
2/1/2015 8:00,-0.887
2/1/2015 9:00,-0.213
2/1/2015 10:00,1.872
2/1/2015 11:00,3.893
2/1/2015 12:00,4.623
2/1/2015 13:00,7.079
2/1/2015 14:00,6.268
2/1/2015 15:00,6.573
2/1/2015 16:00,3.472
2/1/2015 17:00,-1.799
2/1/2015 18:00,-1.914
2/1/2015 19:00,-1.57
2/1/2015 20:00,-1.914
2/1/2015 21:00,-1.799
2/1/2015 22:00,-1.799
2/1/2015 23:00,-1.341
2/2/2015 0:00,-1.914
2/2/2015 1:00,-2.03
2/2/2015 2:00,-2.145
2/2/2015 3:00,-2.494
2/2/2015 4:00,-2.377
2/2/2015 5:00,-1.914
2/2/2015 6:00,-1.799
2/2/2015 7:00,-0.774
2/2/2015 8:00,0.343
2/2/2015 9:00,1.33
2/2/2015 10:00,3.472
2/2/2015 11:00,6.978
2/2/2015 12:00,7.381
2/2/2015 13:00,7.582
2/2/2015 14:00,6.37
2/2/2015 15:00,3.261
2/2/2015 16:00,2.195
2/2/2015 17:00,1.112
2/2/2015 18:00,0.121
2/2/2015 19:00,-1.001
2/2/2015 20:00,-1.456
2/2/2015 21:00,-3.911
2/2/2015 22:00,-6.754
2/2/2015 23:00,-7.527
2/3/2015 0:00,-7.267
2/3/2015 1:00,-7.01
2/3/2015 2:00,-7.397
2/3/2015 3:00,-7.397
2/3/2015 4:00,-8.182
2/3/2015 5:00,-9.117
2/3/2015 6:00,-9.525
2/3/2015 7:00,-9.799
2/3/2015 8:00,-5.87
2/3/2015 9:00,-6.246
2/3/2015 10:00,-5.125
2/3/2015 11:00,-3.553
2/3/2015 12:00,-1.456
2/3/2015 13:00,0.563
2/3/2015 14:00,2.088
2/3/2015 15:00,1.548
2/3/2015 16:00,-0.549
2/3/2015 17:00,-5.372
2/3/2015 18:00,-5.62
2/3/2015 19:00,-5.745
2/3/2015 20:00,-5.249
2/3/2015 21:00,-5.249
2/3/2015 22:00,-5.62
2/3/2015 23:00,-5.003
2/4/2015 0:00,-5.745
2/4/2015 1:00,-5.496
2/4/2015 2:00,-5.003
2/4/2015 3:00,-7.138
2/4/2015 4:00,-9.937
2/4/2015 5:00,-11.922
2/4/2015 6:00,-9.252
2/4/2015 7:00,-7.397
2/4/2015 8:00,-1.456
2/4/2015 9:00,0.453
2/4/2015 10:00,2.73
2/4/2015 11:00,3.261
2/4/2015 12:00,6.471
2/4/2015 13:00,7.179
2/4/2015 14:00,4.415
2/4/2015 15:00,4.311
2/4/2015 16:00,3.261
2/4/2015 17:00,2.624
2/4/2015 18:00,2.41
2/4/2015 19:00,2.73
2/4/2015 20:00,2.303
2/4/2015 21:00,1.548
2/4/2015 22:00,1.98
2/4/2015 23:00,1.98
2/5/2015 0:00,1.548
2/5/2015 1:00,1.003
2/5/2015 2:00,1.221
2/5/2015 3:00,1.33
2/5/2015 4:00,0.01
2/5/2015 5:00,0.784
2/5/2015 6:00,1.548
2/5/2015 7:00,3.998
2/5/2015 8:00,3.683
2/5/2015 9:00,3.155
2/5/2015 10:00,2.624
2/5/2015 11:00,2.303
2/5/2015 12:00,0.453
2/5/2015 13:00,-1.456
2/5/2015 14:00,-2.377
2/5/2015 15:00,-2.962
2/5/2015 16:00,-3.911
2/5/2015 17:00,-4.758
2/5/2015 18:00,-4.88
2/5/2015 19:00,-5.62
2/5/2015 20:00,-6.882
2/5/2015 21:00,-7.787
2/5/2015 22:00,-8.314
2/5/2015 23:00,-9.117
2/6/2015 0:00,-9.799
2/6/2015 1:00,-10.634
2/6/2015 2:00,-11.344
2/6/2015 3:00,-11.776
2/6/2015 4:00,-11.922
2/6/2015 5:00,-12.068
2/6/2015 6:00,-12.214
2/6/2015 7:00,-10.916
2/6/2015 8:00,-6.499
2/6/2015 9:00,-6.882
2/6/2015 10:00,-5.496
2/6/2015 11:00,-3.911
2/6/2015 12:00,-2.03
2/6/2015 13:00,0.232
2/6/2015 14:00,-1.57
2/6/2015 15:00,-3.079
2/6/2015 16:00,-2.962
2/6/2015 17:00,-5.249
2/6/2015 18:00,-6.626
2/6/2015 19:00,-6.626
2/6/2015 20:00,-6.754
2/6/2015 21:00,-5.87
2/6/2015 22:00,-5.745
2/6/2015 23:00,-5.62
2/7/2015 0:00,-5.003
2/7/2015 1:00,-4.514
2/7/2015 2:00,-4.152
2/7/2015 3:00,-4.272
2/7/2015 4:00,-4.272
2/7/2015 5:00,-3.553
2/7/2015 6:00,-3.553
2/7/2015 7:00,-3.434
2/7/2015 8:00,-1.341
2/7/2015 9:00,1.548
2/7/2015 10:00,3.367
2/7/2015 11:00,3.683
2/7/2015 12:00,3.893
2/7/2015 13:00,2.624
2/7/2015 14:00,2.837
2/7/2015 15:00,0.121
2/7/2015 16:00,0.232
2/7/2015 17:00,0.01
2/7/2015 18:00,-0.213
2/7/2015 19:00,-0.102
2/7/2015 20:00,0.232
2/7/2015 21:00,-0.102
2/7/2015 22:00,-0.213
2/7/2015 23:00,-0.213
2/8/2015 0:00,-0.325
2/8/2015 1:00,-0.213
2/8/2015 2:00,-1.001
2/8/2015 3:00,-0.774
2/8/2015 4:00,-0.662
2/8/2015 5:00,-0.549
2/8/2015 6:00,-0.549
2/8/2015 7:00,-0.325
2/8/2015 8:00,0.453
2/8/2015 9:00,1.221
2/8/2015 10:00,3.788
2/8/2015 11:00,3.367
2/8/2015 12:00,2.517
2/8/2015 13:00,2.088
2/8/2015 14:00,4.623
2/8/2015 15:00,2.195
2/8/2015 16:00,1.439
2/8/2015 17:00,1.439
2/8/2015 18:00,1.33
2/8/2015 19:00,1.548
2/8/2015 20:00,1.439
2/8/2015 21:00,0.893
2/8/2015 22:00,0.893
2/8/2015 23:00,0.893
2/9/2015 0:00,1.112
2/9/2015 1:00,1.112
2/9/2015 2:00,1.764
2/9/2015 3:00,1.548
2/9/2015 4:00,1.548
2/9/2015 5:00,1.548
2/9/2015 6:00,1.656
2/9/2015 7:00,1.764
2/9/2015 8:00,1.872
2/9/2015 9:00,1.98
2/9/2015 10:00,1.872
2/9/2015 11:00,1.764
2/9/2015 12:00,1.98
2/9/2015 13:00,2.195
2/9/2015 14:00,2.088
2/9/2015 15:00,2.088
2/9/2015 16:00,2.088
2/9/2015 17:00,1.872
2/9/2015 18:00,1.872
2/9/2015 19:00,1.872
2/9/2015 20:00,1.98
2/9/2015 21:00,1.98
2/9/2015 22:00,1.98
2/9/2015 23:00,1.98
2/10/2015 0:00,1.98
2/10/2015 1:00,1.98
2/10/2015 2:00,1.656
2/10/2015 3:00,1.439
2/10/2015 4:00,1.548
2/10/2015 5:00,1.221
2/10/2015 6:00,1.112
2/10/2015 7:00,1.003
2/10/2015 8:00,1.764
2/10/2015 9:00,1.656
2/10/2015 10:00,2.517
2/10/2015 11:00,2.624
2/10/2015 12:00,2.837
2/10/2015 13:00,1.98
2/10/2015 14:00,1.764
2/10/2015 15:00,1.764
2/10/2015 16:00,1.656
2/10/2015 17:00,1.548
2/10/2015 18:00,1.656
2/10/2015 19:00,1.656
2/10/2015 20:00,1.548
2/10/2015 21:00,1.439
2/10/2015 22:00,1.33
2/10/2015 23:00,1.221
2/11/2015 0:00,1.003
2/11/2015 1:00,0.563
2/11/2015 2:00,0.674
2/11/2015 3:00,0.453
2/11/2015 4:00,0.232
2/11/2015 5:00,-0.102
2/11/2015 6:00,-0.325
2/11/2015 7:00,-0.887
2/11/2015 8:00,-0.549
2/11/2015 9:00,-0.325
2/11/2015 10:00,0.121
2/11/2015 11:00,0.01
2/11/2015 12:00,-0.325
2/11/2015 13:00,0.121
2/11/2015 14:00,1.221
2/11/2015 15:00,0.453
2/11/2015 16:00,-0.102
2/11/2015 17:00,-0.887
2/11/2015 18:00,-1.001
2/11/2015 19:00,-0.887
2/11/2015 20:00,-0.662
2/11/2015 21:00,-0.549
2/11/2015 22:00,-0.774
2/11/2015 23:00,-0.887
2/12/2015 0:00,-1.001
2/12/2015 1:00,-0.887
2/12/2015 2:00,-2.377
2/12/2015 3:00,-2.727
2/12/2015 4:00,-2.962
2/12/2015 5:00,-2.844
2/12/2015 6:00,-2.727
2/12/2015 7:00,-2.61
2/12/2015 8:00,0.121
2/12/2015 9:00,1.33
2/12/2015 10:00,0.674
2/12/2015 11:00,1.439
2/12/2015 12:00,1.003
2/12/2015 13:00,1.112
2/12/2015 14:00,1.003
2/12/2015 15:00,1.872
2/12/2015 16:00,1.003
2/12/2015 17:00,0.893
2/12/2015 18:00,1.221
2/12/2015 19:00,0.453
2/12/2015 20:00,-0.213
2/12/2015 21:00,-1.001
2/12/2015 22:00,-1.799
2/12/2015 23:00,-1.799
2/13/2015 0:00,-2.377
2/13/2015 1:00,-3.672
2/13/2015 2:00,-4.152
2/13/2015 3:00,-4.514
2/13/2015 4:00,-6.373
2/13/2015 5:00,-7.138
2/13/2015 6:00,-8.182
2/13/2015 7:00,-7.918
2/13/2015 8:00,-6.626
2/13/2015 9:00,-7.267
2/13/2015 10:00,-6.499
2/13/2015 11:00,-5.87
2/13/2015 12:00,-5.249
2/13/2015 13:00,-4.636
2/13/2015 14:00,-2.844
2/13/2015 15:00,-1.57
2/13/2015 16:00,-3.316
2/13/2015 17:00,-7.918
2/13/2015 18:00,-8.847
2/13/2015 19:00,-8.847
2/13/2015 20:00,-8.182
2/13/2015 21:00,-8.447
2/13/2015 22:00,-8.847
2/13/2015 23:00,-8.847
2/14/2015 0:00,-8.982
2/14/2015 1:00,-9.662
2/14/2015 2:00,-9.662
2/14/2015 3:00,-10.075
2/14/2015 4:00,-10.774
2/14/2015 5:00,-11.922
2/14/2015 6:00,-15.446
2/14/2015 7:00,-10.214
2/14/2015 8:00,-2.261
2/14/2015 9:00,-1.001
2/14/2015 10:00,0.121
2/14/2015 11:00,-0.213
2/14/2015 12:00,1.764
2/14/2015 13:00,1.112
2/14/2015 14:00,0.674
2/14/2015 15:00,-0.887
2/14/2015 16:00,-1.341
2/14/2015 17:00,-0.887
2/14/2015 18:00,-0.437
2/14/2015 19:00,0.01
2/14/2015 20:00,0.232
2/14/2015 21:00,0.232
2/14/2015 22:00,-0.662
2/14/2015 23:00,-1.57
2/15/2015 0:00,-1.799
2/15/2015 1:00,-1.57
2/15/2015 2:00,-1.799
2/15/2015 3:00,-1.914
2/15/2015 4:00,-2.962
2/15/2015 5:00,-5.249
2/15/2015 6:00,-4.758
2/15/2015 7:00,-3.792
2/15/2015 8:00,-1.114
2/15/2015 9:00,-1.001
2/15/2015 10:00,-1.914
2/15/2015 11:00,-2.727
2/15/2015 12:00,-3.079
2/15/2015 13:00,-3.553
2/15/2015 14:00,-4.152
2/15/2015 15:00,-4.88
2/15/2015 16:00,-6.373
2/15/2015 17:00,-7.01
2/15/2015 18:00,-8.58
2/15/2015 19:00,-9.388
2/15/2015 20:00,-9.662
2/15/2015 21:00,-10.214
2/15/2015 22:00,-11.2
2/15/2015 23:00,-12.658
2/16/2015 0:00,-14.178
2/16/2015 1:00,-15.124
2/16/2015 2:00,-15.446
2/16/2015 3:00,-16.098
2/16/2015 4:00,-16.098
2/16/2015 5:00,-15.934
2/16/2015 6:00,-15.608
2/16/2015 7:00,-12.214
2/16/2015 8:00,-7.918
2/16/2015 9:00,-8.847
2/16/2015 10:00,-7.267
2/16/2015 11:00,-5.125
2/16/2015 12:00,-3.316
2/16/2015 13:00,-2.494
2/16/2015 14:00,-1.341
2/16/2015 15:00,-1.228
2/16/2015 16:00,-4.514
2/16/2015 17:00,-7.138
2/16/2015 18:00,-8.182
2/16/2015 19:00,-8.314
2/16/2015 20:00,-8.182
2/16/2015 21:00,-7.657
2/16/2015 22:00,-7.527
2/16/2015 23:00,-7.918
2/17/2015 0:00,-8.314
2/17/2015 1:00,-8.447
2/17/2015 2:00,-8.713
2/17/2015 3:00,-8.58
2/17/2015 4:00,-8.447
2/17/2015 5:00,-8.182
2/17/2015 6:00,-8.05
2/17/2015 7:00,-8.314
2/17/2015 8:00,-6.882
2/17/2015 9:00,-6.12
2/17/2015 10:00,-4.152
2/17/2015 11:00,-2.844
2/17/2015 12:00,-1.228
2/17/2015 13:00,-1.799
2/17/2015 14:00,-1.914
2/17/2015 15:00,-1.684
2/17/2015 16:00,-1.914
2/17/2015 17:00,-2.145
2/17/2015 18:00,-2.377
2/17/2015 19:00,-2.145
2/17/2015 20:00,-2.03
2/17/2015 21:00,-1.914
2/17/2015 22:00,-1.684
2/17/2015 23:00,-2.03
2/18/2015 0:00,-2.727
2/18/2015 1:00,-2.962
2/18/2015 2:00,-2.727
2/18/2015 3:00,-2.844
2/18/2015 4:00,-2.844
2/18/2015 5:00,-2.494
2/18/2015 6:00,-2.145
2/18/2015 7:00,-2.261
2/18/2015 8:00,-1.684
2/18/2015 9:00,1.656
2/18/2015 10:00,3.472
2/18/2015 11:00,3.367
2/18/2015 12:00,3.367
2/18/2015 13:00,4.623
2/18/2015 14:00,3.788
2/18/2015 15:00,3.788
2/18/2015 16:00,2.088
2/18/2015 17:00,0.893
2/18/2015 18:00,-0.662
2/18/2015 19:00,-1.001
2/18/2015 20:00,-1.456
2/18/2015 21:00,-3.197
2/18/2015 22:00,-2.261
2/18/2015 23:00,-1.228
2/19/2015 0:00,-0.437
2/19/2015 1:00,-0.325
2/19/2015 2:00,-0.662
2/19/2015 3:00,-2.377
2/19/2015 4:00,-2.61
2/19/2015 5:00,-2.962
2/19/2015 6:00,-5.249
2/19/2015 7:00,-3.434
2/19/2015 8:00,3.998
2/19/2015 9:00,3.578
2/19/2015 10:00,3.893
2/19/2015 11:00,0.674
2/19/2015 12:00,2.517
2/19/2015 13:00,-2.844
2/19/2015 14:00,1.221
2/19/2015 15:00,-0.662
2/19/2015 16:00,-3.316
2/19/2015 17:00,-5.995
2/19/2015 18:00,-6.626
2/19/2015 19:00,-7.01
2/19/2015 20:00,-8.314
2/19/2015 21:00,-9.117
2/19/2015 22:00,-10.075
2/19/2015 23:00,-10.774
2/20/2015 0:00,-11.058
2/20/2015 1:00,-11.344
2/20/2015 2:00,-11.631
2/20/2015 3:00,-12.214
2/20/2015 4:00,-12.509
2/20/2015 5:00,-12.658
2/20/2015 6:00,-13.107
2/20/2015 7:00,-10.634
2/20/2015 8:00,-7.138
2/20/2015 9:00,-9.799
2/20/2015 10:00,-8.314
2/20/2015 11:00,-5.62
2/20/2015 12:00,-3.316
2/20/2015 13:00,-2.377
2/20/2015 14:00,-2.494
2/20/2015 15:00,-1.799
2/20/2015 16:00,-2.377
2/20/2015 17:00,-6.499
2/20/2015 18:00,-7.397
2/20/2015 19:00,-7.787
2/20/2015 20:00,-8.05
2/20/2015 21:00,-8.182
2/20/2015 22:00,-8.447
2/20/2015 23:00,-8.58
2/21/2015 0:00,-8.713
2/21/2015 1:00,-9.117
2/21/2015 2:00,-9.525
2/21/2015 3:00,-9.799
2/21/2015 4:00,-13.409
2/21/2015 5:00,-19.035
2/21/2015 6:00,-19.77
2/21/2015 7:00,-13.409
2/21/2015 8:00,2.624
2/21/2015 9:00,2.195
2/21/2015 10:00,5.037
2/21/2015 11:00,7.682
2/21/2015 12:00,5.141
2/21/2015 13:00,4.623
2/21/2015 14:00,3.683
2/21/2015 15:00,2.195
2/21/2015 16:00,1.112
2/21/2015 17:00,1.33
2/21/2015 18:00,1.98
2/21/2015 19:00,2.195
2/21/2015 20:00,1.656
2/21/2015 21:00,2.088
2/21/2015 22:00,2.303
2/21/2015 23:00,2.517
2/22/2015 0:00,3.578
2/22/2015 1:00,3.578
2/22/2015 2:00,4.623
2/22/2015 3:00,4.623
2/22/2015 4:00,3.893
2/22/2015 5:00,2.837
2/22/2015 6:00,2.41
2/22/2015 7:00,2.195
2/22/2015 8:00,2.41
2/22/2015 9:00,2.73
2/22/2015 10:00,2.41
2/22/2015 11:00,2.837
2/22/2015 12:00,2.624
2/22/2015 13:00,2.73
2/22/2015 14:00,3.683
2/22/2015 15:00,2.088
2/22/2015 16:00,1.98
2/22/2015 17:00,0.563
2/22/2015 18:00,0.121
2/22/2015 19:00,0.01
2/22/2015 20:00,-0.102
2/22/2015 21:00,-0.437
2/22/2015 22:00,-0.325
2/22/2015 23:00,-0.325
2/23/2015 0:00,-0.887
2/23/2015 1:00,-0.887
2/23/2015 2:00,-0.662
2/23/2015 3:00,-0.774
2/23/2015 4:00,-0.774
2/23/2015 5:00,-0.774
2/23/2015 6:00,-1.228
2/23/2015 7:00,-1.341
2/23/2015 8:00,-0.549
2/23/2015 9:00,0.232
2/23/2015 10:00,2.303
2/23/2015 11:00,0.453
2/23/2015 12:00,0.784
2/23/2015 13:00,-1.341
2/23/2015 14:00,-2.727
2/23/2015 15:00,-3.316
2/23/2015 16:00,-4.272
2/23/2015 17:00,-5.003
2/23/2015 18:00,-5.87
2/23/2015 19:00,-6.499
2/23/2015 20:00,-7.397
2/23/2015 21:00,-8.447
2/23/2015 22:00,-9.388
2/23/2015 23:00,-10.214
2/24/2015 0:00,-11.058
2/24/2015 1:00,-11.631
2/24/2015 2:00,-12.361
2/24/2015 3:00,-13.107
2/24/2015 4:00,-13.562
2/24/2015 5:00,-13.715
2/24/2015 6:00,-13.715
2/24/2015 7:00,-9.117
2/24/2015 8:00,-5.125
2/24/2015 9:00,-6.246
2/24/2015 10:00,-5.003
2/24/2015 11:00,-3.672
2/24/2015 12:00,-3.316
2/24/2015 13:00,-2.962
2/24/2015 14:00,-2.844
2/24/2015 15:00,-3.197
2/24/2015 16:00,-2.261
2/24/2015 17:00,-7.918
2/24/2015 18:00,-8.58
2/24/2015 19:00,-7.657
2/24/2015 20:00,-6.12
2/24/2015 21:00,-4.031
2/24/2015 22:00,-3.316
2/24/2015 23:00,-1.228
2/25/2015 0:00,-0.213
2/25/2015 1:00,0.232
2/25/2015 2:00,0.343
2/25/2015 3:00,0.121
2/25/2015 4:00,-0.102
2/25/2015 5:00,-0.887
2/25/2015 6:00,-1.228
2/25/2015 7:00,0.01
2/25/2015 8:00,4.519
2/25/2015 9:00,2.195
2/25/2015 10:00,3.578
2/25/2015 11:00,4.623
2/25/2015 12:00,6.268
2/25/2015 13:00,5.552
2/25/2015 14:00,4.831
2/25/2015 15:00,4.311
2/25/2015 16:00,4.207
2/25/2015 17:00,0.232
2/25/2015 18:00,-1.914
2/25/2015 19:00,-2.261
2/25/2015 20:00,-2.377
2/25/2015 21:00,-2.261
2/25/2015 22:00,-3.079
2/25/2015 23:00,-3.434
2/26/2015 0:00,-2.494
2/26/2015 1:00,-2.261
2/26/2015 2:00,-2.962
2/26/2015 3:00,-3.672
2/26/2015 4:00,-4.152
2/26/2015 5:00,-3.792
2/26/2015 6:00,-3.672
2/26/2015 7:00,-3.434
2/26/2015 8:00,-2.727
2/26/2015 9:00,-2.145
2/26/2015 10:00,-2.145
2/26/2015 11:00,-1.228
2/26/2015 12:00,0.01
2/26/2015 13:00,-0.774
2/26/2015 14:00,0.121
2/26/2015 15:00,-0.437
2/26/2015 16:00,-0.549
2/26/2015 17:00,-1.684
2/26/2015 18:00,-2.261
2/26/2015 19:00,-2.727
2/26/2015 20:00,-3.079
2/26/2015 21:00,-3.316
2/26/2015 22:00,-3.672
2/26/2015 23:00,-3.911
2/27/2015 0:00,-3.792
2/27/2015 1:00,-4.031
2/27/2015 2:00,-4.272
2/27/2015 3:00,-4.393
2/27/2015 4:00,-5.249
2/27/2015 5:00,-5.62
2/27/2015 6:00,-6.12
2/27/2015 7:00,-2.03
2/27/2015 8:00,1.221
2/27/2015 9:00,-0.325
2/27/2015 10:00,0.784
2/27/2015 11:00,2.517
2/27/2015 12:00,3.155
2/27/2015 13:00,3.998
2/27/2015 14:00,4.727
2/27/2015 15:00,5.037
2/27/2015 16:00,0.893
2/27/2015 17:00,-1.001
2/27/2015 18:00,-7.527
2/27/2015 19:00,-6.626
2/27/2015 20:00,-6.626
2/27/2015 21:00,-6.373
2/27/2015 22:00,-6.246
2/27/2015 23:00,-4.514
2/28/2015 0:00,-4.636
2/28/2015 1:00,-5.62
2/28/2015 2:00,-6.246
2/28/2015 3:00,-6.246
2/28/2015 4:00,-6.882
2/28/2015 5:00,-7.267
2/28/2015 6:00,-7.787
2/28/2015 7:00,-2.962
2/28/2015 8:00,0.563
2/28/2015 9:00,-0.774
2/28/2015 10:00,1.112
2/28/2015 11:00,2.943
2/28/2015 12:00,4.415
2/28/2015 13:00,4.207
2/28/2015 14:00,4.207
2/28/2015 15:00,3.367
2/28/2015 16:00,3.367
2/28/2015 17:00,-1.228
2/28/2015 18:00,-8.847
2/28/2015 19:00,-8.58
2/28/2015 20:00,-8.982
2/28/2015 21:00,-10.916
2/28/2015 22:00,-12.956
2/28/2015 23:00,-12.068
3/1/2015 0:00,-11.2
3/1/2015 1:00,-15.446
3/1/2015 2:00,-16.597
3/1/2015 3:00,-16.597
3/1/2015 4:00,-16.934
3/1/2015 5:00,-17.446
3/1/2015 6:00,-18.142
3/1/2015 7:00,-6.246
3/1/2015 8:00,3.155
3/1/2015 9:00,4.102
3/1/2015 10:00,5.757
3/1/2015 11:00,6.775
3/1/2015 12:00,4.623
3/1/2015 13:00,2.943
3/1/2015 14:00,2.303
3/1/2015 15:00,0.563
3/1/2015 16:00,0.01
3/1/2015 17:00,-0.887
3/1/2015 18:00,-1.341
3/1/2015 19:00,-0.887
3/1/2015 20:00,-0.437
3/1/2015 21:00,0.453
3/1/2015 22:00,0.784
3/1/2015 23:00,1.221
3/2/2015 0:00,0.893
3/2/2015 1:00,0.674
3/2/2015 2:00,1.439
3/2/2015 3:00,1.112
3/2/2015 4:00,-0.102
3/2/2015 5:00,-0.213
3/2/2015 6:00,-0.549
3/2/2015 7:00,-0.549
3/2/2015 8:00,0.563
3/2/2015 9:00,0.121
3/2/2015 10:00,1.548
3/2/2015 11:00,4.519
3/2/2015 12:00,6.674
3/2/2015 13:00,6.674
3/2/2015 14:00,6.064
3/2/2015 15:00,6.064
3/2/2015 16:00,6.471
3/2/2015 17:00,2.73
3/2/2015 18:00,-0.774
3/2/2015 19:00,-1.228
3/2/2015 20:00,-1.228
3/2/2015 21:00,-1.684
3/2/2015 22:00,-2.03
3/2/2015 23:00,-2.377
3/3/2015 0:00,-2.962
3/3/2015 1:00,-3.079
3/3/2015 2:00,-3.079
3/3/2015 3:00,-3.672
3/3/2015 4:00,-4.152
3/3/2015 5:00,-4.514
3/3/2015 6:00,-4.636
3/3/2015 7:00,0.674
3/3/2015 8:00,2.943
3/3/2015 9:00,1.003
3/3/2015 10:00,2.837
3/3/2015 11:00,4.415
3/3/2015 12:00,5.141
3/3/2015 13:00,4.311
3/3/2015 14:00,3.367
3/3/2015 15:00,0.674
3/3/2015 16:00,-1.456
3/3/2015 17:00,-2.61
3/3/2015 18:00,-2.494
3/3/2015 19:00,-2.03
3/3/2015 20:00,-1.456
3/3/2015 21:00,-0.549
3/3/2015 22:00,0.343
3/3/2015 23:00,0.784
3/4/2015 0:00,2.088
3/4/2015 1:00,2.837
3/4/2015 2:00,3.367
3/4/2015 3:00,4.311
3/4/2015 4:00,3.893
3/4/2015 5:00,2.624
3/4/2015 6:00,1.98
3/4/2015 7:00,1.656
3/4/2015 8:00,2.088
3/4/2015 9:00,2.195
3/4/2015 10:00,2.943
3/4/2015 11:00,3.578
3/4/2015 12:00,3.788
3/4/2015 13:00,3.893
3/4/2015 14:00,3.893
3/4/2015 15:00,4.831
3/4/2015 16:00,2.943
3/4/2015 17:00,2.303
3/4/2015 18:00,1.98
3/4/2015 19:00,2.195
3/4/2015 20:00,1.656
3/4/2015 21:00,1.98
3/4/2015 22:00,1.548
3/4/2015 23:00,1.656
3/5/2015 0:00,1.764
3/5/2015 1:00,2.303
3/5/2015 2:00,2.195
3/5/2015 3:00,1.656
3/5/2015 4:00,1.439
3/5/2015 5:00,0.784
3/5/2015 6:00,0.121
3/5/2015 7:00,0.01
3/5/2015 8:00,0.121
3/5/2015 9:00,0.343
3/5/2015 10:00,0.232
3/5/2015 11:00,-1.001
3/5/2015 12:00,-0.887
3/5/2015 13:00,-1.341
3/5/2015 14:00,-1.914
3/5/2015 15:00,-2.261
3/5/2015 16:00,-3.316
3/5/2015 17:00,-4.031
3/5/2015 18:00,-4.636
3/5/2015 19:00,-4.636
3/5/2015 20:00,-4.636
3/5/2015 21:00,-5.125
3/5/2015 22:00,-5.496
3/5/2015 23:00,-5.496
3/6/2015 0:00,-5.372
3/6/2015 1:00,-5.372
3/6/2015 2:00,-5.745
3/6/2015 3:00,-6.499
3/6/2015 4:00,-6.882
3/6/2015 5:00,-7.787
3/6/2015 6:00,-7.918
3/6/2015 7:00,-2.61
3/6/2015 8:00,-0.325
3/6/2015 9:00,-0.325
3/6/2015 10:00,1.872
3/6/2015 11:00,2.837
3/6/2015 12:00,3.578
3/6/2015 13:00,3.893
3/6/2015 14:00,3.788
3/6/2015 15:00,3.578
3/6/2015 16:00,3.893
3/6/2015 17:00,2.41
3/6/2015 18:00,-8.982
3/6/2015 19:00,-13.258
3/6/2015 20:00,-14.806
3/6/2015 21:00,-11.922
3/6/2015 22:00,-8.982
3/6/2015 23:00,-7.657
3/7/2015 0:00,-6.499
3/7/2015 1:00,-5.87
3/7/2015 2:00,-5.995
3/7/2015 3:00,-6.12
3/7/2015 4:00,-6.499
3/7/2015 5:00,-8.05
3/7/2015 6:00,-6.882
3/7/2015 7:00,1.872
3/7/2015 8:00,3.998
3/7/2015 9:00,4.102
3/7/2015 10:00,5.45
3/7/2015 11:00,5.655
3/7/2015 12:00,6.064
3/7/2015 13:00,6.166
3/7/2015 14:00,6.064
3/7/2015 15:00,6.674
3/7/2015 16:00,3.367
3/7/2015 17:00,1.439
3/7/2015 18:00,0.01
3/7/2015 19:00,0.343
3/7/2015 20:00,0.674
3/7/2015 21:00,0.784
3/7/2015 22:00,0.453
3/7/2015 23:00,0.674
3/8/2015 0:00,0.893
3/8/2015 1:00,0.343
3/8/2015 2:00,0.232
3/8/2015 3:00,-0.774
3/8/2015 4:00,-2.727
3/8/2015 5:00,-4.636
3/8/2015 6:00,-4.758
3/8/2015 7:00,0.232
3/8/2015 8:00,8.182
3/8/2015 9:00,4.207
3/8/2015 10:00,9.669
3/8/2015 11:00,11.431
3/8/2015 12:00,10.259
3/8/2015 13:00,8.082
3/8/2015 14:00,6.978
3/8/2015 15:00,8.282
3/8/2015 16:00,8.382
3/8/2015 17:00,3.472
3/8/2015 18:00,-1.114
3/8/2015 19:00,-0.213
3/8/2015 20:00,0.232
3/8/2015 21:00,0.01
3/8/2015 22:00,-2.03
3/8/2015 23:00,-0.774
3/9/2015 0:00,-1.57
3/9/2015 1:00,-3.316
3/9/2015 2:00,-5.249
3/9/2015 3:00,-8.58
3/9/2015 4:00,-6.626
3/9/2015 5:00,-4.88
3/9/2015 6:00,-2.377
3/9/2015 7:00,1.221
3/9/2015 8:00,4.934
3/9/2015 9:00,8.082
3/9/2015 10:00,8.382
3/9/2015 11:00,8.481
3/9/2015 12:00,8.382
3/9/2015 13:00,8.481
3/9/2015 14:00,8.978
3/9/2015 15:00,8.978
3/9/2015 16:00,10.161
3/9/2015 17:00,7.582
3/9/2015 18:00,1.112
3/9/2015 19:00,-2.03
3/9/2015 20:00,-0.102
3/9/2015 21:00,-1.914
3/9/2015 22:00,-1.684
3/9/2015 23:00,-2.261
3/10/2015 0:00,-2.61
3/10/2015 1:00,-2.494
3/10/2015 2:00,-1.114
3/10/2015 3:00,-1.914
3/10/2015 4:00,-3.316
3/10/2015 5:00,-2.61
3/10/2015 6:00,-2.377
3/10/2015 7:00,1.439
3/10/2015 8:00,9.176
3/10/2015 9:00,8.978
3/10/2015 10:00,10.651
3/10/2015 11:00,11.916
3/10/2015 12:00,12.207
3/10/2015 13:00,11.916
3/10/2015 14:00,11.819
3/10/2015 15:00,9.275
3/10/2015 16:00,6.775
3/10/2015 17:00,6.37
3/10/2015 18:00,5.757
3/10/2015 19:00,5.141
3/10/2015 20:00,4.934
3/10/2015 21:00,5.141
3/10/2015 22:00,5.45
3/10/2015 23:00,5.244
3/11/2015 0:00,4.727
3/11/2015 1:00,4.831
3/11/2015 2:00,6.37
3/11/2015 3:00,5.347
3/11/2015 4:00,5.552
3/11/2015 5:00,4.519
3/11/2015 6:00,3.893
3/11/2015 7:00,4.311
3/11/2015 8:00,5.347
3/11/2015 9:00,6.166
3/11/2015 10:00,7.582
3/11/2015 11:00,10.259
3/11/2015 12:00,10.846
3/11/2015 13:00,8.481
3/11/2015 14:00,7.481
3/11/2015 15:00,11.139
3/11/2015 16:00,7.882
3/11/2015 17:00,6.268
3/11/2015 18:00,3.049
3/11/2015 19:00,2.943
3/11/2015 20:00,2.41
3/11/2015 21:00,1.764
3/11/2015 22:00,2.837
3/11/2015 23:00,3.367
3/12/2015 0:00,2.624
3/12/2015 1:00,2.837
3/12/2015 2:00,2.088
3/12/2015 3:00,3.155
3/12/2015 4:00,3.049
3/12/2015 5:00,2.943
3/12/2015 6:00,3.683
3/12/2015 7:00,3.261
3/12/2015 8:00,5.962
3/12/2015 9:00,4.727
3/12/2015 10:00,6.37
3/12/2015 11:00,6.471
3/12/2015 12:00,6.674
3/12/2015 13:00,6.471
3/12/2015 14:00,5.86
3/12/2015 15:00,6.573
3/12/2015 16:00,6.37
3/12/2015 17:00,4.415
3/12/2015 18:00,0.563
3/12/2015 19:00,0.343
3/12/2015 20:00,0.232
3/12/2015 21:00,0.01
3/12/2015 22:00,-0.213
3/12/2015 23:00,-0.662
3/13/2015 0:00,-0.887
3/13/2015 1:00,-1.456
3/13/2015 2:00,-2.03
3/13/2015 3:00,-2.377
3/13/2015 4:00,-3.079
3/13/2015 5:00,-3.316
3/13/2015 6:00,-3.197
3/13/2015 7:00,3.261
3/13/2015 8:00,2.195
3/13/2015 9:00,2.517
3/13/2015 10:00,4.102
3/13/2015 11:00,5.962
3/13/2015 12:00,6.775
3/13/2015 13:00,6.064
3/13/2015 14:00,5.962
3/13/2015 15:00,5.347
3/13/2015 16:00,5.552
3/13/2015 17:00,2.088
3/13/2015 18:00,-1.57
3/13/2015 19:00,-1.684
3/13/2015 20:00,-0.549
3/13/2015 21:00,-0.102
3/13/2015 22:00,0.01
3/13/2015 23:00,0.232
3/14/2015 0:00,0.343
3/14/2015 1:00,0.784
3/14/2015 2:00,1.112
3/14/2015 3:00,2.195
3/14/2015 4:00,2.624
3/14/2015 5:00,3.155
3/14/2015 6:00,3.472
3/14/2015 7:00,3.788
3/14/2015 8:00,4.934
3/14/2015 9:00,5.45
3/14/2015 10:00,5.655
3/14/2015 11:00,6.166
3/14/2015 12:00,7.179
3/14/2015 13:00,7.179
3/14/2015 14:00,7.882
3/14/2015 15:00,7.682
3/14/2015 16:00,7.481
3/14/2015 17:00,7.179
3/14/2015 18:00,7.983
3/14/2015 19:00,7.28
3/14/2015 20:00,6.37
3/14/2015 21:00,5.037
3/14/2015 22:00,4.831
3/14/2015 23:00,4.102
3/15/2015 0:00,3.261
3/15/2015 1:00,2.943
3/15/2015 2:00,2.517
3/15/2015 3:00,2.624
3/15/2015 4:00,2.088
3/15/2015 5:00,1.33
3/15/2015 6:00,2.624
3/15/2015 7:00,8.978
3/15/2015 8:00,3.788
3/15/2015 9:00,4.623
3/15/2015 10:00,5.86
3/15/2015 11:00,6.877
3/15/2015 12:00,8.282
3/15/2015 13:00,4.831
3/15/2015 14:00,4.519
3/15/2015 15:00,5.45
3/15/2015 16:00,3.683
3/15/2015 17:00,0.232
3/15/2015 18:00,-0.774
3/15/2015 19:00,-1.001
3/15/2015 20:00,-1.341
3/15/2015 21:00,-1.341
3/15/2015 22:00,-1.114
3/15/2015 23:00,-0.549
3/16/2015 0:00,-0.325
3/16/2015 1:00,-0.887
3/16/2015 2:00,-1.341
3/16/2015 3:00,-1.341
3/16/2015 4:00,-2.03
3/16/2015 5:00,-2.03
3/16/2015 6:00,-1.001
3/16/2015 7:00,4.934
3/16/2015 8:00,2.73
3/16/2015 9:00,3.155
3/16/2015 10:00,4.102
3/16/2015 11:00,5.552
3/16/2015 12:00,6.573
3/16/2015 13:00,7.381
3/16/2015 14:00,7.481
3/16/2015 15:00,7.782
3/16/2015 16:00,5.037
3/16/2015 17:00,4.727
3/16/2015 18:00,0.343
3/16/2015 19:00,-0.774
3/16/2015 20:00,0.784
3/16/2015 21:00,0.563
3/16/2015 22:00,0.01
3/16/2015 23:00,0.674
3/17/2015 0:00,0.784
3/17/2015 1:00,1.112
3/17/2015 2:00,1.221
3/17/2015 3:00,2.195
3/17/2015 4:00,2.73
3/17/2015 5:00,3.049
3/17/2015 6:00,3.367
3/17/2015 7:00,3.578
3/17/2015 8:00,4.415
3/17/2015 9:00,4.727
3/17/2015 10:00,4.519
3/17/2015 11:00,5.347
3/17/2015 12:00,5.86
3/17/2015 13:00,6.877
3/17/2015 14:00,8.68
3/17/2015 15:00,6.471
3/17/2015 16:00,10.161
3/17/2015 17:00,8.182
3/17/2015 18:00,4.102
3/17/2015 19:00,3.049
3/17/2015 20:00,0.784
3/17/2015 21:00,-0.102
3/17/2015 22:00,-0.549
3/17/2015 23:00,-0.774
3/18/2015 0:00,-1.114
3/18/2015 1:00,-1.341
3/18/2015 2:00,-1.456
3/18/2015 3:00,-1.228
3/18/2015 4:00,-2.03
3/18/2015 5:00,-2.377
3/18/2015 6:00,-0.774
3/18/2015 7:00,3.998
3/18/2015 8:00,0.784
3/18/2015 9:00,1.548
3/18/2015 10:00,2.195
3/18/2015 11:00,3.155
3/18/2015 12:00,3.472
3/18/2015 13:00,3.261
3/18/2015 14:00,3.788
3/18/2015 15:00,3.472
3/18/2015 16:00,4.311
3/18/2015 17:00,2.943
3/18/2015 18:00,-1.456
3/18/2015 19:00,-1.914
3/18/2015 20:00,-2.61
3/18/2015 21:00,-3.197
3/18/2015 22:00,-3.672
3/18/2015 23:00,-4.152
3/19/2015 0:00,-4.393
3/19/2015 1:00,-4.636
3/19/2015 2:00,-4.88
3/19/2015 3:00,-5.003
3/19/2015 4:00,-5.249
3/19/2015 5:00,-5.249
3/19/2015 6:00,-3.197
3/19/2015 7:00,1.764
3/19/2015 8:00,-1.57
3/19/2015 9:00,-0.774
3/19/2015 10:00,0.232
3/19/2015 11:00,1.656
3/19/2015 12:00,2.517
3/19/2015 13:00,3.472
3/19/2015 14:00,4.311
3/19/2015 15:00,3.893
3/19/2015 16:00,5.655
3/19/2015 17:00,4.102
3/19/2015 18:00,-0.662
3/19/2015 19:00,-0.662
3/19/2015 20:00,-0.887
3/19/2015 21:00,-1.114
3/19/2015 22:00,-1.001
3/19/2015 23:00,-1.57
3/20/2015 0:00,-1.456
3/20/2015 1:00,-1.799
3/20/2015 2:00,-2.261
3/20/2015 3:00,-2.727
3/20/2015 4:00,-2.962
3/20/2015 5:00,-3.197
3/20/2015 6:00,-1.114
3/20/2015 7:00,-0.325
3/20/2015 8:00,1.98
3/20/2015 9:00,4.727
3/20/2015 10:00,3.893
3/20/2015 11:00,4.519
3/20/2015 12:00,5.552
3/20/2015 13:00,5.962
3/20/2015 14:00,3.683
3/20/2015 15:00,2.088
3/20/2015 16:00,0.563
3/20/2015 17:00,-1.341
3/20/2015 18:00,-2.61
3/20/2015 19:00,-2.494
3/20/2015 20:00,-2.61
3/20/2015 21:00,-2.377
3/20/2015 22:00,-1.799
3/20/2015 23:00,-1.114
3/21/2015 0:00,-0.774
3/21/2015 1:00,-0.213
3/21/2015 2:00,0.343
3/21/2015 3:00,0.563
3/21/2015 4:00,0.784
3/21/2015 5:00,1.003
3/21/2015 6:00,1.221
3/21/2015 7:00,1.33
3/21/2015 8:00,1.548
3/21/2015 9:00,1.764
3/21/2015 10:00,1.656
3/21/2015 11:00,1.221
3/21/2015 12:00,1.656
3/21/2015 13:00,5.45
3/21/2015 14:00,6.674
3/21/2015 15:00,4.311
3/21/2015 16:00,3.998
3/21/2015 17:00,2.303
3/21/2015 18:00,1.439
3/21/2015 19:00,1.112
3/21/2015 20:00,1.003
3/21/2015 21:00,0.563
3/21/2015 22:00,1.112
3/21/2015 23:00,1.439
3/22/2015 0:00,1.656
3/22/2015 1:00,1.439
3/22/2015 2:00,1.439
3/22/2015 3:00,1.221
3/22/2015 4:00,0.674
3/22/2015 5:00,0.343
3/22/2015 6:00,3.578
3/22/2015 7:00,7.582
3/22/2015 8:00,2.73
3/22/2015 9:00,3.472
3/22/2015 10:00,3.683
3/22/2015 11:00,5.037
3/22/2015 12:00,4.831
3/22/2015 13:00,6.064
3/22/2015 14:00,5.962
3/22/2015 15:00,5.347
3/22/2015 16:00,6.674
3/22/2015 17:00,4.519
3/22/2015 18:00,-0.887
3/22/2015 19:00,-1.456
3/22/2015 20:00,-1.456
3/22/2015 21:00,-1.914
3/22/2015 22:00,-2.61
3/22/2015 23:00,-3.553
3/23/2015 0:00,-4.272
3/23/2015 1:00,-4.88
3/23/2015 2:00,-5.745
3/23/2015 3:00,-5.745
3/23/2015 4:00,-5.995
3/23/2015 5:00,-6.373
3/23/2015 6:00,-3.316
3/23/2015 7:00,2.088
3/23/2015 8:00,-2.145
3/23/2015 9:00,-0.325
3/23/2015 10:00,1.003
3/23/2015 11:00,2.517
3/23/2015 12:00,3.578
3/23/2015 13:00,3.998
3/23/2015 14:00,4.415
3/23/2015 15:00,3.578
3/23/2015 16:00,5.655
3/23/2015 17:00,4.102
3/23/2015 18:00,-1.684
3/23/2015 19:00,-1.456
3/23/2015 20:00,-1.57
3/23/2015 21:00,-1.684
3/23/2015 22:00,-1.57
3/23/2015 23:00,-1.914
3/24/2015 0:00,-1.684
3/24/2015 1:00,-2.03
3/24/2015 2:00,-2.145
3/24/2015 3:00,-2.145
3/24/2015 4:00,-2.03
3/24/2015 5:00,-2.377
3/24/2015 6:00,-2.03
3/24/2015 7:00,-0.549
3/24/2015 8:00,2.41
3/24/2015 9:00,1.764
3/24/2015 10:00,5.037
3/24/2015 11:00,5.962
3/24/2015 12:00,6.775
3/24/2015 13:00,6.064
3/24/2015 14:00,5.757
3/24/2015 15:00,5.141
3/24/2015 16:00,2.943
3/24/2015 17:00,3.788
3/24/2015 18:00,-3.197
3/24/2015 19:00,-5.745
3/24/2015 20:00,-8.182
3/24/2015 21:00,-10.353
3/24/2015 22:00,-10.075
3/24/2015 23:00,-5.125
3/25/2015 0:00,-2.145
3/25/2015 1:00,-2.03
3/25/2015 2:00,-1.799
3/25/2015 3:00,-1.684
3/25/2015 4:00,-1.914
3/25/2015 5:00,-1.914
3/25/2015 6:00,2.73
3/25/2015 7:00,10.748
3/25/2015 8:00,5.757
3/25/2015 9:00,7.682
3/25/2015 10:00,9.669
3/25/2015 11:00,11.528
3/25/2015 12:00,11.916
3/25/2015 13:00,12.11
3/25/2015 14:00,11.819
3/25/2015 15:00,8.382
3/25/2015 16:00,6.166
3/25/2015 17:00,4.623
3/25/2015 18:00,1.656
3/25/2015 19:00,2.517
3/25/2015 20:00,2.943
3/25/2015 21:00,3.367
3/25/2015 22:00,3.367
3/25/2015 23:00,3.683
3/26/2015 0:00,4.519
3/26/2015 1:00,4.831
3/26/2015 2:00,5.86
3/26/2015 3:00,6.471
3/26/2015 4:00,6.268
3/26/2015 5:00,6.978
3/26/2015 6:00,6.674
3/26/2015 7:00,7.882
3/26/2015 8:00,7.381
3/26/2015 9:00,9.373
3/26/2015 10:00,8.879
3/26/2015 11:00,7.079
3/26/2015 12:00,7.079
3/26/2015 13:00,8.68
3/26/2015 14:00,8.779
3/26/2015 15:00,9.275
3/26/2015 16:00,9.965
3/26/2015 17:00,8.68
3/26/2015 18:00,8.182
3/26/2015 19:00,8.082
3/26/2015 20:00,8.182
3/26/2015 21:00,8.282
3/26/2015 22:00,8.382
3/26/2015 23:00,9.472
3/27/2015 0:00,8.382
3/27/2015 1:00,8.282
3/27/2015 2:00,5.244
3/27/2015 3:00,4.831
3/27/2015 4:00,3.788
3/27/2015 5:00,3.367
3/27/2015 6:00,3.155
3/27/2015 7:00,3.261
3/27/2015 8:00,3.367
3/27/2015 9:00,3.683
3/27/2015 10:00,4.102
3/27/2015 11:00,4.102
3/27/2015 12:00,4.623
3/27/2015 13:00,4.102
3/27/2015 14:00,4.623
3/27/2015 15:00,3.998
3/27/2015 16:00,3.683
3/27/2015 17:00,3.049
3/27/2015 18:00,2.837
3/27/2015 19:00,2.624
3/27/2015 20:00,2.624
3/27/2015 21:00,2.624
3/27/2015 22:00,2.624
3/27/2015 23:00,2.624
3/28/2015 0:00,2.517
3/28/2015 1:00,2.517
3/28/2015 2:00,2.837
3/28/2015 3:00,2.624
3/28/2015 4:00,2.624
3/28/2015 5:00,2.624
3/28/2015 6:00,2.624
3/28/2015 7:00,3.155
3/28/2015 8:00,3.578
3/28/2015 9:00,3.367
3/28/2015 10:00,2.943
3/28/2015 11:00,3.155
3/28/2015 12:00,3.472
3/28/2015 13:00,2.943
3/28/2015 14:00,2.943
3/28/2015 15:00,2.088
3/28/2015 16:00,2.41
3/28/2015 17:00,1.548
3/28/2015 18:00,0.784
3/28/2015 19:00,0.893
3/28/2015 20:00,0.893
3/28/2015 21:00,1.003
3/28/2015 22:00,1.112
3/28/2015 23:00,0.784
3/29/2015 0:00,1.003
3/29/2015 1:00,0.784
3/29/2015 2:00,0.121
3/29/2015 3:00,-0.549
3/29/2015 4:00,-0.887
3/29/2015 5:00,-0.662
3/29/2015 6:00,-0.102
3/29/2015 7:00,3.788
3/29/2015 8:00,3.578
3/29/2015 9:00,4.831
3/29/2015 10:00,5.962
3/29/2015 11:00,6.573
3/29/2015 12:00,7.079
3/29/2015 13:00,7.28
3/29/2015 14:00,6.978
3/29/2015 15:00,5.45
3/29/2015 16:00,7.682
3/29/2015 17:00,8.182
3/29/2015 18:00,-1.456
3/29/2015 19:00,-6.12
3/29/2015 20:00,-2.962
3/29/2015 21:00,-3.792
3/29/2015 22:00,-2.61
3/29/2015 23:00,-1.57
3/30/2015 0:00,-1.456
3/30/2015 1:00,-0.549
3/30/2015 2:00,-0.437
3/30/2015 3:00,-0.102
3/30/2015 4:00,0.232
3/30/2015 5:00,0.343
3/30/2015 6:00,1.98
3/30/2015 7:00,5.655
3/30/2015 8:00,6.775
3/30/2015 9:00,6.674
3/30/2015 10:00,5.552
3/30/2015 11:00,13.558
3/30/2015 12:00,14.517
3/30/2015 13:00,17.76
3/30/2015 13:18,
3/30/2015 13:19,
3/30/2015 13:23,
3/30/2015 13:23,
3/30/2015 13:23,
3/30/2015 13:23,
