Date,Temp,Day
12/4/2014,11.528,338
12/4/2014,9.866,338
12/4/2014,11.528,338
12/4/2014,9.571,338
12/4/2014,4.102,338
12/4/2014,2.73,338
12/4/2014,4.727,338
12/4/2014,3.893,338
12/4/2014,3.683,338
12/4/2014,3.578,338
12/4/2014,3.155,338
12/4/2014,3.049,338
12/5/2014,2.73,339
12/5/2014,2.73,339
12/5/2014,2.943,339
12/5/2014,2.837,339
12/5/2014,2.624,339
12/5/2014,2.517,339
12/5/2014,2.624,339
12/5/2014,3.049,339
12/5/2014,4.934,339
12/5/2014,7.882,339
12/5/2014,8.581,339
12/5/2014,8.481,339
12/5/2014,7.582,339
12/5/2014,6.877,339
12/5/2014,9.768,339
12/5/2014,6.471,339
12/5/2014,5.347,339
12/5/2014,5.141,339
12/5/2014,5.244,339
12/5/2014,5.45,339
12/5/2014,5.655,339
12/5/2014,5.86,339
12/5/2014,6.268,339
12/5/2014,6.775,339
12/6/2014,7.079,340
12/6/2014,7.179,340
12/6/2014,7.682,340
12/6/2014,8.382,340
12/6/2014,9.176,340
12/6/2014,9.768,340
12/6/2014,9.965,340
12/6/2014,10.846,340
12/6/2014,10.748,340
12/6/2014,11.041,340
12/6/2014,11.236,340
12/6/2014,11.139,340
12/6/2014,11.334,340
12/6/2014,10.944,340
12/6/2014,10.553,340
12/6/2014,10.259,340
12/6/2014,9.373,340
12/6/2014,8.68,340
12/6/2014,8.68,340
12/6/2014,8.879,340
12/6/2014,8.481,340
12/6/2014,8.282,340
12/6/2014,7.682,340
12/6/2014,6.573,340
12/7/2014,6.268,341
12/7/2014,6.674,341
12/7/2014,6.471,341
12/7/2014,5.962,341
12/7/2014,5.655,341
12/7/2014,5.244,341
12/7/2014,4.934,341
12/7/2014,4.623,341
12/7/2014,4.831,341
12/7/2014,4.934,341
12/7/2014,5.45,341
12/7/2014,5.86,341
12/7/2014,4.934,341
12/7/2014,4.934,341
12/7/2014,4.415,341
12/7/2014,3.472,341
12/7/2014,1.98,341
12/7/2014,1.112,341
12/7/2014,1.003,341
12/7/2014,1.33,341
12/7/2014,1.221,341
12/7/2014,0.674,341
12/7/2014,0.453,341
12/7/2014,0.563,341
12/8/2014,0.232,342
12/8/2014,0.01,342
12/8/2014,0.01,342
12/8/2014,0.01,342
12/8/2014,0.121,342
12/8/2014,0.232,342
12/8/2014,0.453,342
12/8/2014,0.784,342
12/8/2014,1.221,342
12/8/2014,2.088,342
12/8/2014,3.049,342
12/8/2014,3.893,342
12/8/2014,4.415,342
12/8/2014,4.519,342
12/8/2014,3.788,342
12/8/2014,4.102,342
12/8/2014,3.788,342
12/8/2014,4.207,342
12/8/2014,4.519,342
12/8/2014,4.831,342
12/8/2014,5.347,342
12/8/2014,5.552,342
12/8/2014,6.064,342
12/8/2014,5.86,342
12/9/2014,6.064,343
12/9/2014,6.775,343
12/9/2014,7.179,343
12/9/2014,7.481,343
12/9/2014,7.882,343
12/9/2014,8.481,343
12/9/2014,8.182,343
12/9/2014,8.082,343
12/9/2014,8.182,343
12/9/2014,8.581,343
12/9/2014,8.779,343
12/9/2014,8.978,343
12/9/2014,9.373,343
12/9/2014,9.965,343
12/9/2014,10.748,343
12/9/2014,11.722,343
12/9/2014,11.625,343
12/9/2014,12.98,343
12/9/2014,13.365,343
12/9/2014,12.401,343
12/9/2014,11.916,343
12/9/2014,11.528,343
12/9/2014,11.139,343
12/9/2014,9.669,343
12/10/2014,9.275,344
12/10/2014,8.879,344
12/10/2014,8.481,344
12/10/2014,8.182,344
12/10/2014,7.983,344
12/10/2014,7.782,344
12/10/2014,7.682,344
12/10/2014,7.582,344
12/10/2014,7.682,344
12/10/2014,8.282,344
12/10/2014,8.382,344
12/10/2014,8.182,344
12/10/2014,8.282,344
12/10/2014,9.866,344
12/10/2014,8.978,344
12/10/2014,8.082,344
12/10/2014,7.381,344
12/10/2014,6.471,344
12/10/2014,6.775,344
12/10/2014,6.471,344
12/10/2014,5.655,344
12/10/2014,5.552,344
12/10/2014,5.037,344
12/10/2014,5.037,344
12/11/2014,4.207,345
12/11/2014,4.207,345
12/11/2014,4.207,345
12/11/2014,3.788,345
12/11/2014,3.998,345
12/11/2014,4.311,345
12/11/2014,3.893,345
12/11/2014,3.578,345
12/11/2014,3.261,345
12/11/2014,3.998,345
12/11/2014,5.347,345
12/11/2014,5.45,345
12/11/2014,6.573,345
12/11/2014,5.037,345
12/11/2014,4.207,345
12/11/2014,2.943,345
12/11/2014,3.578,345
12/11/2014,4.207,345
12/11/2014,2.73,345
12/11/2014,3.049,345
12/11/2014,2.624,345
12/11/2014,3.155,345
12/11/2014,2.837,345
12/11/2014,2.517,345
12/12/2014,2.195,346
12/12/2014,2.195,346
12/12/2014,2.088,346
12/12/2014,1.98,346
12/12/2014,1.872,346
12/12/2014,-0.325,346
12/12/2014,0.784,346
12/12/2014,1.33,346
12/12/2014,0.453,346
12/12/2014,6.064,346
12/12/2014,5.347,346
12/12/2014,5.757,346
12/12/2014,7.882,346
12/12/2014,6.877,346
12/12/2014,9.176,346
12/12/2014,7.582,346
12/12/2014,2.73,346
12/12/2014,0.784,346
12/12/2014,2.624,346
12/12/2014,2.73,346
12/12/2014,2.73,346
12/12/2014,2.517,346
12/12/2014,2.303,346
12/12/2014,1.872,346
12/13/2014,0.563,347
12/13/2014,1.003,347
12/13/2014,1.33,347
12/13/2014,1.439,347
12/13/2014,1.221,347
12/13/2014,1.112,347
12/13/2014,0.893,347
12/13/2014,0.784,347
12/13/2014,1.656,347
12/13/2014,4.831,347
12/13/2014,4.519,347
12/13/2014,6.471,347
12/13/2014,4.727,347
12/13/2014,5.757,347
12/13/2014,6.573,347
12/13/2014,4.727,347
12/13/2014,4.311,347
12/13/2014,3.472,347
12/13/2014,3.998,347
12/13/2014,3.998,347
12/13/2014,3.998,347
12/13/2014,2.943,347
12/13/2014,2.73,347
12/13/2014,3.261,347
12/14/2014,2.837,348
12/14/2014,2.517,348
12/14/2014,2.088,348
12/14/2014,2.303,348
12/14/2014,2.73,348
12/14/2014,2.195,348
12/14/2014,1.98,348
12/14/2014,1.548,348
12/14/2014,3.261,348
12/14/2014,5.962,348
12/14/2014,8.779,348
12/14/2014,6.877,348
12/14/2014,7.983,348
12/14/2014,7.582,348
12/14/2014,7.983,348
12/14/2014,7.381,348
12/14/2014,4.311,348
12/14/2014,3.261,348
12/14/2014,2.943,348
12/14/2014,2.088,348
12/14/2014,2.517,348
12/14/2014,2.517,348
12/14/2014,3.155,348
12/14/2014,2.73,348
12/15/2014,2.088,349
12/15/2014,1.439,349
12/15/2014,1.439,349
12/15/2014,1.548,349
12/15/2014,1.221,349
12/15/2014,1.003,349
12/15/2014,1.439,349
12/15/2014,1.656,349
12/15/2014,2.837,349
12/15/2014,5.962,349
12/15/2014,8.182,349
12/15/2014,8.382,349
12/15/2014,8.68,349
12/15/2014,10.161,349
12/15/2014,7.28,349
12/15/2014,9.571,349
12/15/2014,3.683,349
12/15/2014,2.624,349
12/15/2014,2.41,349
12/15/2014,3.261,349
12/15/2014,3.472,349
12/15/2014,3.683,349
12/15/2014,3.893,349
12/15/2014,3.998,349
12/16/2014,3.893,350
12/16/2014,3.998,350
12/16/2014,4.207,350
12/16/2014,4.415,350
12/16/2014,4.207,350
12/16/2014,4.311,350
12/16/2014,4.934,350
12/16/2014,4.831,350
12/16/2014,5.552,350
12/16/2014,6.674,350
12/16/2014,7.782,350
12/16/2014,8.382,350
12/16/2014,8.382,350
12/16/2014,8.68,350
12/16/2014,8.481,350
12/16/2014,8.182,350
12/16/2014,7.682,350
12/16/2014,7.983,350
12/16/2014,8.581,350
12/16/2014,8.481,350
12/16/2014,7.983,350
12/16/2014,8.382,350
12/16/2014,8.581,350
12/16/2014,8.581,350
12/17/2014,9.571,351
12/17/2014,10.161,351
12/17/2014,11.334,351
12/17/2014,10.944,351
12/17/2014,10.846,351
12/17/2014,10.455,351
12/17/2014,10.259,351
12/17/2014,10.063,351
12/17/2014,10.357,351
12/17/2014,11.334,351
12/17/2014,11.431,351
12/17/2014,9.077,351
12/17/2014,10.161,351
12/17/2014,10.455,351
12/17/2014,8.581,351
12/17/2014,8.581,351
12/17/2014,8.082,351
12/17/2014,6.674,351
12/17/2014,6.064,351
12/17/2014,7.582,351
12/17/2014,6.064,351
12/17/2014,6.978,351
12/17/2014,7.28,351
12/17/2014,6.877,351
12/18/2014,6.268,352
12/18/2014,5.86,352
12/18/2014,5.141,352
12/18/2014,4.519,352
12/18/2014,4.207,352
12/18/2014,4.519,352
12/18/2014,3.998,352
12/18/2014,3.788,352
12/18/2014,4.519,352
12/18/2014,6.064,352
12/18/2014,5.552,352
12/18/2014,9.077,352
12/18/2014,9.768,352
12/18/2014,11.041,352
12/18/2014,11.041,352
12/18/2014,9.669,352
12/18/2014,4.415,352
12/18/2014,4.207,352
12/18/2014,4.102,352
12/18/2014,3.472,352
12/18/2014,2.41,352
12/18/2014,2.088,352
12/18/2014,1.548,352
12/18/2014,1.656,352
12/19/2014,1.33,353
12/19/2014,1.003,353
12/19/2014,1.221,353
12/19/2014,2.517,353
12/19/2014,2.73,353
12/19/2014,2.517,353
12/19/2014,2.837,353
12/19/2014,2.517,353
12/19/2014,2.943,353
12/19/2014,3.683,353
12/19/2014,5.347,353
12/19/2014,5.757,353
12/19/2014,6.877,353
12/19/2014,6.064,353
12/19/2014,4.311,353
12/19/2014,2.837,353
12/19/2014,1.98,353
12/19/2014,1.764,353
12/19/2014,1.548,353
12/19/2014,1.656,353
12/19/2014,1.764,353
12/19/2014,1.98,353
12/19/2014,2.088,353
12/19/2014,1.872,353
12/20/2014,1.872,354
12/20/2014,1.98,354
12/20/2014,2.195,354
12/20/2014,2.624,354
12/20/2014,2.195,354
12/20/2014,1.548,354
12/20/2014,1.548,354
12/20/2014,2.088,354
12/20/2014,3.367,354
12/20/2014,4.102,354
12/20/2014,5.037,354
12/20/2014,6.573,354
12/20/2014,8.68,354
12/20/2014,9.275,354
12/20/2014,6.978,354
12/20/2014,5.141,354
12/20/2014,4.311,354
12/20/2014,3.683,354
12/20/2014,3.683,354
12/20/2014,3.472,354
12/20/2014,3.367,354
12/20/2014,4.311,354
12/20/2014,4.519,354
12/20/2014,4.415,354
12/21/2014,3.998,355
12/21/2014,4.519,355
12/21/2014,4.415,355
12/21/2014,3.998,355
12/21/2014,4.207,355
12/21/2014,3.893,355
12/21/2014,4.207,355
12/21/2014,4.102,355
12/21/2014,5.141,355
12/21/2014,6.166,355
12/21/2014,6.573,355
12/21/2014,7.381,355
12/21/2014,8.581,355
12/21/2014,7.682,355
12/21/2014,8.481,355
12/21/2014,6.064,355
12/21/2014,5.347,355
12/21/2014,5.244,355
12/21/2014,5.347,355
12/21/2014,5.552,355
12/21/2014,4.831,355
12/21/2014,5.347,355
12/21/2014,4.831,355
12/21/2014,4.727,355
12/22/2014,3.998,356
12/22/2014,3.788,356
12/22/2014,4.623,356
12/22/2014,4.831,356
12/22/2014,4.519,356
12/22/2014,4.519,356
12/22/2014,3.893,356
12/22/2014,3.893,356
12/22/2014,5.86,356
12/22/2014,7.582,356
12/22/2014,8.182,356
12/22/2014,7.782,356
12/22/2014,8.978,356
12/22/2014,8.581,356
12/22/2014,10.161,356
12/22/2014,8.581,356
12/22/2014,6.573,356
12/22/2014,5.347,356
12/22/2014,4.831,356
12/22/2014,4.623,356
12/22/2014,5.655,356
12/22/2014,6.268,356
12/22/2014,6.573,356
12/22/2014,6.674,356
12/23/2014,6.674,357
12/23/2014,6.775,357
12/23/2014,6.573,357
12/23/2014,6.877,357
12/23/2014,7.079,357
12/23/2014,7.179,357
12/23/2014,7.079,357
12/23/2014,7.179,357
12/23/2014,7.381,357
12/23/2014,7.582,357
12/23/2014,8.082,357
12/23/2014,8.779,357
12/23/2014,10.748,357
12/23/2014,8.879,357
12/23/2014,9.866,357
12/23/2014,8.879,357
12/23/2014,8.382,357
12/23/2014,8.282,357
12/23/2014,8.978,357
12/23/2014,8.779,357
12/23/2014,8.68,357
12/23/2014,8.978,357
12/23/2014,8.282,357
12/23/2014,8.182,357
12/24/2014,7.983,358
12/24/2014,7.983,358
12/24/2014,8.082,358
12/24/2014,8.082,358
12/24/2014,8.182,358
12/24/2014,7.983,358
12/24/2014,8.282,358
12/24/2014,8.581,358
12/24/2014,9.472,358
12/24/2014,11.334,358
12/24/2014,12.594,358
12/24/2014,10.846,358
12/24/2014,10.651,358
12/24/2014,11.334,358
12/24/2014,12.594,358
12/24/2014,11.916,358
12/24/2014,12.013,358
12/24/2014,12.98,358
12/24/2014,12.98,358
12/24/2014,13.269,358
12/24/2014,13.654,358
12/24/2014,13.654,358
12/24/2014,13.942,358
12/24/2014,13.75,358
12/25/2014,13.942,359
12/25/2014,14.134,359
12/25/2014,14.038,359
12/25/2014,13.846,359
12/25/2014,13.942,359
12/25/2014,14.134,359
12/25/2014,15.091,359
12/25/2014,14.23,359
12/25/2014,13.461,359
12/25/2014,12.207,359
12/25/2014,11.916,359
12/25/2014,11.139,359
12/25/2014,9.275,359
12/25/2014,10.553,359
12/25/2014,12.304,359
12/25/2014,12.013,359
12/25/2014,8.68,359
12/25/2014,6.877,359
12/25/2014,6.877,359
12/25/2014,6.064,359
12/25/2014,6.37,359
12/25/2014,6.268,359
12/25/2014,6.471,359
12/25/2014,6.268,359
12/26/2014,5.86,360
12/26/2014,5.757,360
12/26/2014,5.244,360
12/26/2014,4.727,360
12/26/2014,4.207,360
12/26/2014,3.893,360
12/26/2014,3.788,360
12/26/2014,3.998,360
12/26/2014,5.552,360
12/26/2014,9.176,360
12/26/2014,10.846,360
12/26/2014,11.916,360
12/26/2014,12.013,360
12/26/2014,12.207,360
12/26/2014,11.722,360
12/26/2014,11.041,360
12/26/2014,7.28,360
12/26/2014,4.102,360
12/26/2014,3.155,360
12/26/2014,4.623,360
12/26/2014,4.415,360
12/26/2014,3.367,360
12/26/2014,3.472,360
12/26/2014,3.998,360
12/27/2014,3.998,361
12/27/2014,2.73,361
12/27/2014,1.548,361
12/27/2014,3.261,361
12/27/2014,3.788,361
12/27/2014,2.303,361
12/27/2014,1.439,361
12/27/2014,0.784,361
12/27/2014,4.102,361
12/27/2014,8.68,361
12/27/2014,10.846,361
12/27/2014,12.11,361
12/27/2014,11.819,361
12/27/2014,12.787,361
12/27/2014,12.69,361
12/27/2014,12.013,361
12/27/2014,7.782,361
12/27/2014,5.962,361
12/27/2014,6.268,361
12/27/2014,5.347,361
12/27/2014,5.757,361
12/27/2014,5.962,361
12/27/2014,4.623,361
12/27/2014,4.623,361
12/28/2014,4.415,362
12/28/2014,5.45,362
12/28/2014,6.37,362
12/28/2014,6.775,362
12/28/2014,7.782,362
12/28/2014,8.282,362
12/28/2014,8.879,362
12/28/2014,9.077,362
12/28/2014,9.965,362
12/28/2014,10.651,362
12/28/2014,10.846,362
12/28/2014,10.944,362
12/28/2014,10.553,362
12/28/2014,10.553,362
12/28/2014,10.161,362
12/28/2014,9.176,362
12/28/2014,7.882,362
12/28/2014,7.682,362
12/28/2014,7.782,362
12/28/2014,7.782,362
12/28/2014,7.481,362
12/28/2014,6.978,362
12/28/2014,6.37,362
12/28/2014,6.166,362
12/29/2014,5.552,363
12/29/2014,5.244,363
12/29/2014,4.623,363
12/29/2014,4.311,363
12/29/2014,3.998,363
12/29/2014,3.683,363
12/29/2014,3.261,363
12/29/2014,2.517,363
12/29/2014,3.683,363
12/29/2014,4.727,363
12/29/2014,5.86,363
12/29/2014,6.268,363
12/29/2014,7.582,363
12/29/2014,8.182,363
12/29/2014,6.064,363
12/29/2014,6.166,363
12/29/2014,3.049,363
12/29/2014,2.303,363
12/29/2014,1.98,363
12/29/2014,3.049,363
12/29/2014,3.893,363
12/29/2014,3.367,363
12/29/2014,2.837,363
12/29/2014,2.73,363
12/30/2014,2.195,364
12/30/2014,0.893,364
12/30/2014,0.674,364
12/30/2014,0.121,364
12/30/2014,0.01,364
12/30/2014,-0.774,364
12/30/2014,-1.001,364
12/30/2014,-1.341,364
12/30/2014,-1.114,364
12/30/2014,-0.887,364
12/30/2014,-0.437,364
12/30/2014,-0.102,364
12/30/2014,1.003,364
12/30/2014,-0.437,364
12/30/2014,-0.437,364
12/30/2014,-1.001,364
12/30/2014,-1.684,364
12/30/2014,-4.031,364
12/30/2014,-3.553,364
12/30/2014,-3.911,364
12/30/2014,-3.553,364
12/30/2014,-3.553,364
12/30/2014,-3.434,364
12/30/2014,-4.152,364
12/31/2014,-4.393,365
12/31/2014,-4.636,365
12/31/2014,-4.636,365
12/31/2014,-5.125,365
12/31/2014,-5.62,365
12/31/2014,-5.496,365
12/31/2014,-5.372,365
12/31/2014,-5.125,365
12/31/2014,-3.079,365
12/31/2014,-0.549,365
12/31/2014,2.195,365
12/31/2014,3.155,365
12/31/2014,1.33,365
12/31/2014,1.656,365
12/31/2014,1.98,365
12/31/2014,0.893,365
12/31/2014,-1.914,365
12/31/2014,-5.62,365
12/31/2014,-5.62,365
12/31/2014,-5.87,365
12/31/2014,-5.62,365
12/31/2014,-5.995,365
12/31/2014,-2.61,365
12/31/2014,-2.727,365
1/1/2015,-2.145,1
1/1/2015,-2.03,1
1/1/2015,-2.377,1
1/1/2015,-1.456,1
1/1/2015,-1.57,1
1/1/2015,-1.684,1
1/1/2015,-1.684,1
1/1/2015,-1.799,1
1/1/2015,-2.261,1
1/1/2015,1.33,1
1/1/2015,3.472,1
1/1/2015,4.311,1
1/1/2015,3.155,1
1/1/2015,4.727,1
1/1/2015,3.998,1
1/1/2015,2.73,1
1/1/2015,1.98,1
1/1/2015,2.303,1
1/1/2015,3.367,1
1/1/2015,4.207,1
1/1/2015,4.519,1
1/1/2015,5.037,1
1/1/2015,5.037,1
1/1/2015,4.831,1
1/2/2015,5.037,2
1/2/2015,4.102,2
1/2/2015,4.519,2
1/2/2015,4.102,2
1/2/2015,3.049,2
1/2/2015,1.872,2
1/2/2015,1.548,2
1/2/2015,1.439,2
1/2/2015,2.41,2
1/2/2015,6.37,2
1/2/2015,8.481,2
1/2/2015,9.176,2
1/2/2015,9.866,2
1/2/2015,10.161,2
1/2/2015,9.472,2
1/2/2015,9.669,2
1/2/2015,3.893,2
1/2/2015,1.872,2
1/2/2015,0.01,2
1/2/2015,1.221,2
1/2/2015,1.764,2
1/2/2015,1.33,2
1/2/2015,1.112,2
1/2/2015,1.221,2
1/3/2015,0.893,3
1/3/2015,0.453,3
1/3/2015,0.232,3
1/3/2015,0.01,3
1/3/2015,-0.549,3
1/3/2015,-1.114,3
1/3/2015,-0.887,3
1/3/2015,-1.114,3
1/3/2015,0.343,3
1/3/2015,0.893,3
1/3/2015,5.757,3
1/3/2015,5.347,3
1/3/2015,5.037,3
1/3/2015,2.73,3
1/3/2015,2.943,3
1/3/2015,2.73,3
1/3/2015,1.656,3
1/3/2015,0.563,3
1/3/2015,0.121,3
1/3/2015,1.003,3
1/3/2015,2.41,3
1/3/2015,3.578,3
1/3/2015,5.037,3
1/3/2015,6.166,3
1/4/2015,7.481,4
1/4/2015,8.082,4
1/4/2015,8.978,4
1/4/2015,9.472,4
1/4/2015,11.041,4
1/4/2015,11.916,4
1/4/2015,11.528,4
1/4/2015,11.916,4
1/4/2015,11.625,4
1/4/2015,11.236,4
1/4/2015,10.944,4
1/4/2015,11.819,4
1/4/2015,11.431,4
1/4/2015,11.041,4
1/4/2015,11.528,4
1/4/2015,11.236,4
1/4/2015,12.013,4
1/4/2015,11.916,4
1/4/2015,11.819,4
1/4/2015,11.334,4
1/4/2015,11.819,4
1/4/2015,11.528,4
1/4/2015,12.594,4
1/4/2015,11.139,4
1/5/2015,9.077,5
1/5/2015,8.978,5
1/5/2015,8.68,5
1/5/2015,7.481,5
1/5/2015,5.962,5
1/5/2015,4.415,5
1/5/2015,3.683,5
1/5/2015,2.624,5
1/5/2015,5.037,5
1/5/2015,7.882,5
1/5/2015,6.166,5
1/5/2015,5.347,5
1/5/2015,7.079,5
1/5/2015,7.079,5
1/5/2015,6.37,5
1/5/2015,4.727,5
1/5/2015,0.343,5
1/5/2015,-1.228,5
1/5/2015,-2.261,5
1/5/2015,-2.61,5
1/5/2015,-3.553,5
1/5/2015,-4.272,5
1/5/2015,-5.249,5
1/5/2015,-6.12,5
1/6/2015,-6.882,6
1/6/2015,-7.397,6
1/6/2015,-7.527,6
1/6/2015,-7.918,6
1/6/2015,-7.657,6
1/6/2015,-7.787,6
1/6/2015,-7.657,6
1/6/2015,-7.657,6
1/6/2015,-7.138,6
1/6/2015,-6.12,6
1/6/2015,-5.496,6
1/6/2015,-4.758,6
1/6/2015,-5.125,6
1/6/2015,-4.514,6
1/6/2015,-2.03,6
1/6/2015,-4.88,6
1/6/2015,-6.373,6
1/6/2015,-7.267,6
1/6/2015,-7.138,6
1/6/2015,-7.527,6
1/6/2015,-7.787,6
1/6/2015,-8.447,6
1/6/2015,-6.12,6
1/6/2015,-5.62,6
1/7/2015,-5.62,7
1/7/2015,-6.373,7
1/7/2015,-7.01,7
1/7/2015,-7.397,7
1/7/2015,-6.882,7
1/7/2015,-6.626,7
1/7/2015,-5.62,7
1/7/2015,-5.372,7
1/7/2015,-4.758,7
1/7/2015,-4.393,7
1/7/2015,-3.792,7
1/7/2015,-2.494,7
1/7/2015,0.01,7
1/7/2015,-1.57,7
1/7/2015,0.674,7
1/7/2015,-2.61,7
1/7/2015,-4.272,7
1/7/2015,-4.514,7
1/7/2015,-5.62,7
1/7/2015,-6.246,7
1/7/2015,-7.527,7
1/7/2015,-9.252,7
1/7/2015,-10.916,7
1/7/2015,-12.068,7
1/8/2015,-12.361,8
1/8/2015,-12.807,8
1/8/2015,-13.107,8
1/8/2015,-13.715,8
1/8/2015,-14.178,8
1/8/2015,-14.648,8
1/8/2015,-14.648,8
1/8/2015,-14.806,8
1/8/2015,-14.023,8
1/8/2015,-11.487,8
1/8/2015,-9.252,8
1/8/2015,-7.787,8
1/8/2015,-5.62,8
1/8/2015,-4.514,8
1/8/2015,-2.962,8
1/8/2015,-1.799,8
1/8/2015,-7.267,8
1/8/2015,-8.182,8
1/8/2015,-7.657,8
1/8/2015,-5.125,8
1/8/2015,-3.792,8
1/8/2015,-2.61,8
1/8/2015,-1.914,8
1/8/2015,-0.887,8
1/9/2015,0.121,9
1/9/2015,0.674,9
1/9/2015,1.112,9
1/9/2015,1.872,9
1/9/2015,2.837,9
1/9/2015,4.415,9
1/9/2015,5.45,9
1/9/2015,4.311,9
1/9/2015,6.573,9
1/9/2015,6.978,9
1/9/2015,7.582,9
1/9/2015,3.261,9
1/9/2015,1.439,9
1/9/2015,0.453,9
1/9/2015,-0.549,9
1/9/2015,0.01,9
1/9/2015,-0.213,9
1/9/2015,-1.456,9
1/9/2015,-2.494,9
1/9/2015,-2.844,9
1/9/2015,-3.079,9
1/9/2015,-3.197,9
1/9/2015,-3.079,9
1/9/2015,-2.145,9
1/10/2015,-1.684,10
1/10/2015,-1.914,10
1/10/2015,-1.914,10
1/10/2015,-2.844,10
1/10/2015,-3.792,10
1/10/2015,-3.553,10
1/10/2015,-3.792,10
1/10/2015,-5.372,10
1/10/2015,-5.249,10
1/10/2015,-1.57,10
1/10/2015,-0.102,10
1/10/2015,0.453,10
1/10/2015,0.784,10
1/10/2015,1.112,10
1/10/2015,1.548,10
1/10/2015,1.98,10
1/10/2015,-2.962,10
1/10/2015,-6.626,10
1/10/2015,-6.626,10
1/10/2015,-6.246,10
1/10/2015,-6.12,10
1/10/2015,-6.626,10
1/10/2015,-7.918,10
1/10/2015,-5.62,10
1/11/2015,-4.152,11
1/11/2015,-6.12,11
1/11/2015,-5.496,11
1/11/2015,-5.995,11
1/11/2015,-5.372,11
1/11/2015,-6.246,11
1/11/2015,-6.246,11
1/11/2015,-6.626,11
1/11/2015,-5.62,11
1/11/2015,-1.001,11
1/11/2015,0.343,11
1/11/2015,1.764,11
1/11/2015,2.624,11
1/11/2015,4.934,11
1/11/2015,4.311,11
1/11/2015,4.727,11
1/11/2015,1.221,11
1/11/2015,0.563,11
1/11/2015,1.872,11
1/11/2015,2.088,11
1/11/2015,3.472,11
1/11/2015,3.998,11
1/11/2015,4.623,11
1/11/2015,4.311,11
1/12/2015,4.207,12
1/12/2015,3.998,12
1/12/2015,3.472,12
1/12/2015,0.674,12
1/12/2015,0.343,12
1/12/2015,1.112,12
1/12/2015,1.439,12
1/12/2015,1.872,12
1/12/2015,3.683,12
1/12/2015,6.573,12
1/12/2015,7.381,12
1/12/2015,7.682,12
1/12/2015,8.978,12
1/12/2015,7.079,12
1/12/2015,6.166,12
1/12/2015,6.268,12
1/12/2015,5.962,12
1/12/2015,6.775,12
1/12/2015,6.573,12
1/12/2015,4.207,12
1/12/2015,3.155,12
1/12/2015,2.943,12
1/12/2015,2.73,12
1/12/2015,2.517,12
1/13/2015,2.195,13
1/13/2015,1.98,13
1/13/2015,1.112,13
1/13/2015,1.33,13
1/13/2015,1.112,13
1/13/2015,0.893,13
1/13/2015,0.893,13
1/13/2015,0.893,13
1/13/2015,-0.102,13
1/13/2015,0.232,13
1/13/2015,0.893,13
1/13/2015,0.453,13
1/13/2015,0.121,13
1/13/2015,1.003,13
1/13/2015,0.674,13
1/13/2015,0.343,13
1/13/2015,-3.434,13
1/13/2015,-3.672,13
1/13/2015,-3.553,13
1/13/2015,-3.434,13
1/13/2015,-3.434,13
1/13/2015,-2.844,13
1/13/2015,-2.727,13
1/13/2015,-2.61,13
1/14/2015,-2.377,14
1/14/2015,-2.377,14
1/14/2015,-1.799,14
1/14/2015,-1.799,14
1/14/2015,-1.456,14
1/14/2015,-1.341,14
1/14/2015,-0.887,14
1/14/2015,-0.437,14
1/14/2015,-0.102,14
1/14/2015,0.893,14
1/14/2015,1.221,14
1/14/2015,2.517,14
1/14/2015,1.872,14
1/14/2015,1.656,14
1/14/2015,1.98,14
1/14/2015,1.656,14
1/14/2015,1.548,14
1/14/2015,1.221,14
1/14/2015,1.221,14
1/14/2015,1.33,14
1/14/2015,1.439,14
1/14/2015,1.548,14
1/14/2015,1.439,14
1/14/2015,1.548,14
1/15/2015,1.656,15
1/15/2015,1.872,15
1/15/2015,2.088,15
1/15/2015,2.303,15
1/15/2015,2.303,15
1/15/2015,2.195,15
1/15/2015,2.195,15
1/15/2015,2.303,15
1/15/2015,2.303,15
1/15/2015,2.303,15
1/15/2015,2.303,15
1/15/2015,2.624,15
1/15/2015,1.98,15
1/15/2015,1.439,15
1/15/2015,0.893,15
1/15/2015,0.01,15
1/15/2015,-0.437,15
1/15/2015,-0.213,15
1/15/2015,-0.437,15
1/15/2015,-0.549,15
1/15/2015,-0.662,15
1/15/2015,-1.341,15
1/15/2015,-2.844,15
1/15/2015,-2.61,15
1/16/2015,-3.434,16
1/16/2015,-2.844,16
1/16/2015,-0.887,16
1/16/2015,-0.549,16
1/16/2015,-0.213,16
1/16/2015,-0.213,16
1/16/2015,0.453,16
1/16/2015,1.221,16
1/16/2015,1.439,16
1/16/2015,3.788,16
1/16/2015,5.347,16
1/16/2015,5.347,16
1/16/2015,6.166,16
1/16/2015,7.381,16
1/16/2015,7.882,16
1/16/2015,8.182,16
1/16/2015,2.41,16
1/16/2015,1.112,16
1/16/2015,-0.325,16
1/16/2015,-2.03,16
1/16/2015,-2.844,16
1/16/2015,-3.672,16
1/16/2015,-4.758,16
1/16/2015,-6.12,16
1/17/2015,-6.626,17
1/17/2015,-7.267,17
1/17/2015,-7.787,17
1/17/2015,-8.314,17
1/17/2015,-8.847,17
1/17/2015,-9.525,17
1/17/2015,-9.525,17
1/17/2015,-9.662,17
1/17/2015,-8.847,17
1/17/2015,-7.267,17
1/17/2015,-5.003,17
1/17/2015,-4.514,17
1/17/2015,-2.727,17
1/17/2015,-1.228,17
1/17/2015,0.01,17
1/17/2015,0.784,17
1/17/2015,-2.962,17
1/17/2015,-10.634,17
1/17/2015,-11.776,17
1/17/2015,-11.922,17
1/17/2015,-12.068,17
1/17/2015,-7.527,17
1/17/2015,-4.758,17
1/17/2015,-3.792,17
1/18/2015,-2.494,18
1/18/2015,0.01,18
1/18/2015,1.221,18
1/18/2015,2.088,18
1/18/2015,2.837,18
1/18/2015,3.472,18
1/18/2015,3.893,18
1/18/2015,4.519,18
1/18/2015,5.86,18
1/18/2015,8.382,18
1/18/2015,9.275,18
1/18/2015,11.334,18
1/18/2015,12.401,18
1/18/2015,13.75,18
1/18/2015,13.654,18
1/18/2015,9.571,18
1/18/2015,8.382,18
1/18/2015,8.581,18
1/18/2015,8.879,18
1/18/2015,8.68,18
1/18/2015,9.077,18
1/18/2015,9.176,18
1/18/2015,8.68,18
1/18/2015,6.775,18
1/19/2015,6.978,19
1/19/2015,5.86,19
1/19/2015,5.037,19
1/19/2015,5.037,19
1/19/2015,4.623,19
1/19/2015,4.102,19
1/19/2015,3.261,19
1/19/2015,1.764,19
1/19/2015,3.261,19
1/19/2015,5.757,19
1/19/2015,8.382,19
1/19/2015,7.28,19
1/19/2015,7.782,19
1/19/2015,8.581,19
1/19/2015,8.779,19
1/19/2015,8.282,19
1/19/2015,5.655,19
1/19/2015,1.98,19
1/19/2015,1.003,19
1/19/2015,0.232,19
1/19/2015,0.893,19
1/19/2015,1.003,19
1/19/2015,0.784,19
1/19/2015,1.003,19
1/20/2015,0.674,20
1/20/2015,0.453,20
1/20/2015,0.343,20
1/20/2015,0.121,20
1/20/2015,-0.774,20
1/20/2015,0.01,20
1/20/2015,0.453,20
1/20/2015,0.343,20
1/20/2015,1.112,20
1/20/2015,3.049,20
1/20/2015,3.998,20
1/20/2015,3.893,20
1/20/2015,6.064,20
1/20/2015,6.268,20
1/20/2015,6.268,20
1/20/2015,3.367,20
1/20/2015,2.088,20
1/20/2015,0.784,20
1/20/2015,1.221,20
1/20/2015,1.221,20
1/20/2015,1.221,20
1/20/2015,0.893,20
1/20/2015,1.003,20
1/20/2015,0.232,20
1/21/2015,-0.662,21
1/21/2015,-1.799,21
1/21/2015,-2.261,21
1/21/2015,-2.494,21
1/21/2015,-2.844,21
1/21/2015,-3.197,21
1/21/2015,-3.553,21
1/21/2015,-3.672,21
1/21/2015,-2.261,21
1/21/2015,-0.549,21
1/21/2015,3.049,21
1/21/2015,3.155,21
1/21/2015,5.552,21
1/21/2015,4.623,21
1/21/2015,3.683,21
1/21/2015,8.082,21
1/21/2015,3.472,21
1/21/2015,-1.914,21
1/21/2015,-1.456,21
1/21/2015,0.232,21
1/21/2015,1.98,21
1/21/2015,2.088,21
1/21/2015,2.195,21
1/21/2015,0.674,21
1/22/2015,0.232,22
1/22/2015,0.232,22
1/22/2015,0.343,22
1/22/2015,0.563,22
1/22/2015,0.893,22
1/22/2015,1.003,22
1/22/2015,0.563,22
1/22/2015,0.232,22
1/22/2015,2.088,22
1/22/2015,2.41,22
1/22/2015,3.998,22
1/22/2015,4.311,22
1/22/2015,6.471,22
1/22/2015,5.86,22
1/22/2015,4.102,22
1/22/2015,3.472,22
1/22/2015,2.303,22
1/22/2015,1.656,22
1/22/2015,0.784,22
1/22/2015,-0.774,22
1/22/2015,-1.799,22
1/22/2015,-4.272,22
1/22/2015,-5.125,22
1/22/2015,-2.844,22
1/23/2015,-1.001,23
1/23/2015,-1.228,23
1/23/2015,-1.001,23
1/23/2015,-1.456,23
1/23/2015,-1.799,23
1/23/2015,-2.261,23
1/23/2015,-2.962,23
1/23/2015,-3.316,23
1/23/2015,-2.61,23
1/23/2015,0.121,23
1/23/2015,3.049,23
1/23/2015,3.472,23
1/23/2015,5.552,23
1/23/2015,5.037,23
1/23/2015,5.45,23
1/23/2015,5.141,23
1/23/2015,2.624,23
1/23/2015,-0.102,23
1/23/2015,0.674,23
1/23/2015,1.764,23
1/23/2015,2.41,23
1/23/2015,1.98,23
1/23/2015,1.656,23
1/23/2015,1.98,23
1/24/2015,2.73,24
1/24/2015,2.73,24
1/24/2015,2.943,24
1/24/2015,3.155,24
1/24/2015,3.367,24
1/24/2015,1.872,24
1/24/2015,0.893,24
1/24/2015,0.893,24
1/24/2015,1.112,24
1/24/2015,2.41,24
1/24/2015,2.837,24
1/24/2015,3.367,24
1/24/2015,4.311,24
1/24/2015,5.347,24
1/24/2015,4.415,24
1/24/2015,3.367,24
1/24/2015,3.155,24
1/24/2015,3.049,24
1/24/2015,3.155,24
1/24/2015,2.73,24
1/24/2015,1.112,24
1/24/2015,0.343,24
1/24/2015,0.893,24
1/24/2015,0.121,24
1/25/2015,-0.437,25
1/25/2015,-0.213,25
1/25/2015,0.563,25
1/25/2015,0.232,25
1/25/2015,-0.437,25
1/25/2015,0.453,25
1/25/2015,0.784,25
1/25/2015,1.221,25
1/25/2015,1.98,25
1/25/2015,4.831,25
1/25/2015,6.674,25
1/25/2015,7.28,25
1/25/2015,8.082,25
1/25/2015,9.472,25
1/25/2015,10.357,25
1/25/2015,10.357,25
1/25/2015,5.244,25
1/25/2015,0.453,25
1/25/2015,-0.102,25
1/25/2015,-1.114,25
1/25/2015,-1.001,25
1/25/2015,-1.001,25
1/25/2015,-1.57,25
1/25/2015,-1.684,25
1/26/2015,-2.03,26
1/26/2015,-2.727,26
1/26/2015,-3.316,26
1/26/2015,-3.553,26
1/26/2015,-3.079,26
1/26/2015,-2.727,26
1/26/2015,-1.914,26
1/26/2015,-0.887,26
1/26/2015,-0.102,26
1/26/2015,0.121,26
1/26/2015,0.893,26
1/26/2015,0.784,26
1/26/2015,0.343,26
1/26/2015,0.343,26
1/26/2015,0.121,26
1/26/2015,0.01,26
1/26/2015,-0.102,26
1/26/2015,0.121,26
1/26/2015,0.121,26
1/26/2015,0.121,26
1/26/2015,0.121,26
1/26/2015,0.121,26
1/26/2015,0.121,26
1/26/2015,0.121,26
1/27/2015,0.121,27
1/27/2015,0.121,27
1/27/2015,0.121,27
1/27/2015,0.121,27
1/27/2015,0.121,27
1/27/2015,0.01,27
1/27/2015,0.01,27
1/27/2015,0.01,27
1/27/2015,0.121,27
1/27/2015,-0.213,27
1/27/2015,-1.341,27
1/27/2015,-1.114,27
1/27/2015,-1.341,27
1/27/2015,-1.914,27
1/27/2015,-2.494,27
1/27/2015,-3.434,27
1/27/2015,-4.636,27
1/27/2015,-6.12,27
1/27/2015,-6.246,27
1/27/2015,-5.87,27
1/27/2015,-5.62,27
1/27/2015,-6.246,27
1/27/2015,-7.01,27
1/27/2015,-7.397,27
1/28/2015,-7.527,28
1/28/2015,-7.787,28
1/28/2015,-7.918,28
1/28/2015,-8.05,28
1/28/2015,-8.182,28
1/28/2015,-7.918,28
1/28/2015,-8.05,28
1/28/2015,-7.918,28
1/28/2015,-7.267,28
1/28/2015,-5.87,28
1/28/2015,-4.758,28
1/28/2015,-2.494,28
1/28/2015,-1.341,28
1/28/2015,1.112,28
1/28/2015,-2.03,28
1/28/2015,-3.911,28
1/28/2015,-4.758,28
1/28/2015,-5.496,28
1/28/2015,-5.62,28
1/28/2015,-5.125,28
1/28/2015,-5.125,28
1/28/2015,-5.003,28
1/28/2015,-4.272,28
1/28/2015,-3.911,28
1/29/2015,-3.792,29
1/29/2015,-3.672,29
1/29/2015,-3.792,29
1/29/2015,-4.152,29
1/29/2015,-4.272,29
1/29/2015,-5.125,29
1/29/2015,-4.514,29
1/29/2015,-4.031,29
1/29/2015,-3.079,29
1/29/2015,-0.437,29
1/29/2015,1.656,29
1/29/2015,3.472,29
1/29/2015,5.347,29
1/29/2015,8.182,29
1/29/2015,9.373,29
1/29/2015,9.472,29
1/29/2015,3.998,29
1/29/2015,-2.727,29
1/29/2015,-5.995,29
1/29/2015,-6.246,29
1/29/2015,-4.758,29
1/29/2015,-3.792,29
1/29/2015,-3.434,29
1/29/2015,-2.261,29
1/30/2015,-2.377,30
1/30/2015,-1.341,30
1/30/2015,-0.887,30
1/30/2015,0.453,30
1/30/2015,1.221,30
1/30/2015,1.656,30
1/30/2015,1.98,30
1/30/2015,2.195,30
1/30/2015,2.195,30
1/30/2015,3.049,30
1/30/2015,5.655,30
1/30/2015,6.268,30
1/30/2015,5.552,30
1/30/2015,4.831,30
1/30/2015,3.578,30
1/30/2015,1.439,30
1/30/2015,1.221,30
1/30/2015,0.893,30
1/30/2015,0.784,30
1/30/2015,0.453,30
1/30/2015,0.343,30
1/30/2015,0.343,30
1/30/2015,-0.437,30
1/30/2015,-1.228,30
1/31/2015,-2.494,31
1/31/2015,-3.434,31
1/31/2015,-4.88,31
1/31/2015,-5.87,31
1/31/2015,-6.882,31
1/31/2015,-7.397,31
1/31/2015,-7.657,31
1/31/2015,-7.918,31
1/31/2015,-7.527,31
1/31/2015,-5.745,31
1/31/2015,-3.434,31
1/31/2015,-1.228,31
1/31/2015,-0.102,31
1/31/2015,1.33,31
1/31/2015,0.453,31
1/31/2015,0.343,31
1/31/2015,-2.844,31
1/31/2015,-5.372,31
1/31/2015,-5.87,31
1/31/2015,-6.626,31
1/31/2015,-6.754,31
1/31/2015,-7.138,31
1/31/2015,-7.397,31
1/31/2015,-7.527,31
2/1/2015,-7.657,32
2/1/2015,-7.787,32
2/1/2015,-7.918,32
2/1/2015,-7.527,32
2/1/2015,-7.397,32
2/1/2015,-7.138,32
2/1/2015,-6.754,32
2/1/2015,-5.995,32
2/1/2015,-4.031,32
2/1/2015,-1.456,32
2/1/2015,1.98,32
2/1/2015,3.472,32
2/1/2015,4.102,32
2/1/2015,6.268,32
2/1/2015,6.37,32
2/1/2015,5.962,32
2/1/2015,1.872,32
2/1/2015,-3.079,32
2/1/2015,-3.672,32
2/1/2015,-2.962,32
2/1/2015,-3.911,32
2/1/2015,-3.316,32
2/1/2015,-3.316,32
2/1/2015,-2.261,32
2/2/2015,-2.494,33
2/2/2015,-2.377,33
2/2/2015,-2.261,33
2/2/2015,-2.727,33
2/2/2015,-2.494,33
2/2/2015,-2.03,33
2/2/2015,-1.684,33
2/2/2015,-0.887,33
2/2/2015,0.232,33
2/2/2015,1.112,33
2/2/2015,3.155,33
2/2/2015,6.37,33
2/2/2015,6.978,33
2/2/2015,7.381,33
2/2/2015,5.655,33
2/2/2015,3.472,33
2/2/2015,2.088,33
2/2/2015,1.003,33
2/2/2015,0.01,33
2/2/2015,-1.228,33
2/2/2015,-1.684,33
2/2/2015,-3.911,33
2/2/2015,-6.754,33
2/2/2015,-7.657,33
2/3/2015,-7.657,34
2/3/2015,-7.267,34
2/3/2015,-7.787,34
2/3/2015,-8.05,34
2/3/2015,-8.713,34
2/3/2015,-9.525,34
2/3/2015,-9.937,34
2/3/2015,-10.214,34
2/3/2015,-7.787,34
2/3/2015,-6.882,34
2/3/2015,-4.031,34
2/3/2015,-3.434,34
2/3/2015,-0.662,34
2/3/2015,0.784,34
2/3/2015,1.221,34
2/3/2015,1.548,34
2/3/2015,-1.799,34
2/3/2015,-5.995,34
2/3/2015,-6.373,34
2/3/2015,-6.373,34
2/3/2015,-6.12,34
2/3/2015,-6.246,34
2/3/2015,-6.882,34
2/3/2015,-6.246,34
2/4/2015,-7.01,35
2/4/2015,-7.657,35
2/4/2015,-7.527,35
2/4/2015,-8.314,35
2/4/2015,-9.662,35
2/4/2015,-10.774,35
2/4/2015,-8.847,35
2/4/2015,-6.626,35
2/4/2015,-1.57,35
2/4/2015,0.232,35
2/4/2015,2.41,35
2/4/2015,3.155,35
2/4/2015,6.268,35
2/4/2015,6.877,35
2/4/2015,4.415,35
2/4/2015,4.415,35
2/4/2015,3.155,35
2/4/2015,2.41,35
2/4/2015,2.303,35
2/4/2015,2.73,35
2/4/2015,2.195,35
2/4/2015,1.656,35
2/4/2015,2.088,35
2/4/2015,1.764,35
2/5/2015,1.112,36
2/5/2015,0.893,36
2/5/2015,1.003,36
2/5/2015,1.548,36
2/5/2015,-0.437,36
2/5/2015,0.343,36
2/5/2015,1.439,36
2/5/2015,3.893,36
2/5/2015,3.367,36
2/5/2015,3.049,36
2/5/2015,2.73,36
2/5/2015,2.41,36
2/5/2015,0.563,36
2/5/2015,-1.228,36
2/5/2015,-2.261,36
2/5/2015,-3.079,36
2/5/2015,-4.031,36
2/5/2015,-4.636,36
2/5/2015,-4.88,36
2/5/2015,-5.496,36
2/5/2015,-6.882,36
2/5/2015,-8.182,36
2/5/2015,-8.713,36
2/5/2015,-9.525,36
2/6/2015,-10.214,37
2/6/2015,-11.058,37
2/6/2015,-11.776,37
2/6/2015,-12.214,37
2/6/2015,-12.509,37
2/6/2015,-12.509,37
2/6/2015,-12.658,37
2/6/2015,-12.361,37
2/6/2015,-8.182,37
2/6/2015,-5.372,37
2/6/2015,-4.88,37
2/6/2015,-2.962,37
2/6/2015,-1.341,37
2/6/2015,-0.774,37
2/6/2015,-1.684,37
2/6/2015,-3.079,37
2/6/2015,-2.962,37
2/6/2015,-5.496,37
2/6/2015,-7.267,37
2/6/2015,-7.397,37
2/6/2015,-7.787,37
2/6/2015,-6.626,37
2/6/2015,-6.626,37
2/6/2015,-6.499,37
2/7/2015,-5.87,38
2/7/2015,-5.125,38
2/7/2015,-5.003,38
2/7/2015,-5.125,38
2/7/2015,-5.496,38
2/7/2015,-4.393,38
2/7/2015,-4.152,38
2/7/2015,-3.672,38
2/7/2015,-1.684,38
2/7/2015,1.764,38
2/7/2015,3.261,38
2/7/2015,4.415,38
2/7/2015,4.519,38
2/7/2015,3.578,38
2/7/2015,2.943,38
2/7/2015,0.121,38
2/7/2015,0.232,38
2/7/2015,-0.213,38
2/7/2015,-0.437,38
2/7/2015,-0.213,38
2/7/2015,0.01,38
2/7/2015,-0.437,38
2/7/2015,-0.549,38
2/7/2015,-0.437,38
2/8/2015,-0.549,39
2/8/2015,-0.437,39
2/8/2015,-1.001,39
2/8/2015,-0.774,39
2/8/2015,-0.662,39
2/8/2015,-0.662,39
2/8/2015,-0.549,39
2/8/2015,-0.325,39
2/8/2015,0.453,39
2/8/2015,1.221,39
2/8/2015,3.472,39
2/8/2015,4.831,39
2/8/2015,2.943,39
2/8/2015,3.261,39
2/8/2015,5.962,39
2/8/2015,2.41,39
2/8/2015,1.439,39
2/8/2015,1.439,39
2/8/2015,1.221,39
2/8/2015,1.548,39
2/8/2015,1.33,39
2/8/2015,0.893,39
2/8/2015,0.784,39
2/8/2015,0.784,39
2/9/2015,0.893,40
2/9/2015,0.893,40
2/9/2015,1.656,40
2/9/2015,1.439,40
2/9/2015,1.439,40
2/9/2015,1.439,40
2/9/2015,1.656,40
2/9/2015,1.656,40
2/9/2015,1.764,40
2/9/2015,1.872,40
2/9/2015,1.872,40
2/9/2015,1.656,40
2/9/2015,1.98,40
2/9/2015,2.088,40
2/9/2015,1.98,40
2/9/2015,1.98,40
2/9/2015,1.872,40
2/9/2015,1.656,40
2/9/2015,1.764,40
2/9/2015,1.764,40
2/9/2015,1.764,40
2/9/2015,1.764,40
2/9/2015,1.764,40
2/9/2015,1.656,40
2/10/2015,1.656,41
2/10/2015,1.656,41
2/10/2015,1.33,41
2/10/2015,1.221,41
2/10/2015,1.221,41
2/10/2015,1.003,41
2/10/2015,0.893,41
2/10/2015,0.784,41
2/10/2015,1.764,41
2/10/2015,1.656,41
2/10/2015,2.195,41
2/10/2015,2.837,41
2/10/2015,3.472,41
2/10/2015,2.195,41
2/10/2015,1.872,41
2/10/2015,1.656,41
2/10/2015,1.439,41
2/10/2015,1.33,41
2/10/2015,1.33,41
2/10/2015,1.33,41
2/10/2015,1.221,41
2/10/2015,1.221,41
2/10/2015,1.112,41
2/10/2015,1.112,41
2/11/2015,0.784,42
2/11/2015,0.453,42
2/11/2015,0.453,42
2/11/2015,0.232,42
2/11/2015,0.01,42
2/11/2015,-0.437,42
2/11/2015,-0.662,42
2/11/2015,-1.114,42
2/11/2015,-0.774,42
2/11/2015,-0.549,42
2/11/2015,0.121,42
2/11/2015,0.01,42
2/11/2015,-0.213,42
2/11/2015,0.121,42
2/11/2015,1.656,42
2/11/2015,0.674,42
2/11/2015,-0.325,42
2/11/2015,-1.001,42
2/11/2015,-1.341,42
2/11/2015,-1.228,42
2/11/2015,-1.001,42
2/11/2015,-0.774,42
2/11/2015,-1.001,42
2/11/2015,-1.114,42
2/12/2015,-1.228,43
2/12/2015,-1.228,43
2/12/2015,-2.61,43
2/12/2015,-2.962,43
2/12/2015,-3.197,43
2/12/2015,-3.079,43
2/12/2015,-2.962,43
2/12/2015,-2.844,43
2/12/2015,0.01,43
2/12/2015,1.656,43
2/12/2015,0.563,43
2/12/2015,1.33,43
2/12/2015,1.003,43
2/12/2015,1.221,43
2/12/2015,1.003,43
2/12/2015,1.656,43
2/12/2015,0.893,43
2/12/2015,0.674,43
2/12/2015,1.003,43
2/12/2015,0.232,43
2/12/2015,-0.102,43
2/12/2015,-1.114,43
2/12/2015,-1.799,43
2/12/2015,-2.145,43
2/13/2015,-2.61,44
2/13/2015,-3.672,44
2/13/2015,-4.393,44
2/13/2015,-4.88,44
2/13/2015,-6.882,44
2/13/2015,-7.657,44
2/13/2015,-8.713,44
2/13/2015,-8.713,44
2/13/2015,-8.314,44
2/13/2015,-5.745,44
2/13/2015,-5.249,44
2/13/2015,-4.88,44
2/13/2015,-3.672,44
2/13/2015,-2.494,44
2/13/2015,-1.114,44
2/13/2015,-0.662,44
2/13/2015,-2.377,44
2/13/2015,-8.314,44
2/13/2015,-9.937,44
2/13/2015,-9.799,44
2/13/2015,-8.982,44
2/13/2015,-9.252,44
2/13/2015,-9.799,44
2/13/2015,-9.937,44
2/14/2015,-10.075,45
2/14/2015,-10.634,45
2/14/2015,-10.493,45
2/14/2015,-11.487,45
2/14/2015,-12.509,45
2/14/2015,-14.023,45
2/14/2015,-15.446,45
2/14/2015,-11.631,45
2/14/2015,-5.125,45
2/14/2015,-0.102,45
2/14/2015,0.674,45
2/14/2015,0.563,45
2/14/2015,2.837,45
2/14/2015,2.41,45
2/14/2015,1.548,45
2/14/2015,-0.774,45
2/14/2015,-1.456,45
2/14/2015,-1.114,45
2/14/2015,-0.662,45
2/14/2015,-0.102,45
2/14/2015,0.01,45
2/14/2015,0.01,45
2/14/2015,-0.213,45
2/14/2015,-1.914,45
2/15/2015,-2.494,46
2/15/2015,-2.145,46
2/15/2015,-2.377,46
2/15/2015,-2.145,46
2/15/2015,-3.079,46
2/15/2015,-5.372,46
2/15/2015,-5.003,46
2/15/2015,-4.031,46
2/15/2015,-1.57,46
2/15/2015,-0.549,46
2/15/2015,-1.684,46
2/15/2015,-2.377,46
2/15/2015,-2.61,46
2/15/2015,-2.962,46
2/15/2015,-3.553,46
2/15/2015,-4.514,46
2/15/2015,-5.87,46
2/15/2015,-7.138,46
2/15/2015,-8.847,46
2/15/2015,-10.075,46
2/15/2015,-10.214,46
2/15/2015,-10.774,46
2/15/2015,-11.631,46
2/15/2015,-13.107,46
2/16/2015,-14.49,47
2/16/2015,-15.608,47
2/16/2015,-15.934,47
2/16/2015,-16.597,47
2/16/2015,-16.597,47
2/16/2015,-16.43,47
2/16/2015,-16.264,47
2/16/2015,-14.648,47
2/16/2015,-9.117,47
2/16/2015,-6.499,47
2/16/2015,-7.267,47
2/16/2015,-6.246,47
2/16/2015,-3.672,47
2/16/2015,-3.079,47
2/16/2015,-0.887,47
2/16/2015,-1.001,47
2/16/2015,-5.62,47
2/16/2015,-8.182,47
2/16/2015,-9.252,47
2/16/2015,-9.388,47
2/16/2015,-8.982,47
2/16/2015,-8.182,47
2/16/2015,-8.05,47
2/16/2015,-8.447,47
2/17/2015,-8.713,48
2/17/2015,-8.847,48
2/17/2015,-9.252,48
2/17/2015,-9.117,48
2/17/2015,-8.847,48
2/17/2015,-8.58,48
2/17/2015,-8.847,48
2/17/2015,-8.58,48
2/17/2015,-7.397,48
2/17/2015,-5.62,48
2/17/2015,-3.316,48
2/17/2015,-1.684,48
2/17/2015,0.232,48
2/17/2015,-0.774,48
2/17/2015,-1.001,48
2/17/2015,-1.456,48
2/17/2015,-1.456,48
2/17/2015,-2.03,48
2/17/2015,-2.494,48
2/17/2015,-2.377,48
2/17/2015,-2.261,48
2/17/2015,-2.261,48
2/17/2015,-2.03,48
2/17/2015,-2.261,48
2/18/2015,-3.079,49
2/18/2015,-3.553,49
2/18/2015,-3.079,49
2/18/2015,-3.079,49
2/18/2015,-3.079,49
2/18/2015,-2.844,49
2/18/2015,-2.377,49
2/18/2015,-2.494,49
2/18/2015,-1.684,49
2/18/2015,3.367,49
2/18/2015,4.727,49
2/18/2015,5.244,49
2/18/2015,5.45,49
2/18/2015,5.552,49
2/18/2015,5.86,49
2/18/2015,3.472,49
2/18/2015,1.656,49
2/18/2015,0.784,49
2/18/2015,-0.549,49
2/18/2015,-1.456,49
2/18/2015,-2.494,49
2/18/2015,-3.553,49
2/18/2015,-2.145,49
2/18/2015,-1.684,49
2/19/2015,-0.662,50
2/19/2015,-0.549,50
2/19/2015,-0.662,50
2/19/2015,-2.494,50
2/19/2015,-2.844,50
2/19/2015,-3.316,50
2/19/2015,-6.499,50
2/19/2015,-4.88,50
2/19/2015,2.73,50
2/19/2015,6.978,50
2/19/2015,4.207,50
2/19/2015,0.343,50
2/19/2015,1.872,50
2/19/2015,-2.962,50
2/19/2015,1.221,50
2/19/2015,-0.774,50
2/19/2015,-3.792,50
2/19/2015,-6.246,50
2/19/2015,-7.138,50
2/19/2015,-7.787,50
2/19/2015,-8.847,50
2/19/2015,-9.937,50
2/19/2015,-10.774,50
2/19/2015,-11.344,50
2/20/2015,-11.776,51
2/20/2015,-11.922,51
2/20/2015,-12.068,51
2/20/2015,-12.658,51
2/20/2015,-12.956,51
2/20/2015,-13.107,51
2/20/2015,-13.409,51
2/20/2015,-12.361,51
2/20/2015,-8.182,51
2/20/2015,-10.214,51
2/20/2015,-7.397,51
2/20/2015,-6.499,51
2/20/2015,-4.636,51
2/20/2015,-2.962,51
2/20/2015,-1.001,51
2/20/2015,-0.549,51
2/20/2015,-2.727,51
2/20/2015,-6.882,51
2/20/2015,-8.314,51
2/20/2015,-8.847,51
2/20/2015,-8.982,51
2/20/2015,-9.117,51
2/20/2015,-9.525,51
2/20/2015,-9.662,51
2/21/2015,-9.799,52
2/21/2015,-10.214,52
2/21/2015,-10.774,52
2/21/2015,-11.631,52
2/21/2015,-14.806,52
2/21/2015,-17.618,52
2/21/2015,-18.142,52
2/21/2015,-14.49,52
2/21/2015,0.121,52
2/21/2015,4.831,52
2/21/2015,3.472,52
2/21/2015,6.471,52
2/21/2015,5.45,52
2/21/2015,4.623,52
2/21/2015,3.472,52
2/21/2015,2.088,52
2/21/2015,1.003,52
2/21/2015,0.893,52
2/21/2015,1.764,52
2/21/2015,1.98,52
2/21/2015,1.548,52
2/21/2015,1.764,52
2/21/2015,1.98,52
2/21/2015,2.195,52
2/22/2015,3.261,53
2/22/2015,3.367,53
2/22/2015,4.102,53
2/22/2015,4.311,53
2/22/2015,3.472,53
2/22/2015,2.624,53
2/22/2015,2.195,53
2/22/2015,1.872,53
2/22/2015,2.195,53
2/22/2015,2.517,53
2/22/2015,2.195,53
2/22/2015,2.73,53
2/22/2015,2.624,53
2/22/2015,3.049,53
2/22/2015,4.102,53
2/22/2015,2.303,53
2/22/2015,3.049,53
2/22/2015,0.563,53
2/22/2015,0.01,53
2/22/2015,-0.102,53
2/22/2015,-0.213,53
2/22/2015,-0.325,53
2/22/2015,-0.325,53
2/22/2015,-0.325,53
2/23/2015,-0.887,54
2/23/2015,-0.887,54
2/23/2015,-0.662,54
2/23/2015,-0.774,54
2/23/2015,-0.887,54
2/23/2015,-0.774,54
2/23/2015,-1.228,54
2/23/2015,-1.57,54
2/23/2015,-0.549,54
2/23/2015,0.563,54
2/23/2015,3.472,54
2/23/2015,1.656,54
2/23/2015,2.943,54
2/23/2015,0.343,54
2/23/2015,-2.03,54
2/23/2015,-2.844,54
2/23/2015,-4.272,54
2/23/2015,-5.372,54
2/23/2015,-6.246,54
2/23/2015,-6.882,54
2/23/2015,-7.918,54
2/23/2015,-8.982,54
2/23/2015,-10.075,54
2/23/2015,-10.774,54
2/24/2015,-11.631,55
2/24/2015,-12.214,55
2/24/2015,-12.807,55
2/24/2015,-13.562,55
2/24/2015,-14.178,55
2/24/2015,-14.334,55
2/24/2015,-14.334,55
2/24/2015,-8.847,55
2/24/2015,-6.373,55
2/24/2015,-1.001,55
2/24/2015,-3.911,55
2/24/2015,-2.377,55
2/24/2015,-0.774,55
2/24/2015,-1.228,55
2/24/2015,-0.102,55
2/24/2015,-1.228,55
2/24/2015,-1.684,55
2/24/2015,-8.182,55
2/24/2015,-8.982,55
2/24/2015,-8.182,55
2/24/2015,-6.499,55
2/24/2015,-4.393,55
2/24/2015,-3.792,55
2/24/2015,-1.684,55
2/25/2015,-0.662,56
2/25/2015,-0.102,56
2/25/2015,0.121,56
2/25/2015,-0.102,56
2/25/2015,0.01,56
2/25/2015,-0.774,56
2/25/2015,-1.341,56
2/25/2015,-2.844,56
2/25/2015,2.73,56
2/25/2015,6.471,56
2/25/2015,3.472,56
2/25/2015,3.472,56
2/25/2015,6.166,56
2/25/2015,5.655,56
2/25/2015,6.573,56
2/25/2015,6.37,56
2/25/2015,4.727,56
2/25/2015,-0.774,56
2/25/2015,-2.377,56
2/25/2015,-2.377,56
2/25/2015,-2.844,56
2/25/2015,-3.079,56
2/25/2015,-3.911,56
2/25/2015,-5.249,56
2/26/2015,-3.672,57
2/26/2015,-2.844,57
2/26/2015,-3.553,57
2/26/2015,-4.152,57
2/26/2015,-4.514,57
2/26/2015,-4.272,57
2/26/2015,-4.152,57
2/26/2015,-3.672,57
2/26/2015,-2.962,57
2/26/2015,-2.145,57
2/26/2015,-1.57,57
2/26/2015,-1.341,57
2/26/2015,0.343,57
2/26/2015,-0.325,57
2/26/2015,0.453,57
2/26/2015,0.01,57
2/26/2015,-0.662,57
2/26/2015,-1.914,57
2/26/2015,-2.727,57
2/26/2015,-3.316,57
2/26/2015,-3.553,57
2/26/2015,-4.031,57
2/26/2015,-4.514,57
2/26/2015,-5.003,57
2/27/2015,-4.636,58
2/27/2015,-5.125,58
2/27/2015,-5.372,58
2/27/2015,-5.372,58
2/27/2015,-5.995,58
2/27/2015,-6.499,58
2/27/2015,-6.882,58
2/27/2015,-1.228,58
2/27/2015,1.98,58
2/27/2015,4.519,58
2/27/2015,2.195,58
2/27/2015,3.998,58
2/27/2015,4.519,58
2/27/2015,6.573,58
2/27/2015,9.571,58
2/27/2015,7.481,58
2/27/2015,0.893,58
2/27/2015,-2.962,58
2/27/2015,-7.657,58
2/27/2015,-7.138,58
2/27/2015,-8.182,58
2/27/2015,-9.117,58
2/27/2015,-9.799,58
2/27/2015,-5.372,58
2/28/2015,-5.745,59
2/28/2015,-6.626,59
2/28/2015,-6.882,59
2/28/2015,-7.01,59
2/28/2015,-7.527,59
2/28/2015,-7.918,59
2/28/2015,-8.447,59
2/28/2015,-2.261,59
2/28/2015,1.221,59
2/28/2015,4.415,59
2/28/2015,1.764,59
2/28/2015,3.472,59
2/28/2015,5.655,59
2/28/2015,6.674,59
2/28/2015,9.472,59
2/28/2015,6.268,59
2/28/2015,3.683,59
2/28/2015,-3.672,59
2/28/2015,-8.847,59
2/28/2015,-8.447,59
2/28/2015,-9.525,59
2/28/2015,-10.075,59
2/28/2015,-9.937,59
2/28/2015,-10.493,59
3/1/2015,-9.388,60
3/1/2015,-11.344,60
3/1/2015,-12.956,60
3/1/2015,-15.608,60
3/1/2015,-14.49,60
3/1/2015,-15.446,60
3/1/2015,-16.934,60
3/1/2015,-4.514,60
3/1/2015,4.519,60
3/1/2015,5.86,60
3/1/2015,5.757,60
3/1/2015,7.179,60
3/1/2015,5.037,60
3/1/2015,3.155,60
3/1/2015,2.517,60
3/1/2015,0.563,60
3/1/2015,-0.102,60
3/1/2015,-1.001,60
3/1/2015,-1.341,60
3/1/2015,-1.001,60
3/1/2015,-0.549,60
3/1/2015,0.343,60
3/1/2015,0.563,60
3/1/2015,1.003,60
3/2/2015,0.784,61
3/2/2015,0.674,61
3/2/2015,1.439,61
3/2/2015,0.893,61
3/2/2015,-0.102,61
3/2/2015,-0.325,61
3/2/2015,-0.549,61
3/2/2015,-0.549,61
3/2/2015,0.784,61
3/2/2015,0.121,61
3/2/2015,1.872,61
3/2/2015,5.45,61
3/2/2015,7.582,61
3/2/2015,8.282,61
3/2/2015,9.866,61
3/2/2015,9.571,61
3/2/2015,7.381,61
3/2/2015,1.221,61
3/2/2015,-1.341,61
3/2/2015,-1.914,61
3/2/2015,-2.03,61
3/2/2015,-2.494,61
3/2/2015,-2.844,61
3/2/2015,-3.197,61
3/3/2015,-4.152,62
3/3/2015,-4.031,62
3/3/2015,-3.792,62
3/3/2015,-4.272,62
3/3/2015,-4.758,62
3/3/2015,-5.125,62
3/3/2015,-5.249,62
3/3/2015,2.195,62
3/3/2015,5.552,62
3/3/2015,5.86,62
3/3/2015,4.102,62
3/3/2015,5.244,62
3/3/2015,7.28,62
3/3/2015,6.573,62
3/3/2015,4.934,62
3/3/2015,1.439,62
3/3/2015,-1.228,62
3/3/2015,-2.727,62
3/3/2015,-2.727,62
3/3/2015,-2.261,62
3/3/2015,-1.684,62
3/3/2015,-0.662,62
3/3/2015,0.232,62
3/3/2015,0.674,62
3/4/2015,1.764,63
3/4/2015,2.517,63
3/4/2015,3.049,63
3/4/2015,4.102,63
3/4/2015,3.578,63
3/4/2015,2.195,63
3/4/2015,1.656,63
3/4/2015,1.439,63
3/4/2015,1.872,63
3/4/2015,2.088,63
3/4/2015,2.943,63
3/4/2015,3.788,63
3/4/2015,3.998,63
3/4/2015,4.207,63
3/4/2015,4.311,63
3/4/2015,5.347,63
3/4/2015,3.049,63
3/4/2015,2.088,63
3/4/2015,1.764,63
3/4/2015,1.98,63
3/4/2015,1.33,63
3/4/2015,1.656,63
3/4/2015,1.221,63
3/4/2015,1.33,63
3/5/2015,1.439,64
3/5/2015,1.98,64
3/5/2015,1.872,64
3/5/2015,1.221,64
3/5/2015,1.112,64
3/5/2015,0.784,64
3/5/2015,0.121,64
3/5/2015,0.01,64
3/5/2015,0.232,64
3/5/2015,0.563,64
3/5/2015,0.674,64
3/5/2015,-0.325,64
3/5/2015,0.232,64
3/5/2015,-1.001,64
3/5/2015,-1.57,64
3/5/2015,-1.684,64
3/5/2015,-3.316,64
3/5/2015,-4.152,64
3/5/2015,-4.636,64
3/5/2015,-4.758,64
3/5/2015,-4.636,64
3/5/2015,-5.249,64
3/5/2015,-5.62,64
3/5/2015,-5.87,64
3/6/2015,-5.995,65
3/6/2015,-6.12,65
3/6/2015,-6.246,65
3/6/2015,-7.138,65
3/6/2015,-7.527,65
3/6/2015,-8.447,65
3/6/2015,-8.713,65
3/6/2015,-2.494,65
3/6/2015,2.195,65
3/6/2015,3.472,65
3/6/2015,2.943,65
3/6/2015,3.893,65
3/6/2015,5.552,65
3/6/2015,7.179,65
3/6/2015,8.581,65
3/6/2015,9.373,65
3/6/2015,6.471,65
3/6/2015,-1.228,65
3/6/2015,-9.937,65
3/6/2015,-12.361,65
3/6/2015,-13.562,65
3/6/2015,-9.388,65
3/6/2015,-8.182,65
3/6/2015,-7.657,65
3/7/2015,-6.754,66
3/7/2015,-6.626,66
3/7/2015,-6.499,66
3/7/2015,-7.657,66
3/7/2015,-8.847,66
3/7/2015,-11.058,66
3/7/2015,-8.713,66
3/7/2015,0.563,66
3/7/2015,7.381,66
3/7/2015,5.141,66
3/7/2015,3.472,66
3/7/2015,4.207,66
3/7/2015,5.347,66
3/7/2015,6.166,66
3/7/2015,8.282,66
3/7/2015,7.782,66
3/7/2015,3.155,66
3/7/2015,1.003,66
3/7/2015,-0.213,66
3/7/2015,0.121,66
3/7/2015,0.453,66
3/7/2015,0.563,66
3/7/2015,0.01,66
3/7/2015,0.453,66
3/8/2015,0.674,67
3/8/2015,0.121,67
NA,0.01,NA
3/8/2015,-1.228,67
3/8/2015,-2.494,67
3/8/2015,-3.197,67
3/8/2015,-4.152,67
3/8/2015,0.563,67
3/8/2015,11.236,67
3/8/2015,3.998,67
3/8/2015,8.481,67
3/8/2015,10.063,67
3/8/2015,10.161,67
3/8/2015,8.481,67
3/8/2015,7.079,67
3/8/2015,9.077,67
3/8/2015,9.472,67
3/8/2015,3.578,67
3/8/2015,-1.001,67
3/8/2015,-1.228,67
3/8/2015,-0.774,67
3/8/2015,-1.341,67
3/8/2015,-2.03,67
3/8/2015,-2.261,67
3/9/2015,-2.494,68
3/9/2015,-4.514,68
3/9/2015,-4.636,68
3/9/2015,-6.373,68
3/9/2015,-6.246,68
3/9/2015,-4.514,68
3/9/2015,-2.844,68
3/9/2015,1.221,68
3/9/2015,5.141,68
3/9/2015,10.063,68
3/9/2015,8.581,68
3/9/2015,8.978,68
3/9/2015,9.669,68
3/9/2015,9.965,68
3/9/2015,11.431,68
3/9/2015,10.846,68
3/9/2015,11.236,68
3/9/2015,5.655,68
3/9/2015,0.453,68
3/9/2015,-1.001,68
3/9/2015,-0.437,68
3/9/2015,-0.887,68
3/9/2015,-2.145,68
3/9/2015,-0.662,68
3/10/2015,-1.001,69
3/10/2015,-2.727,69
3/10/2015,-1.456,69
3/10/2015,-2.03,69
3/10/2015,-2.494,69
3/10/2015,-2.61,69
3/10/2015,-1.228,69
3/10/2015,1.872,69
3/10/2015,15.951,69
3/10/2015,14.996,69
3/10/2015,12.207,69
3/10/2015,12.69,69
3/10/2015,13.846,69
3/10/2015,13.173,69
3/10/2015,14.421,69
3/10/2015,10.161,69
3/10/2015,6.573,69
3/10/2015,5.244,69
3/10/2015,4.727,69
3/10/2015,4.415,69
3/10/2015,4.207,69
3/10/2015,4.415,69
3/10/2015,4.519,69
3/10/2015,4.415,69
3/11/2015,4.519,70
3/11/2015,4.934,70
3/11/2015,6.064,70
3/11/2015,5.141,70
3/11/2015,4.623,70
3/11/2015,3.893,70
3/11/2015,3.578,70
3/11/2015,3.893,70
3/11/2015,5.244,70
3/11/2015,6.674,70
3/11/2015,7.381,70
3/11/2015,9.176,70
3/11/2015,10.748,70
3/11/2015,8.282,70
3/11/2015,7.28,70
3/11/2015,11.722,70
3/11/2015,7.381,70
3/11/2015,5.45,70
3/11/2015,2.837,70
3/11/2015,2.624,70
3/11/2015,2.088,70
3/11/2015,1.221,70
3/11/2015,1.764,70
3/11/2015,1.548,70
3/12/2015,0.893,71
3/12/2015,2.088,71
3/12/2015,1.656,71
3/12/2015,2.195,71
3/12/2015,2.088,71
3/12/2015,2.088,71
3/12/2015,2.837,71
3/12/2015,3.155,71
3/12/2015,10.063,71
3/12/2015,8.481,71
3/12/2015,6.268,71
3/12/2015,6.775,71
3/12/2015,7.079,71
3/12/2015,8.382,71
3/12/2015,9.768,71
3/12/2015,10.651,71
3/12/2015,8.581,71
3/12/2015,2.837,71
3/12/2015,-0.102,71
3/12/2015,-0.102,71
3/12/2015,-0.437,71
3/12/2015,-0.774,71
3/12/2015,-1.001,71
3/12/2015,-1.228,71
3/13/2015,-1.456,72
3/13/2015,-1.914,72
3/13/2015,-2.494,72
3/13/2015,-2.844,72
3/13/2015,-3.434,72
3/13/2015,-3.792,72
3/13/2015,-3.792,72
3/13/2015,1.764,72
3/13/2015,6.268,72
3/13/2015,6.775,72
3/13/2015,4.727,72
3/13/2015,6.166,72
3/13/2015,8.182,72
3/13/2015,8.282,72
3/13/2015,9.866,72
3/13/2015,8.182,72
3/13/2015,5.655,72
3/13/2015,0.674,72
3/13/2015,-1.57,72
3/13/2015,-1.684,72
3/13/2015,-0.437,72
3/13/2015,-0.213,72
3/13/2015,-0.102,72
3/13/2015,0.121,72
3/14/2015,0.121,73
3/14/2015,0.674,73
3/14/2015,0.784,73
3/14/2015,1.98,73
3/14/2015,2.41,73
3/14/2015,2.73,73
3/14/2015,3.472,73
3/14/2015,3.788,73
3/14/2015,4.934,73
3/14/2015,5.655,73
3/14/2015,5.86,73
3/14/2015,6.268,73
3/14/2015,6.978,73
3/14/2015,6.674,73
3/14/2015,7.381,73
3/14/2015,7.28,73
3/14/2015,6.978,73
3/14/2015,6.877,73
3/14/2015,7.983,73
3/14/2015,7.179,73
3/14/2015,6.166,73
3/14/2015,4.934,73
3/14/2015,4.623,73
3/14/2015,3.998,73
3/15/2015,3.155,74
3/15/2015,2.73,74
3/15/2015,2.517,74
3/15/2015,2.517,74
3/15/2015,1.98,74
3/15/2015,1.003,74
3/15/2015,2.303,74
3/15/2015,8.082,74
3/15/2015,3.472,74
3/15/2015,4.311,74
3/15/2015,5.347,74
3/15/2015,6.471,74
3/15/2015,7.983,74
3/15/2015,4.727,74
3/15/2015,4.727,74
3/15/2015,5.347,74
3/15/2015,3.578,74
3/15/2015,0.343,74
3/15/2015,-0.887,74
3/15/2015,-1.114,74
3/15/2015,-1.228,74
3/15/2015,-1.341,74
3/15/2015,-1.114,74
3/15/2015,-0.662,74
3/16/2015,-0.549,75
3/16/2015,-1.114,75
3/16/2015,-1.57,75
3/16/2015,-1.57,75
3/16/2015,-2.494,75
3/16/2015,-2.494,75
3/16/2015,-2.145,75
3/16/2015,4.311,75
3/16/2015,6.471,75
3/16/2015,6.877,75
3/16/2015,4.934,75
3/16/2015,6.573,75
3/16/2015,8.182,75
3/16/2015,9.768,75
3/16/2015,10.259,75
3/16/2015,9.669,75
3/16/2015,5.037,75
3/16/2015,3.893,75
3/16/2015,0.343,75
3/16/2015,-0.437,75
3/16/2015,0.674,75
3/16/2015,0.453,75
3/16/2015,-0.102,75
3/16/2015,0.674,75
3/17/2015,0.674,76
3/17/2015,1.003,76
3/17/2015,0.893,76
3/17/2015,1.98,76
3/17/2015,2.624,76
3/17/2015,2.837,76
3/17/2015,3.155,76
3/17/2015,3.472,76
3/17/2015,4.311,76
3/17/2015,4.727,76
3/17/2015,4.415,76
3/17/2015,5.244,76
3/17/2015,5.655,76
3/17/2015,6.674,76
3/17/2015,8.581,76
3/17/2015,6.471,76
3/17/2015,10.846,76
3/17/2015,7.682,76
3/17/2015,3.788,76
3/17/2015,2.837,76
3/17/2015,0.453,76
3/17/2015,-0.437,76
3/17/2015,-0.887,76
3/17/2015,-1.114,76
3/18/2015,-1.684,77
3/18/2015,-2.03,77
3/18/2015,-1.914,77
3/18/2015,-2.03,77
3/18/2015,-2.61,77
3/18/2015,-2.962,77
3/18/2015,-2.844,77
3/18/2015,4.831,77
3/18/2015,5.45,77
3/18/2015,6.37,77
3/18/2015,3.788,77
3/18/2015,4.934,77
3/18/2015,5.757,77
3/18/2015,5.141,77
3/18/2015,7.481,77
3/18/2015,7.983,77
3/18/2015,4.519,77
3/18/2015,1.764,77
3/18/2015,-1.914,77
3/18/2015,-2.494,77
3/18/2015,-3.079,77
3/18/2015,-3.672,77
3/18/2015,-4.272,77
3/18/2015,-4.88,77
3/19/2015,-4.88,78
3/19/2015,-5.125,78
3/19/2015,-5.372,78
3/19/2015,-5.496,78
3/19/2015,-5.745,78
3/19/2015,-5.87,78
3/19/2015,-5.745,78
3/19/2015,1.98,78
3/19/2015,3.998,78
3/19/2015,5.244,78
3/19/2015,2.517,78
3/19/2015,3.367,78
3/19/2015,5.141,78
3/19/2015,6.166,78
3/19/2015,9.571,78
3/19/2015,9.965,78
3/19/2015,7.481,78
3/19/2015,2.73,78
3/19/2015,-1.228,78
3/19/2015,-1.114,78
3/19/2015,-1.57,78
3/19/2015,-1.684,78
3/19/2015,-1.57,78
3/19/2015,-2.261,78
3/20/2015,-2.145,79
3/20/2015,-2.377,79
3/20/2015,-2.844,79
3/20/2015,-3.553,79
3/20/2015,-4.393,79
3/20/2015,-4.88,79
3/20/2015,-3.792,79
3/20/2015,-0.325,79
3/20/2015,2.41,79
3/20/2015,6.064,79
3/20/2015,4.727,79
3/20/2015,5.141,79
3/20/2015,7.481,79
3/20/2015,5.962,79
3/20/2015,3.893,79
3/20/2015,2.088,79
3/20/2015,0.674,79
3/20/2015,-1.001,79
3/20/2015,-2.261,79
3/20/2015,-2.494,79
3/20/2015,-2.61,79
3/20/2015,-2.377,79
3/20/2015,-1.914,79
3/20/2015,-1.114,79
3/21/2015,-0.774,80
3/21/2015,-0.325,80
3/21/2015,0.121,80
3/21/2015,0.343,80
3/21/2015,0.674,80
3/21/2015,0.893,80
3/21/2015,1.112,80
3/21/2015,1.439,80
3/21/2015,1.764,80
3/21/2015,1.98,80
3/21/2015,2.195,80
3/21/2015,1.656,80
3/21/2015,2.73,80
3/21/2015,8.481,80
3/21/2015,8.978,80
3/21/2015,5.552,80
3/21/2015,4.727,80
3/21/2015,2.837,80
3/21/2015,1.548,80
3/21/2015,1.112,80
3/21/2015,1.003,80
3/21/2015,0.674,80
3/21/2015,1.112,80
3/21/2015,1.33,80
3/22/2015,1.33,81
3/22/2015,1.112,81
3/22/2015,0.453,81
3/22/2015,0.343,81
3/22/2015,-0.437,81
3/22/2015,-0.549,81
3/22/2015,0.232,81
3/22/2015,8.282,81
3/22/2015,8.382,81
3/22/2015,9.373,81
3/22/2015,5.655,81
3/22/2015,6.471,81
3/22/2015,6.978,81
3/22/2015,8.481,81
3/22/2015,11.528,81
3/22/2015,9.866,81
3/22/2015,8.68,81
3/22/2015,3.367,81
3/22/2015,-1.684,81
3/22/2015,-2.261,81
3/22/2015,-2.261,81
3/22/2015,-2.61,81
3/22/2015,-3.197,81
3/22/2015,-4.272,81
3/23/2015,-5.003,82
3/23/2015,-5.62,82
3/23/2015,-6.373,82
3/23/2015,-6.373,82
3/23/2015,-6.626,82
3/23/2015,-7.138,82
3/23/2015,-6.499,82
3/23/2015,3.893,82
3/23/2015,4.102,82
3/23/2015,7.079,82
3/23/2015,3.472,82
3/23/2015,4.623,82
3/23/2015,5.757,82
3/23/2015,6.064,82
3/23/2015,8.68,82
3/23/2015,9.669,82
3/23/2015,9.176,82
3/23/2015,3.578,82
3/23/2015,-2.61,82
3/23/2015,-2.494,82
3/23/2015,-2.494,82
3/23/2015,-2.727,82
3/23/2015,-2.377,82
3/23/2015,-2.377,82
3/24/2015,-2.261,83
3/24/2015,-2.727,83
3/24/2015,-2.962,83
3/24/2015,-2.61,83
3/24/2015,-2.377,83
3/24/2015,-2.962,83
3/24/2015,-2.377,83
3/24/2015,-0.549,83
3/24/2015,5.037,83
3/24/2015,4.623,83
3/24/2015,7.481,83
3/24/2015,7.882,83
3/24/2015,8.779,83
3/24/2015,8.68,83
3/24/2015,10.553,83
3/24/2015,10.748,83
3/24/2015,3.261,83
3/24/2015,3.367,83
3/24/2015,-3.197,83
3/24/2015,-5.372,83
3/24/2015,-7.01,83
3/24/2015,-7.787,83
3/24/2015,-6.499,83
3/24/2015,-4.272,83
3/25/2015,-2.377,84
3/25/2015,-2.145,84
3/25/2015,-2.377,84
3/25/2015,-1.799,84
3/25/2015,-2.145,84
3/25/2015,-2.145,84
3/25/2015,-1.114,84
3/25/2015,12.594,84
3/25/2015,14.134,84
3/25/2015,15.664,84
3/25/2015,11.139,84
3/25/2015,10.944,84
3/25/2015,11.528,84
3/25/2015,12.497,84
3/25/2015,14.23,84
3/25/2015,9.077,84
3/25/2015,5.962,84
3/25/2015,4.311,84
3/25/2015,1.221,84
3/25/2015,2.195,84
3/25/2015,2.943,84
3/25/2015,3.261,84
3/25/2015,3.261,84
3/25/2015,3.578,84
3/26/2015,4.311,85
3/26/2015,4.727,85
3/26/2015,5.655,85
3/26/2015,6.268,85
3/26/2015,6.166,85
3/26/2015,6.978,85
3/26/2015,6.573,85
3/26/2015,7.682,85
3/26/2015,7.481,85
3/26/2015,9.077,85
3/26/2015,8.581,85
3/26/2015,6.978,85
3/26/2015,7.079,85
3/26/2015,8.382,85
3/26/2015,8.68,85
3/26/2015,9.472,85
3/26/2015,9.866,85
3/26/2015,8.68,85
3/26/2015,8.182,85
3/26/2015,7.983,85
3/26/2015,8.082,85
3/26/2015,8.182,85
3/26/2015,8.182,85
3/26/2015,9.275,85
3/27/2015,8.481,86
3/27/2015,7.582,86
3/27/2015,5.347,86
3/27/2015,4.934,86
3/27/2015,3.893,86
3/27/2015,3.367,86
3/27/2015,3.261,86
3/27/2015,3.261,86
3/27/2015,3.367,86
3/27/2015,3.893,86
3/27/2015,4.519,86
3/27/2015,4.415,86
3/27/2015,4.831,86
3/27/2015,4.623,86
3/27/2015,5.244,86
3/27/2015,4.311,86
3/27/2015,3.893,86
3/27/2015,3.049,86
3/27/2015,2.73,86
3/27/2015,2.41,86
3/27/2015,2.41,86
3/27/2015,2.517,86
3/27/2015,2.517,86
3/27/2015,2.41,86
3/28/2015,2.41,87
3/28/2015,2.41,87
3/28/2015,2.73,87
3/28/2015,2.517,87
3/28/2015,2.624,87
3/28/2015,2.517,87
3/28/2015,2.517,87
3/28/2015,3.155,87
3/28/2015,3.998,87
3/28/2015,3.578,87
3/28/2015,3.049,87
3/28/2015,3.472,87
3/28/2015,3.578,87
3/28/2015,3.155,87
3/28/2015,3.155,87
3/28/2015,2.195,87
3/28/2015,2.943,87
3/28/2015,1.764,87
3/28/2015,0.784,87
3/28/2015,0.784,87
3/28/2015,0.784,87
3/28/2015,1.003,87
3/28/2015,0.893,87
3/28/2015,0.453,87
3/29/2015,0.674,88
3/29/2015,0.674,88
3/29/2015,0.01,88
3/29/2015,-0.549,88
3/29/2015,-1.001,88
3/29/2015,-0.887,88
3/29/2015,-0.437,88
3/29/2015,4.415,88
3/29/2015,7.782,88
3/29/2015,8.082,88
3/29/2015,7.782,88
3/29/2015,8.581,88
3/29/2015,8.879,88
3/29/2015,9.768,88
3/29/2015,11.334,88
3/29/2015,11.722,88
3/29/2015,11.334,88
3/29/2015,5.45,88
3/29/2015,-2.494,88
3/29/2015,-5.496,88
3/29/2015,-2.145,88
3/29/2015,-3.079,88
3/29/2015,-2.61,88
3/29/2015,-2.261,88
3/30/2015,-1.57,89
3/30/2015,-0.662,89
3/30/2015,-0.549,89
3/30/2015,-0.102,89
3/30/2015,0.01,89
3/30/2015,0.232,89
3/30/2015,1.764,89
3/30/2015,5.757,89
3/30/2015,7.179,89
3/30/2015,6.573,89
3/30/2015,5.655,89
3/30/2015,6.471,89
3/30/2015,15.569,89
3/30/2015,18.616,89
3/30/2015,NA,89
3/30/2015,NA,89
3/30/2015,NA,89
